Protocol,Flow Duration,Tot Fwd Pkts,Tot Bwd Pkts,TotLen Fwd Pkts,TotLen Bwd Pkts,Fwd Pkt Len Max,Fwd Pkt Len Min,Fwd Pkt Len Mean,Fwd Pkt Len Std,Bwd Pkt Len Max,Bwd Pkt Len Min,Bwd Pkt Len Mean,Bwd Pkt Len Std,Flow Pkts/s,Flow IAT Std,Flow IAT Max,Fwd IAT Tot,Fwd IAT Std,Fwd IAT Max,Bwd IAT Tot,Bwd IAT Std,Bwd IAT Max,Fwd PSH Flags,Fwd Header Len,Bwd Header Len,Fwd Pkts/s,Bwd Pkts/s,Pkt Len Min,Pkt Len Max,Pkt Len Mean,Pkt Len Std,Pkt Len Var,SYN Flag Cnt,ACK Flag Cnt,Pkt Size Avg,Fwd Seg Size Avg,Bwd Seg Size Avg,Subflow Fwd Pkts,Subflow Fwd Byts,Subflow Bwd Pkts,Subflow Bwd Byts,Init Fwd Win Byts,Init Bwd Win Byts,Fwd Act Data Pkts,Fwd Seg Size Min,Label
17,223,1,1,42.0,106.0,42.0,42.0,42.0,0.0,106.0,106.0,106.0,0.0,8968.609865470851,0.0,223.0,0.0,0.0,0.0,0.0,0.0,0.0,0,8,8,4484.304932735426,4484.304932735426,42.0,106.0,63.33333333333333,36.95041722813605,1365.3333333333333,0,0,95.0,42.0,106.0,1,42,1,106,-1,-1,0,8,0
6,41,2,0,0.0,0.0,0.0,0.0,0.0,0.0,0.0,0.0,0.0,0.0,48780.487804878045,0.0,41.0,41.0,0.0,41.0,0.0,0.0,0.0,0,40,0,48780.487804878045,0.0,0.0,0.0,0.0,0.0,0.0,0,0,0.0,0.0,0.0,2,0,0,0,0,-1,0,20,0
17,1584,1,1,32.0,121.0,32.0,32.0,32.0,0.0,121.0,121.0,121.0,0.0,1262.626263,0.0,1584.0,0.0,0.0,0.0,0.0,0.0,0.0,0,8,8,631.3131313,631.3131313,32.0,121.0,61.66666667,51.38417396,2640.333333,0,0,92.5,32.0,121.0,1,32,1,121,-1,-1,0,8,0
6,3705423,10,11,1832.0,2754.0,661.0,0.0,183.2,260.1545694,1173.0,0.0,250.3636364,464.0491941,5.667369151,175294.273,619080.0,3705423.0,277388.9152,836699.0,3532027.0,152769.9574,619107.0,0,212,256,2.698747215,2.968621936,0.0,1173.0,208.4545455,367.2090007,134842.4502,0,0,218.3809524,183.2,250.3636364,10,1832,11,2754,8192,62872,7,20,0
6,97,2,0,0.0,0.0,0.0,0.0,0.0,0.0,0.0,0.0,0.0,0.0,20618.556701030928,0.0,97.0,97.0,0.0,97.0,0.0,0.0,0.0,0,40,0,20618.556701030928,0.0,0.0,0.0,0.0,0.0,0.0,0,1,0.0,0.0,0.0,2,0,0,0,278,-1,0,20,0
6,1324,5,2,935.0,316.0,935.0,0.0,187.0,418.1447118,316.0,0.0,158.0,223.4457429,5287.009063,318.2738862,832.0,1324.0,515.6788406,1093.0,832.0,0.0,832.0,0,124,40,3776.435045,1510.574018,0.0,935.0,156.375,333.4786082,111207.9821,0,0,178.7142857,187.0,158.0,5,935,2,316,65535,32768,1,20,0
6,1687971,8,7,1128.0,1581.0,661.0,0.0,141.0,222.6233206,1173.0,0.0,225.8571429,430.0986044,8.886408594,245491.2637,953135.0,1687971.0,390629.9035,1121684.0,1579239.0,338756.3075,953135.0,0,172,152,4.739417917,4.146990677,0.0,1173.0,169.3125,317.731274,100953.1625,0,0,180.6,141.0,225.8571429,8,1128,7,1581,8192,62872,5,20,0
6,67075,3,0,0.0,0.0,0.0,0.0,0.0,0.0,0.0,0.0,0.0,0.0,44.72605293,12205.37015,42168.0,67075.0,12205.37015,42168.0,0.0,0.0,0.0,0,96,0,44.72605293,0.0,0.0,0.0,0.0,0.0,0.0,0,1,0.0,0.0,0.0,3,0,0,0,225,-1,0,32,1
17,208,1,1,50.0,66.0,50.0,50.0,50.0,0.0,66.0,66.0,66.0,0.0,9615.384615384615,0.0,208.0,0.0,0.0,0.0,0.0,0.0,0.0,0,8,8,4807.692307692308,4807.692307692308,50.0,66.0,55.333333333333336,9.237604307034012,85.33333333333333,0,0,83.0,50.0,66.0,1,50,1,66,-1,-1,0,8,0
17,1815,1,1,49.0,164.0,49.0,49.0,49.0,0.0,164.0,164.0,164.0,0.0,1101.9283746556473,0.0,1815.0,0.0,0.0,0.0,0.0,0.0,0.0,0,8,8,550.9641873278237,550.9641873278237,49.0,164.0,87.33333333333334,66.39528095680697,4408.333333333334,0,0,131.0,49.0,164.0,1,49,1,164,-1,-1,0,8,0
17,333,1,1,43.0,59.0,43.0,43.0,43.0,0.0,59.0,59.0,59.0,0.0,6006.006006006006,0.0,333.0,0.0,0.0,0.0,0.0,0.0,0.0,0,8,8,3003.003003003003,3003.003003003003,43.0,59.0,48.333333333333336,9.237604307034012,85.33333333333333,0,0,72.5,43.0,59.0,1,43,1,59,-1,-1,0,8,0
6,477504,5,4,286.0,170.0,103.0,0.0,57.2,52.48523601928451,131.0,0.0,42.5,61.7980582219215,18.84800965018094,82170.00143257009,159816.0,477433.0,79468.28174131279,159971.0,477474.0,632.5669924996087,159887.0,0,112,92,10.471116472322745,8.376893177858197,0.0,131.0,45.6,52.98469380658699,2807.3777777777777,0,0,50.66666666666666,57.2,42.5,5,286,4,170,8192,0,3,20,0
6,4481654,5,3,935.0,354.0,935.0,0.0,187.0,418.1447118,354.0,0.0,118.0,204.3819953,1.78505525,1674428.675,4437351.0,4481654.0,2211361.689,4437358.0,38593.0,26930.16176,38339.0,0,168,104,1.115659531,0.669395719,0.0,935.0,143.2222222,319.1644473,101865.9444,0,1,161.125,187.0,118.0,5,935,3,354,237,211,1,32,0
6,700,3,4,161.0,488.0,161.0,0.0,53.66666666666666,92.95339333952974,488.0,0.0,122.0,244.0,10000.0,91.18260067944249,239.0,372.0,111.72287142747452,265.0,461.0,144.5763927248613,287.0,0,72,92,4285.714285714285,5714.285714285715,0.0,488.0,81.125,173.78758586274222,30202.125,0,0,92.71428571428572,53.66666666666666,122.0,3,161,4,488,8192,149,1,20,0
6,73021908,20,20,3184.0,4422.0,1001.0,0.0,159.2,304.1043103590401,1410.0,0.0,221.1,418.296910415506,0.5477808112053166,9587962.081486562,58889411.0,73021908.0,13641009.73795356,58889411.0,60231970.0,13499411.005199753,58912198.0,0,412,412,0.2738904056026583,0.2738904056026583,0.0,1410.0,185.5121951219513,358.9977104349846,128879.35609756105,0,0,190.15,159.2,221.1,20,3184,20,4422,8192,147,9,20,0
6,5531596,4,4,97.0,231.0,97.0,0.0,24.25,48.5,231.0,0.0,57.75,115.5,1.4462372161669073,2063474.072681554,5469462.0,62134.0,35564.80897366571,61778.0,5531410.0,3193007.6623027907,5530771.0,0,92,92,0.7231186080834536,0.7231186080834536,0.0,231.0,36.44444444444444,79.6996096463325,6352.027777777778,0,0,41.0,24.25,57.75,4,97,4,231,8192,141,1,20,0
6,3558,2,0,0.0,0.0,0.0,0.0,0.0,0.0,0.0,0.0,0.0,0.0,562.1135469,0.0,3558.0,3558.0,0.0,3558.0,0.0,0.0,0.0,0,64,0,562.1135469,0.0,0.0,0.0,0.0,0.0,0.0,0,1,0.0,0.0,0.0,2,0,0,0,225,-1,0,32,1
6,18049830,2,0,0.0,0.0,0.0,0.0,0.0,0.0,0.0,0.0,0.0,0.0,0.1108043676865654,0.0,18049830.0,18049830.0,0.0,18049830.0,0.0,0.0,0.0,0,40,0,0.1108043676865654,0.0,0.0,0.0,0.0,0.0,0.0,0,1,0.0,0.0,0.0,2,0,0,0,256,-1,0,20,0
6,16335,5,2,935.0,313.0,935.0,0.0,187.0,418.1447118,313.0,0.0,156.5,221.3244225,428.5277013,6371.332004,15725.0,16335.0,7992.758655,16072.0,15725.0,0.0,15725.0,0,124,40,306.0912152,122.4364861,0.0,935.0,156.0,333.2750901,111072.2857,0,0,178.2857143,187.0,156.5,5,935,2,313,65535,32768,1,20,0
6,2218696,8,7,1148.0,1581.0,677.0,0.0,143.5,228.12966237897004,1173.0,0.0,225.8571428571429,430.0986044197418,6.760727923068325,248600.20570151412,953159.0,2218696.0,397459.9748384975,1201579.0,2020740.0,302566.3314309773,953159.0,0,172,152,3.605721558969773,3.1550063640985515,0.0,1173.0,170.56250000000003,319.4332415909987,102037.59583333335,0,0,181.9333333333333,143.5,225.8571428571429,8,1148,7,1581,8192,62852,5,20,0
6,2,1,1,0.0,0.0,0.0,0.0,0.0,0.0,0.0,0.0,0.0,0.0,1000000.0,0.0,2.0,0.0,0.0,0.0,0.0,0.0,0.0,0,40,20,500000.0,500000.0,0.0,0.0,0.0,0.0,0.0,0,0,0.0,0.0,0.0,1,0,1,0,26883,0,0,40,1
17,1576356,3,0,150.0,0.0,50.0,50.0,50.0,0.0,0.0,0.0,0.0,0.0,1.9031234061,9827.3700449306,795127.0,1576356.0,9827.3700449306,795127.0,0.0,0.0,0.0,0,24,0,1.9031234061,0.0,50.0,50.0,50.0,0.0,0.0,0,0,66.6666666667,50.0,0.0,3,150,0,0,-1,-1,2,8,0
6,50,2,0,0.0,0.0,0.0,0.0,0.0,0.0,0.0,0.0,0.0,0.0,40000.0,0.0,50.0,50.0,0.0,50.0,0.0,0.0,0.0,0,40,0,40000.0,0.0,0.0,0.0,0.0,0.0,0.0,0,1,0.0,0.0,0.0,2,0,0,0,256,-1,0,20,0
17,12773,1,1,61.0,122.0,61.0,61.0,61.0,0.0,122.0,122.0,122.0,0.0,156.5802865419,0.0,12773.0,0.0,0.0,0.0,0.0,0.0,0.0,0,8,8,78.290143271,78.290143271,61.0,122.0,81.3333333333,35.2183664206,1240.3333333333,0,0,122.0,61.0,122.0,1,61,1,122,-1,-1,0,8,0
6,10193,3,4,266.0,935.0,266.0,0.0,88.66666667,153.5751716,935.0,0.0,233.75,467.5,686.7458059,3668.67308,9168.0,9495.0,6251.531052,9168.0,10186.0,5289.213206,9491.0,0,72,92,294.3196311,392.4261748,0.0,935.0,150.125,330.5149391,109240.125,0,0,171.5714286,88.66666667,233.75,3,266,4,935,65535,219,1,20,1
6,46576,3,4,437.0,860.0,437.0,0.0,145.6666666667,252.3020676359,860.0,0.0,215.0,430.0,150.2919958777,11859.721913547,23081.0,23231.0,16213.2513858263,23080.0,23511.0,13346.0944099763,23247.0,0,72,92,64.4108553762,85.8811405015,0.0,860.0,162.125,320.7787121099,102898.982142857,0,0,185.2857142857,145.6666666667,215.0,3,437,4,860,8192,31,1,20,0
6,4357,2,0,0.0,0.0,0.0,0.0,0.0,0.0,0.0,0.0,0.0,0.0,459.0314437,0.0,4357.0,4357.0,0.0,4357.0,0.0,0.0,0.0,0,40,0,459.0314437,0.0,0.0,0.0,0.0,0.0,0.0,0,1,0.0,0.0,0.0,2,0,0,0,32738,-1,0,20,1
6,10314,2,0,0.0,0.0,0.0,0.0,0.0,0.0,0.0,0.0,0.0,0.0,193.9111887,0.0,10314.0,10314.0,0.0,10314.0,0.0,0.0,0.0,0,64,0,193.9111887,0.0,0.0,0.0,0.0,0.0,0.0,0,1,0.0,0.0,0.0,2,0,0,0,225,-1,0,32,1
17,444,1,1,44.0,172.0,44.0,44.0,44.0,0.0,172.0,172.0,172.0,0.0,4504.504504504504,0.0,444.0,0.0,0.0,0.0,0.0,0.0,0.0,0,8,8,2252.252252252252,2252.252252252252,44.0,172.0,86.66666666666666,73.9008344562721,5461.333333333333,0,0,130.0,44.0,172.0,1,44,1,172,-1,-1,0,8,0
6,116351531,16,16,1252.0,5095.0,602.0,0.0,78.25,153.5840704,1430.0,0.0,318.4375,502.4101868,0.275028611,14500000.0,58000000.0,116000000.0,20400000.0,58000000.0,116000000.0,20400000.0,58100000.0,0,332,332,0.137514306,0.137514306,0.0,1430.0,192.3333333,380.7775488,144991.5417,0,0,198.34375,78.25,318.4375,16,1252,16,5095,8192,181,8,20,0
6,2182903,8,7,1128.0,1581.0,661.0,0.0,141.0,222.62332056,1173.0,0.0,225.8571428571,430.0986044197,6.8715833915,247920.800080189,953522.0,2182903.0,401937.346210291,1207933.0,1988372.0,306395.650376872,953522.0,0,172,152,3.6648444755,3.206738916,0.0,1173.0,169.3125,317.7312740352,100953.1625,0,0,180.6,141.0,225.8571428571,8,1128,7,1581,8192,62872,5,20,0
6,5774,2,0,0.0,0.0,0.0,0.0,0.0,0.0,0.0,0.0,0.0,0.0,346.3803256,0.0,5774.0,5774.0,0.0,5774.0,0.0,0.0,0.0,0,64,0,346.3803256,0.0,0.0,0.0,0.0,0.0,0.0,0,1,0.0,0.0,0.0,2,0,0,0,225,-1,0,32,1
17,48765,2,2,102.0,134.0,51.0,51.0,51.0,0.0,67.0,67.0,67.0,0.0,82.02604326873782,27644.4343584744,48176.0,48425.0,0.0,48425.0,48516.0,0.0,48516.0,0,16,16,41.01302163436891,41.01302163436891,51.0,67.0,57.4,8.763560920082657,76.8,0,0,71.75,51.0,67.0,2,102,2,134,-1,-1,1,8,0
17,257,1,1,41.0,89.0,41.0,41.0,41.0,0.0,89.0,89.0,89.0,0.0,7782.101167315174,0.0,257.0,0.0,0.0,0.0,0.0,0.0,0.0,0,8,8,3891.050583657587,3891.050583657587,41.0,89.0,57.0,27.712812921102035,768.0,0,0,85.5,41.0,89.0,1,41,1,89,-1,-1,0,8,0
6,118496949,16,13,1131.0,4607.0,333.0,0.0,70.6875,100.18231297655954,1460.0,0.0,354.38461538461536,536.0554291087099,0.2447320394721724,15450497.310250562,58936287.0,118496949.0,20720560.92867442,58936287.0,118419136.0,22960975.826309208,59035206.0,0,332,268,0.1350245735018882,0.1097074659702841,0.0,1460.0,191.2666666666667,381.192406239569,145307.65057471264,0,0,197.86206896551724,70.6875,354.38461538461536,16,1131,13,4607,8192,16384,8,20,0
6,86231522,2,0,0.0,0.0,0.0,0.0,0.0,0.0,0.0,0.0,0.0,0.0,0.0231933747,0.0,86231522.0,86231522.0,0.0,86231522.0,0.0,0.0,0.0,0,40,0,0.0231933747,0.0,0.0,0.0,0.0,0.0,0.0,0,1,0.0,0.0,0.0,2,0,0,0,62559,-1,0,20,0
6,140,2,0,0.0,0.0,0.0,0.0,0.0,0.0,0.0,0.0,0.0,0.0,14285.714285714286,0.0,140.0,140.0,0.0,140.0,0.0,0.0,0.0,0,40,0,14285.714285714286,0.0,0.0,0.0,0.0,0.0,0.0,0,1,0.0,0.0,0.0,2,0,0,0,256,-1,0,20,0
6,1519682,3,4,20.0,964.0,20.0,0.0,6.666666667,11.54700538,964.0,0.0,241.0,482.0,4.606226829,620198.9002,1519256.0,392.0,274.3574311,390.0,1519677.0,877021.3475,1519256.0,0,72,92,1.974097212,2.632129617,0.0,964.0,123.0,339.8873763,115523.4286,0,0,140.5714286,6.666666667,241.0,3,20,4,964,8192,211,1,20,1
6,115275083,46,67,817.0,75075.0,476.0,0.0,17.7608695652,76.6119180698,1460.0,0.0,1120.5223880597,601.0068158291,0.9802638789,3009807.83735763,10004382.0,115275083.0,4346481.6333717,10015478.0,110331375.0,3759866.39072504,10015670.0,0,932,1484,0.3990454728,0.5812184061,0.0,1460.0,665.7192982456,714.6933807402,510786.628473839,0,0,671.610619469,17.7608695652,1120.5223880597,46,817,67,75075,8192,62,15,20,0
6,2,1,1,0.0,0.0,0.0,0.0,0.0,0.0,0.0,0.0,0.0,0.0,1000000.0,0.0,2.0,0.0,0.0,0.0,0.0,0.0,0.0,0,40,20,500000.0,500000.0,0.0,0.0,0.0,0.0,0.0,0,0,0.0,0.0,0.0,1,0,1,0,26883,0,0,40,1
6,54754789,2,0,0.0,0.0,0.0,0.0,0.0,0.0,0.0,0.0,0.0,0.0,0.0365264854,0.0,54754789.0,54754789.0,0.0,54754789.0,0.0,0.0,0.0,0,40,0,0.0365264854,0.0,0.0,0.0,0.0,0.0,0.0,0,1,0.0,0.0,0.0,2,0,0,0,279,-1,0,20,0
6,60,2,0,0.0,0.0,0.0,0.0,0.0,0.0,0.0,0.0,0.0,0.0,33333.333333333336,0.0,60.0,60.0,0.0,60.0,0.0,0.0,0.0,0,40,0,33333.333333333336,0.0,0.0,0.0,0.0,0.0,0.0,0,1,0.0,0.0,0.0,2,0,0,0,508,-1,0,20,0
6,117210444,17,17,1753.0,1218.0,605.0,0.0,103.1176470588,181.8563589598,325.0,0.0,71.6470588235,89.8999034875,0.2900765396,14159385.1991865,58859646.0,117210444.0,19965493.1291409,58910778.0,117148344.0,19971292.3315229,58871117.0,0,352,352,0.1450382698,0.1450382698,0.0,605.0,84.8857142857,140.826921605,19832.2218487395,0,0,87.3823529412,103.1176470588,71.6470588235,17,1753,17,1218,8192,185,10,20,0
17,896,1,1,41.0,99.0,41.0,41.0,41.0,0.0,99.0,99.0,99.0,0.0,2232.1428571428573,0.0,896.0,0.0,0.0,0.0,0.0,0.0,0.0,0,8,8,1116.071428571429,1116.071428571429,41.0,99.0,60.33333333333333,33.48631561299829,1121.3333333333333,0,0,90.5,41.0,99.0,1,41,1,99,-1,-1,0,8,0
6,615292,7,5,364.0,582.0,103.0,0.0,52.0,49.2172056636,409.0,0.0,116.4,167.0353256051,19.5029351917,63310.2000664549,124377.0,615292.0,49360.0465666987,127198.0,495089.0,2667.3121770802,127227.0,0,148,108,11.3767121952,8.1262229966,0.0,409.0,72.7692307692,109.5332170669,11997.5256410256,0,0,78.8333333333,52.0,116.4,7,364,5,582,8192,63964,4,20,0
6,5857362,4,4,97.0,231.0,97.0,0.0,24.25,48.5,231.0,0.0,57.75,115.5,1.365802557533579,2207133.988314559,5842061.0,15301.0,8504.08991799436,14919.0,5857079.0,3381042.273660792,5856451.0,0,92,92,0.6829012787667895,0.6829012787667895,0.0,231.0,36.44444444444444,79.6996096463325,6352.027777777778,0,0,41.0,24.25,57.75,4,97,4,231,8192,141,1,20,0
6,139,2,0,0.0,0.0,0.0,0.0,0.0,0.0,0.0,0.0,0.0,0.0,14388.48921,0.0,139.0,139.0,0.0,139.0,0.0,0.0,0.0,0,40,0,14388.48921,0.0,0.0,0.0,0.0,0.0,0.0,0,1,0.0,0.0,0.0,2,0,0,0,255,-1,0,20,0
6,80,3,1,31.0,0.0,31.0,0.0,10.3333333333,17.8978583449,0.0,0.0,0.0,0.0,50000.0,15.0443787952,44.0,80.0,5.6568542495,44.0,0.0,0.0,0.0,0,60,20,37500.0,12500.0,0.0,31.0,6.2,13.8636214605,192.2,0,1,7.75,10.3333333333,0.0,3,31,1,0,110,0,1,20,0
17,820,1,1,41.0,69.0,41.0,41.0,41.0,0.0,69.0,69.0,69.0,0.0,2439.02439,0.0,820.0,0.0,0.0,0.0,0.0,0.0,0.0,0,8,8,1219.512195,1219.512195,41.0,69.0,50.33333333,16.16580754,261.3333333,0,0,75.5,41.0,69.0,1,41,1,69,-1,-1,0,8,0
17,775,1,1,46.0,133.0,46.0,46.0,46.0,0.0,133.0,133.0,133.0,0.0,2580.645161,0.0,775.0,0.0,0.0,0.0,0.0,0.0,0.0,0,8,8,1290.322581,1290.322581,46.0,133.0,75.0,50.22947342,2523.0,0,0,112.5,46.0,133.0,1,46,1,133,-1,-1,0,8,0
6,989,3,4,161.0,488.0,161.0,0.0,53.6666666667,92.9533933395,488.0,0.0,122.0,244.0,7077.8564206269,102.6847927722,286.0,454.0,142.8355697997,328.0,719.0,170.2948423568,382.0,0,72,92,3033.3670374115,4044.4893832154,0.0,488.0,81.125,173.7875858627,30202.125,0,0,92.7142857143,53.6666666667,122.0,3,161,4,488,8192,149,1,20,0
6,3964034,5,3,935.0,327.0,935.0,0.0,187.0,418.1447118,327.0,0.0,109.0,188.793538,2.018146161,1437655.142,3826025.0,3964034.0,1890728.175,3826032.0,118542.0,6253.652373,63693.0,0,168,104,1.261341351,0.75680481,0.0,935.0,140.2222222,317.0555069,100524.1944,0,1,157.75,187.0,109.0,5,935,3,327,219,211,1,32,0
6,316,3,0,31.0,0.0,31.0,0.0,10.33333333,17.89785834,0.0,0.0,0.0,0.0,9493.670886,128.6934342,249.0,316.0,128.6934342,249.0,0.0,0.0,0.0,0,60,0,9493.670886,0.0,0.0,31.0,7.75,15.5,240.25,0,1,10.33333333,10.33333333,0.0,3,31,0,0,258,-1,1,20,0
17,306,1,1,30.0,46.0,30.0,30.0,30.0,0.0,46.0,46.0,46.0,0.0,6535.9477124183,0.0,306.0,0.0,0.0,0.0,0.0,0.0,0.0,0,8,8,3267.97385620915,3267.97385620915,30.0,46.0,35.333333333333336,9.237604307034012,85.33333333333333,0,0,53.0,30.0,46.0,1,30,1,46,-1,-1,0,8,0
6,53763887,2,0,0.0,0.0,0.0,0.0,0.0,0.0,0.0,0.0,0.0,0.0,0.037199691,0.0,53800000.0,53800000.0,0.0,53800000.0,0.0,0.0,0.0,0,40,0,0.037199691,0.0,0.0,0.0,0.0,0.0,0.0,0,1,0.0,0.0,0.0,2,0,0,0,279,-1,0,20,0
17,948,1,1,33.0,97.0,33.0,33.0,33.0,0.0,97.0,97.0,97.0,0.0,2109.704641350211,0.0,948.0,0.0,0.0,0.0,0.0,0.0,0.0,0,8,8,1054.8523206751056,1054.8523206751056,33.0,97.0,54.33333333333333,36.95041722813605,1365.3333333333333,0,0,81.5,33.0,97.0,1,33,1,97,-1,-1,0,8,0
6,52479,2,0,0.0,0.0,0.0,0.0,0.0,0.0,0.0,0.0,0.0,0.0,38.11048229,0.0,52479.0,52479.0,0.0,52479.0,0.0,0.0,0.0,0,64,0,38.11048229,0.0,0.0,0.0,0.0,0.0,0.0,0,1,0.0,0.0,0.0,2,0,0,0,225,-1,0,32,1
6,19,1,1,0.0,0.0,0.0,0.0,0.0,0.0,0.0,0.0,0.0,0.0,105263.15789473684,0.0,19.0,0.0,0.0,0.0,0.0,0.0,0.0,0,20,20,52631.57894736842,52631.57894736842,0.0,0.0,0.0,0.0,0.0,0,1,0.0,0.0,0.0,1,0,1,0,168,258,0,20,0
17,39088,1,1,43.0,99.0,43.0,43.0,43.0,0.0,99.0,99.0,99.0,0.0,51.1665984445,0.0,39088.0,0.0,0.0,0.0,0.0,0.0,0.0,0,8,8,25.5832992223,25.5832992223,43.0,99.0,61.6666666667,32.3316150746,1045.3333333333,0,0,92.5,43.0,99.0,1,43,1,99,-1,-1,0,8,0
6,4136965,5,3,935.0,327.0,935.0,0.0,187.0,418.1447118,327.0,0.0,109.0,188.793538,1.933784792,1541450.718,4086543.0,4136965.0,2034938.695,4086547.0,39520.0,24793.99218,37292.0,0,168,104,1.208615495,0.725169297,0.0,935.0,140.2222222,317.0555069,100524.1944,0,1,157.75,187.0,109.0,5,935,3,327,237,211,1,32,0
6,86107621,2,0,0.0,0.0,0.0,0.0,0.0,0.0,0.0,0.0,0.0,0.0,0.0232267478,0.0,86107621.0,86107621.0,0.0,86107621.0,0.0,0.0,0.0,0,40,0,0.0232267478,0.0,0.0,0.0,0.0,0.0,0.0,0,1,0.0,0.0,0.0,2,0,0,0,62563,-1,0,20,0
6,5,1,1,0.0,0.0,0.0,0.0,0.0,0.0,0.0,0.0,0.0,0.0,400000.0,0.0,5.0,0.0,0.0,0.0,0.0,0.0,0.0,0,32,32,200000.0,200000.0,0.0,0.0,0.0,0.0,0.0,0,1,0.0,0.0,0.0,1,0,1,0,241,230,0,32,1
6,32,2,0,0.0,0.0,0.0,0.0,0.0,0.0,0.0,0.0,0.0,0.0,62500.0,0.0,32.0,32.0,0.0,32.0,0.0,0.0,0.0,0,40,0,62500.0,0.0,0.0,0.0,0.0,0.0,0.0,0,1,0.0,0.0,0.0,2,0,0,0,258,-1,0,20,0
17,26340,2,2,62.0,316.0,31.0,31.0,31.0,0.0,158.0,158.0,158.0,0.0,151.8602885,8849.318787,17698.0,17698.0,0.0,17698.0,1.0,0.0,1.0,0,16,16,75.93014427,75.93014427,31.0,158.0,81.8,69.5607648,4838.7,0,0,102.25,31.0,158.0,2,62,2,316,-1,-1,1,8,0
17,66094,2,2,80.0,150.0,40.0,40.0,40.0,0.0,75.0,75.0,75.0,0.0,60.51986564589826,19138.426224048133,34723.0,31353.0,0.0,31353.0,18.0,0.0,18.0,0,16,16,30.25993282294913,30.25993282294913,40.0,75.0,54.0,19.170289512680814,367.5,0,0,67.5,40.0,75.0,2,80,2,150,-1,-1,1,8,0
6,344,3,0,77.0,0.0,46.0,0.0,25.666666666666664,23.45918441321721,0.0,0.0,0.0,0.0,8720.93023255814,216.3746750430836,325.0,344.0,216.3746750430836,325.0,0.0,0.0,0.0,1,60,0,8720.93023255814,0.0,0.0,46.0,30.75,21.68524844220144,470.25,1,1,41.0,25.666666666666668,0.0,3,77,0,0,256,-1,1,20,0
17,27610,1,1,33.0,267.0,33.0,33.0,33.0,0.0,267.0,267.0,267.0,0.0,72.4375226367,0.0,27610.0,0.0,0.0,0.0,0.0,0.0,0.0,0,8,8,36.2187613184,36.2187613184,33.0,267.0,111.0,135.0999629904,18252.0,0,0,166.5,33.0,267.0,1,33,1,267,-1,-1,0,8,0
6,1156,3,0,77.0,0.0,46.0,0.0,25.666666666666664,23.45918441321721,0.0,0.0,0.0,0.0,2595.155709342561,796.2022356160525,1141.0,1156.0,796.2022356160525,1141.0,0.0,0.0,0.0,1,60,0,2595.155709342561,0.0,0.0,46.0,30.75,21.68524844220144,470.25,1,1,41.0,25.666666666666668,0.0,3,77,0,0,254,-1,1,20,0
6,116136974,26,27,778.0,17441.0,404.0,0.0,29.9230769231,89.268100944,1460.0,0.0,645.962962963,703.794467456,0.4563576799,4133768.02628145,10008897.0,116136974.0,4983460.77416672,10030992.0,110557347.0,5046182.28634014,10031117.0,0,532,684,0.2238735788,0.2324841011,0.0,1460.0,337.3888888889,586.3276312737,343780.091194969,0,0,343.7547169811,29.9230769231,645.962962963,26,778,27,17441,8192,123,15,20,0
6,4439275,5,3,935.0,378.0,935.0,0.0,187.0,418.1447118,378.0,0.0,126.0,218.2384018,1.802096063,1626592.132,4322649.0,4439275.0,2142073.477,4322656.0,64476.0,5808.175101,36345.0,0,168,104,1.126310039,0.675786024,0.0,935.0,145.8888889,321.2391805,103194.6111,0,1,164.125,187.0,126.0,5,935,3,378,219,211,1,32,0
6,85387772,2,0,0.0,0.0,0.0,0.0,0.0,0.0,0.0,0.0,0.0,0.0,0.023422558,0.0,85400000.0,85400000.0,0.0,85400000.0,0.0,0.0,0.0,0,40,0,0.023422558,0.0,0.0,0.0,0.0,0.0,0.0,0,1,0.0,0.0,0.0,2,0,0,0,62559,-1,0,20,0
17,410,1,1,33.0,97.0,33.0,33.0,33.0,0.0,97.0,97.0,97.0,0.0,4878.048780487805,0.0,410.0,0.0,0.0,0.0,0.0,0.0,0.0,0,8,8,2439.0243902439024,2439.0243902439024,33.0,97.0,54.33333333333333,36.95041722813605,1365.3333333333333,0,0,81.5,33.0,97.0,1,33,1,97,-1,-1,0,8,0
6,322,3,0,31.0,0.0,31.0,0.0,10.3333333333,17.8978583449,0.0,0.0,0.0,0.0,9316.7701863354,147.0782104868,265.0,322.0,147.0782104868,265.0,0.0,0.0,0.0,0,60,0,9316.7701863354,0.0,0.0,31.0,7.75,15.5,240.25,0,1,10.3333333333,10.3333333333,0.0,3,31,0,0,255,-1,1,20,0
6,86412882,2,0,0.0,0.0,0.0,0.0,0.0,0.0,0.0,0.0,0.0,0.0,0.0231446973,0.0,86412882.0,86412882.0,0.0,86412882.0,0.0,0.0,0.0,0,40,0,0.0231446973,0.0,0.0,0.0,0.0,0.0,0.0,0,1,0.0,0.0,0.0,2,0,0,0,62558,-1,0,20,0
17,1262,1,1,37.0,77.0,37.0,37.0,37.0,0.0,77.0,77.0,77.0,0.0,1584.7860538827,0.0,1262.0,0.0,0.0,0.0,0.0,0.0,0.0,0,8,8,792.3930269414,792.3930269414,37.0,77.0,50.3333333333,23.0940107676,533.3333333333,0,0,75.5,37.0,77.0,1,37,1,77,-1,-1,0,8,0
6,5704479,4,4,97.0,231.0,97.0,0.0,24.25,48.5,231.0,0.0,57.75,115.5,1.4024067754478542,2149360.2594142486,5689201.0,15278.0,8632.126582327981,15060.0,5704328.0,3292988.2744245133,5703858.0,0,92,92,0.7012033877239271,0.7012033877239271,0.0,231.0,36.44444444444444,79.6996096463325,6352.027777777778,0,0,41.0,24.25,57.75,4,97,4,231,8192,141,1,20,0
17,157137,2,2,68.0,158.0,34.0,34.0,34.0,0.0,79.0,79.0,79.0,0.0,25.455494250240235,88773.29129304602,154881.0,156847.0,0.0,156847.0,155171.0,0.0,155171.0,0,16,16,12.727747125120118,12.727747125120118,34.0,79.0,52.0,24.64751508773248,607.5,0,0,65.0,34.0,79.0,2,68,2,158,-1,-1,1,8,0
6,37366762,14,12,2168.0,2993.0,712.0,0.0,154.8571428571,254.8552702834,976.0,0.0,249.4166666667,395.9293918533,0.6958055397,3894923.82123253,15617415.0,37366762.0,5104444.01922817,15617415.0,37366730.0,5564223.87220565,15936762.0,0,456,416,0.3746645214,0.3211410183,0.0,976.0,191.1481481481,320.1228975185,102478.66951567,0,0,198.5,154.8571428571,249.4166666667,14,2168,12,2993,29200,232,8,32,0
6,16,1,1,0.0,0.0,0.0,0.0,0.0,0.0,0.0,0.0,0.0,0.0,125000.0,0.0,16.0,0.0,0.0,0.0,0.0,0.0,0.0,0,40,20,62500.0,62500.0,0.0,0.0,0.0,0.0,0.0,0,0,0.0,0.0,0.0,1,0,1,0,26883,0,0,40,1
17,51494,2,2,178.0,342.0,89.0,89.0,89.0,0.0,171.0,171.0,171.0,0.0,77.6789528877,14557.0632454947,27755.0,50929.0,0.0,50929.0,28320.0,0.0,28320.0,0,16,16,38.8394764439,38.8394764439,89.0,171.0,121.8,44.9132497154,2017.2,0,0,152.25,89.0,171.0,2,178,2,342,-1,-1,1,8,0
6,64,2,0,0.0,0.0,0.0,0.0,0.0,0.0,0.0,0.0,0.0,0.0,31250.0,0.0,64.0,64.0,0.0,64.0,0.0,0.0,0.0,0,40,0,31250.0,0.0,0.0,0.0,0.0,0.0,0.0,0,1,0.0,0.0,0.0,2,0,0,0,2239,-1,0,20,0
6,281,3,0,77.0,0.0,46.0,0.0,25.6666666667,23.4591844132,0.0,0.0,0.0,0.0,10676.1565836299,173.2411613907,263.0,281.0,173.2411613907,263.0,0.0,0.0,0.0,1,60,0,10676.1565836299,0.0,0.0,46.0,30.75,21.6852484422,470.25,1,1,41.0,25.6666666667,0.0,3,77,0,0,254,-1,1,20,0
17,20072,1,1,34.0,155.0,34.0,34.0,34.0,0.0,155.0,155.0,155.0,0.0,99.64129135113592,0.0,20072.0,0.0,0.0,0.0,0.0,0.0,0.0,0,8,8,49.82064567556796,49.82064567556796,34.0,155.0,74.33333333333334,69.85938257194472,4880.333333333334,0,0,111.5,34.0,155.0,1,34,1,155,-1,-1,0,8,0
6,5003656,4,4,254.0,972.0,254.0,0.0,63.5,127.0,972.0,0.0,243.0,486.0,1.5988309348,1890423.73118454,5001886.0,1770.0,314.5488833234,921.0,5003649.0,2887589.41051026,5002184.0,0,136,136,0.7994154674,0.7994154674,0.0,972.0,136.2222222222,324.4787272603,105286.444444444,0,0,153.25,63.5,243.0,4,254,4,972,26883,219,1,32,1
6,17,1,1,0.0,0.0,0.0,0.0,0.0,0.0,0.0,0.0,0.0,0.0,117647.058823529,0.0,17.0,0.0,0.0,0.0,0.0,0.0,0.0,0,20,20,58823.5294117647,58823.5294117647,0.0,0.0,0.0,0.0,0.0,0,1,0.0,0.0,0.0,1,0,1,0,180,258,0,20,0
6,306307,21,22,1912.0,2665.0,640.0,0.0,91.0476190476,139.6790879804,976.0,0.0,121.1363636364,258.6415602914,140.3820350172,18027.2024675016,93231.0,305777.0,24120.7244703868,93231.0,306289.0,32411.9252353498,131750.0,0,680,712,68.5586682642,71.823366753,0.0,976.0,104.0227272727,205.4948071133,42228.1157505285,0,0,106.4418604651,91.0476190476,121.1363636364,21,1912,22,2665,26883,230,16,32,1
6,119999554,5,5,316.0,75.0,79.0,0.0,63.2,35.3298740445,75.0,0.0,15.0,33.5410196625,0.0833336431,14805220.2931137,31440338.0,112684004.0,6530764.96113209,31451852.0,101613074.0,12066188.3716769,31451892.0,0,100,100,0.0416668215,0.0416668215,0.0,79.0,35.5454545455,40.8542865226,1669.0727272727,0,1,39.1,63.2,15.0,5,316,5,75,253,73,4,20,0
17,14125,1,1,31.0,104.0,31.0,31.0,31.0,0.0,104.0,104.0,104.0,0.0,141.592920354,0.0,14125.0,0.0,0.0,0.0,0.0,0.0,0.0,0,8,8,70.796460177,70.796460177,31.0,104.0,55.3333333333,42.1465696508,1776.3333333333,0,0,83.0,31.0,104.0,1,31,1,104,-1,-1,0,8,0
6,6062709,3,1,0.0,0.0,0.0,0.0,0.0,0.0,0.0,0.0,0.0,0.0,0.6597710693355067,3261898.4794772505,5783983.0,6062709.0,3892804.556874709,5783983.0,0.0,0.0,0.0,0,72,32,0.4948283020016299,0.1649427673338766,0.0,0.0,0.0,0.0,0.0,0,0,0.0,0.0,0.0,3,0,1,0,8192,29200,0,20,0
6,342759,22,22,1976.0,2665.0,640.0,0.0,89.8181818182,138.0336868351,976.0,0.0,121.1363636364,258.6415602914,128.3700792685,18334.5830326208,78718.0,342220.0,25194.2013717821,78718.0,342744.0,31632.8337306124,109367.0,0,712,712,64.1850396343,64.1850396343,0.0,976.0,103.1333333333,203.7484634633,41513.4363636364,0,0,105.4772727273,89.8181818182,121.1363636364,22,1976,22,2665,26883,230,16,32,1
17,1302,1,1,35.0,163.0,35.0,35.0,35.0,0.0,163.0,163.0,163.0,0.0,1536.0983102918588,0.0,1302.0,0.0,0.0,0.0,0.0,0.0,0.0,0,8,8,768.0491551459294,768.0491551459294,35.0,163.0,77.66666666666666,73.9008344562721,5461.333333333333,0,0,116.5,35.0,163.0,1,35,1,163,-1,-1,0,8,0
17,2365,1,1,40.0,139.0,40.0,40.0,40.0,0.0,139.0,139.0,139.0,0.0,845.6659619450318,0.0,2365.0,0.0,0.0,0.0,0.0,0.0,0.0,0,8,8,422.8329809725159,422.8329809725159,40.0,139.0,73.0,57.15767664977295,3267.0,0,0,109.5,40.0,139.0,1,40,1,139,-1,-1,0,8,0
6,550679,5,4,373.0,172.0,140.0,0.0,74.6,70.2837107728384,133.0,0.0,43.0,62.75348595894893,16.343459619851128,94734.53366334114,183407.0,550623.0,91301.91498311156,183454.0,550631.0,457.9588773387119,184013.0,0,112,92,9.079699788806185,7.263759831044946,0.0,140.0,54.5,64.19804427619964,4121.388888888889,0,0,60.55555555555556,74.6,43.0,5,373,4,172,8192,0,3,20,0
6,862253,7,5,364.0,582.0,103.0,0.0,52.0,49.2172056636,409.0,0.0,116.4,167.0353256051,13.9170289927,89519.6124033977,172220.0,862253.0,70356.0403189852,174255.0,690517.0,1309.6939527997,174564.0,0,152,112,8.1182669124,5.7987620803,0.0,409.0,72.7692307692,109.5332170669,11997.5256410256,0,0,78.8333333333,52.0,116.4,7,364,5,582,8192,258,4,20,0
6,3,3,0,31.0,0.0,31.0,0.0,10.33333333,17.89785834,0.0,0.0,0.0,0.0,1000000.0,2.121320344,3.0,3.0,2.121320344,3.0,0.0,0.0,0.0,0,60,0,1000000.0,0.0,0.0,31.0,7.75,15.5,240.25,0,1,10.33333333,10.33333333,0.0,3,31,0,0,1037,-1,1,20,0
6,116809105,17,17,872.0,6057.0,229.0,0.0,51.2941176471,76.7673145827,1430.0,0.0,356.2941176471,535.1582435021,0.2910732002,14083837.5553469,58316965.0,116809105.0,19856094.5022134,58367759.0,116673400.0,19874261.2962707,58328575.0,0,352,352,0.1455366001,0.1455366001,0.0,1430.0,197.9714285714,402.4797755762,161989.969747899,0,0,203.7941176471,51.2941176471,356.2941176471,17,872,17,6057,8192,180,8,20,0
6,3698,5,2,935.0,326.0,935.0,0.0,187.0,418.1447118,326.0,0.0,163.0,230.5168107,1892.915089,1267.843944,3195.0,3698.0,1688.210196,3453.0,3195.0,0.0,3195.0,0,124,40,1352.082207,540.8328826,0.0,935.0,157.625,334.1804207,111676.5536,0,0,180.1428571,187.0,163.0,5,935,2,326,65535,32768,1,20,0
6,5261284,4,4,97.0,231.0,97.0,0.0,24.25,48.5,231.0,0.0,57.75,115.5,1.520541373550639,1981835.453190216,5245976.0,15308.0,8610.65307240591,15045.0,5261088.0,3036964.0305609484,5260480.0,0,92,92,0.7602706867753195,0.7602706867753195,0.0,231.0,36.44444444444444,79.6996096463325,6352.027777777778,0,0,41.0,24.25,57.75,4,97,4,231,8192,141,1,20,0
6,1346547,8,7,1148.0,1581.0,677.0,0.0,143.5,228.1296624,1173.0,0.0,225.8571429,430.0986044,11.13960374,252761.8942,968763.0,1346547.0,380631.3452,1053401.0,1300141.0,368959.5993,968763.0,0,172,152,5.941121996,5.198481746,0.0,1173.0,170.5625,319.4332416,102037.5958,0,0,181.9333333,143.5,225.8571429,8,1148,7,1581,8192,62852,5,20,0
17,886,1,1,35.0,91.0,35.0,35.0,35.0,0.0,91.0,91.0,91.0,0.0,2257.336343115124,0.0,886.0,0.0,0.0,0.0,0.0,0.0,0.0,0,8,8,1128.668171557562,1128.668171557562,35.0,91.0,53.66666666666667,32.331615074619044,1045.3333333333337,0,0,80.5,35.0,91.0,1,35,1,91,-1,-1,0,8,0
17,25705,1,1,40.0,139.0,40.0,40.0,40.0,0.0,139.0,139.0,139.0,0.0,77.80587434351294,0.0,25705.0,0.0,0.0,0.0,0.0,0.0,0.0,0,8,8,38.90293717175647,38.90293717175647,40.0,139.0,73.0,57.15767664977295,3267.0,0,0,109.5,40.0,139.0,1,40,1,139,-1,-1,0,8,0
6,3281,2,0,0.0,0.0,0.0,0.0,0.0,0.0,0.0,0.0,0.0,0.0,609.570253,0.0,3281.0,3281.0,0.0,3281.0,0.0,0.0,0.0,0,40,0,609.570253,0.0,0.0,0.0,0.0,0.0,0.0,0,1,0.0,0.0,0.0,2,0,0,0,32738,-1,0,20,1
17,1854,1,1,35.0,90.0,35.0,35.0,35.0,0.0,90.0,90.0,90.0,0.0,1078.7486515641856,0.0,1854.0,0.0,0.0,0.0,0.0,0.0,0.0,0,8,8,539.3743257820928,539.3743257820928,35.0,90.0,53.33333333333333,31.75426480542941,1008.3333333333331,0,0,80.0,35.0,90.0,1,35,1,90,-1,-1,0,8,0
6,6257011,5,4,935.0,342.0,935.0,0.0,187.0,418.1447118,342.0,0.0,85.5,171.0,1.438386476,1807654.344,5171216.0,6257011.0,3078241.522,6181343.0,1013324.0,582269.3385,1010120.0,0,168,144,0.799103598,0.639282878,0.0,935.0,127.7,303.336282,92012.9,0,1,141.8888889,187.0,85.5,5,935,4,342,219,211,1,32,0
17,1246,1,1,42.0,102.0,42.0,42.0,42.0,0.0,102.0,102.0,102.0,0.0,1605.1364365971108,0.0,1246.0,0.0,0.0,0.0,0.0,0.0,0.0,0,8,8,802.5682182985554,802.5682182985554,42.0,102.0,62.0,34.64101615137755,1200.0,0,0,93.0,42.0,102.0,1,42,1,102,-1,-1,0,8,0
6,30524494,10,11,1046.0,4175.0,714.0,0.0,104.6,225.55570881220845,1460.0,0.0,379.5454545454546,599.1584704627589,0.6879720921827566,3605969.646470552,10001625.0,20665210.0,4359565.10529927,10077849.0,30448153.0,4800848.618640506,10137996.0,0,212,256,0.327605758182265,0.3603663340004915,0.0,1460.0,237.3181818181818,463.0521297778198,214417.27489177487,0,0,248.6190476190476,104.6,379.54545454545456,10,1046,11,4175,8192,124,5,20,0
6,4222380,5,3,935.0,364.0,935.0,0.0,187.0,418.1447118,364.0,0.0,121.3333333,210.155498,1.894666041,1547498.485,4112304.0,4222380.0,2038089.997,4112308.0,81704.0,15883.03252,52083.0,0,168,104,1.184166276,0.710499766,0.0,935.0,144.3333333,320.0062499,102404.0,0,1,162.375,187.0,121.3333333,5,935,3,364,237,211,1,32,0
6,11169,3,4,326.0,129.0,326.0,0.0,108.6666667,188.2161878,112.0,0.0,32.25,53.7672453,626.7347121,4145.630169,10315.0,536.0,311.1269837,488.0,10700.0,5847.364734,10315.0,0,72,92,268.6005909,358.1341212,0.0,326.0,56.875,115.4066568,13318.69643,0,0,65.0,108.6666667,32.25,3,326,4,129,8192,219,1,20,1
6,106506312,14,3,2530.0,0.0,230.0,0.0,180.7142857143,97.9375221341,0.0,0.0,0.0,0.0,0.1596149531,13848145.1029864,53253983.0,106506298.0,15036401.5549351,53253983.0,106506307.0,31471722.6479674,75507022.0,0,456,100,0.1314476085,0.0281673447,0.0,230.0,140.5555555556,115.375204912,13311.4379084967,0,0,148.8235294118,180.7142857143,0.0,14,2530,3,0,26883,0,11,32,1
17,61259,2,2,58.0,258.0,29.0,29.0,29.0,0.0,129.0,129.0,129.0,0.0,65.2965278571312,17963.182967763074,34033.0,34033.0,0.0,34033.0,60.0,0.0,60.0,0,16,16,32.6482639285656,32.6482639285656,29.0,129.0,69.0,54.77225575051661,3000.0,0,0,86.25,29.0,129.0,2,58,2,258,-1,-1,1,8,0
6,43,1,1,0.0,0.0,0.0,0.0,0.0,0.0,0.0,0.0,0.0,0.0,46511.62791,0.0,43.0,0.0,0.0,0.0,0.0,0.0,0.0,0,20,20,23255.81395,23255.81395,0.0,0.0,0.0,0.0,0.0,0,1,0.0,0.0,0.0,1,0,1,0,176,258,0,20,0
6,179402,3,1,0.0,0.0,0.0,0.0,0.0,0.0,0.0,0.0,0.0,0.0,22.296295470507573,102781.74470854895,178482.0,179402.0,125671.25979316037,178564.0,0.0,0.0,0.0,0,68,28,16.72222160288068,5.574073867626893,0.0,0.0,0.0,0.0,0.0,0,0,0.0,0.0,0.0,3,0,1,0,8192,8192,0,20,0
6,1259347,3,4,20.0,964.0,20.0,0.0,6.666666667,11.54700538,964.0,0.0,241.0,482.0,5.558436237,513953.3409,1258994.0,332.0,233.3452378,331.0,1259335.0,726782.1028,1258994.0,0,72,92,2.382186959,3.176249278,0.0,964.0,123.0,339.8873763,115523.4286,0,0,140.5714286,6.666666667,241.0,3,20,4,964,8192,211,1,20,1
17,221,1,1,40.0,56.0,40.0,40.0,40.0,0.0,56.0,56.0,56.0,0.0,9049.7737556561,0.0,221.0,0.0,0.0,0.0,0.0,0.0,0.0,0,8,8,4524.8868778281,4524.8868778281,40.0,56.0,45.3333333333,9.237604307,85.3333333333,0,0,68.0,40.0,56.0,1,40,1,56,-1,-1,0,8,0
6,1262,5,2,935.0,288.0,935.0,0.0,187.0,418.1447118,288.0,0.0,144.0,203.646753,5546.751189,281.3593195,732.0,1262.0,482.1925618,1026.0,732.0,0.0,732.0,0,124,40,3961.965135,1584.786054,0.0,935.0,152.875,331.7061684,110028.9821,0,0,174.7142857,187.0,144.0,5,935,2,288,65535,32768,1,20,0
17,1034,1,1,40.0,139.0,40.0,40.0,40.0,0.0,139.0,139.0,139.0,0.0,1934.2359767891685,0.0,1034.0,0.0,0.0,0.0,0.0,0.0,0.0,0,8,8,967.117988394584,967.117988394584,40.0,139.0,73.0,57.15767664977295,3267.0,0,0,109.5,40.0,139.0,1,40,1,139,-1,-1,0,8,0
17,12883,1,1,40.0,139.0,40.0,40.0,40.0,0.0,139.0,139.0,139.0,0.0,155.2433439416285,0.0,12883.0,0.0,0.0,0.0,0.0,0.0,0.0,0,8,8,77.62167197081425,77.62167197081425,40.0,139.0,73.0,57.15767664977295,3267.0,0,0,109.5,40.0,139.0,1,40,1,139,-1,-1,0,8,0
6,50097,3,4,326.0,129.0,326.0,0.0,108.6666667,188.2161878,112.0,0.0,32.25,53.7672453,139.7289259,15548.61635,38996.0,39369.0,27310.58521,38996.0,49738.0,20390.06595,39370.0,0,72,92,59.88382538,79.84510051,0.0,326.0,56.875,115.4066568,13318.69643,0,0,65.0,108.6666667,32.25,3,326,4,129,8192,219,1,20,1
6,22,2,0,0.0,0.0,0.0,0.0,0.0,0.0,0.0,0.0,0.0,0.0,90909.09090909093,0.0,22.0,22.0,0.0,22.0,0.0,0.0,0.0,0,40,0,90909.09090909093,0.0,0.0,0.0,0.0,0.0,0.0,0,1,0.0,0.0,0.0,2,0,0,0,259,-1,0,20,0
6,787,3,4,161.0,488.0,161.0,0.0,53.66666666666666,92.95339333952974,488.0,0.0,122.0,244.0,8894.53621346887,91.16230946321328,255.0,441.0,129.4005409571382,312.0,532.0,180.5833141055212,361.0,0,72,92,3811.944091486658,5082.59212198221,0.0,488.0,81.125,173.78758586274222,30202.125,0,0,92.71428571428572,53.66666666666666,122.0,3,161,4,488,8192,149,1,20,0
6,329521,3,1,0.0,0.0,0.0,0.0,0.0,0.0,0.0,0.0,0.0,0.0,12.138831819519847,100137.26449396016,196108.0,329521.0,44332.0596464906,196108.0,0.0,0.0,0.0,0,72,32,9.104123864639886,3.0347079548799623,0.0,0.0,0.0,0.0,0.0,0,0,0.0,0.0,0.0,3,0,1,0,8192,64000,0,20,0
17,95773,2,2,66.0,258.0,33.0,33.0,33.0,0.0,129.0,129.0,129.0,0.0,41.76542449333319,54375.859205472174,94712.0,95368.0,0.0,95368.0,95117.0,0.0,95117.0,0,16,16,20.8827122466666,20.8827122466666,33.0,129.0,71.4,52.58136552049595,2764.8,0,0,89.25,33.0,129.0,2,66,2,258,-1,-1,1,8,0
6,88455933,2,0,0.0,0.0,0.0,0.0,0.0,0.0,0.0,0.0,0.0,0.0,0.0226101283675341,0.0,88455933.0,88455933.0,0.0,88455933.0,0.0,0.0,0.0,0,40,0,0.0226101283675341,0.0,0.0,0.0,0.0,0.0,0.0,0,1,0.0,0.0,0.0,2,0,0,0,64000,-1,0,20,0
6,4104433,14,9,1441.0,1731.0,725.0,0.0,102.9285714286,191.1489408352,1179.0,0.0,192.3333333333,386.0744746807,5.6036972707,288888.840450258,1085189.0,4104433.0,415609.506488871,1342651.0,4070839.0,435993.4152843,1329927.0,0,292,192,3.4109461648,2.1927511059,0.0,1179.0,132.1666666667,274.213288402,75192.9275362319,0,0,137.9130434783,102.9285714286,192.3333333333,14,1441,9,1731,8192,62559,7,20,0
17,1043,1,1,37.0,177.0,37.0,37.0,37.0,0.0,177.0,177.0,177.0,0.0,1917.5455417066155,0.0,1043.0,0.0,0.0,0.0,0.0,0.0,0.0,0,8,8,958.7727708533076,958.7727708533076,37.0,177.0,83.66666666666666,80.82903768654761,6533.333333333333,0,0,125.5,37.0,177.0,1,37,1,177,-1,-1,0,8,0
17,11025,1,1,37.0,117.0,37.0,37.0,37.0,0.0,117.0,117.0,117.0,0.0,181.40589569161,0.0,11025.0,0.0,0.0,0.0,0.0,0.0,0.0,0,8,8,90.702947845805,90.702947845805,37.0,117.0,63.66666666666667,46.18802153517007,2133.333333333333,0,0,95.5,37.0,117.0,1,37,1,117,-1,-1,0,8,0
6,35994967,2,0,0.0,0.0,0.0,0.0,0.0,0.0,0.0,0.0,0.0,0.0,0.055563324,0.0,36000000.0,36000000.0,0.0,36000000.0,0.0,0.0,0.0,0,40,0,0.055563324,0.0,0.0,0.0,0.0,0.0,0.0,0,1,0.0,0.0,0.0,2,0,0,0,2049,-1,0,20,1
6,221424,3,1,0.0,0.0,0.0,0.0,0.0,0.0,0.0,0.0,0.0,0.0,18.06488908,127757.7999,221330.0,221424.0,156515.2576,221385.0,0.0,0.0,0.0,0,72,32,13.54866681,4.51622227,0.0,0.0,0.0,0.0,0.0,0,0,0.0,0.0,0.0,3,0,1,0,8192,8192,0,20,1
6,123,2,0,0.0,0.0,0.0,0.0,0.0,0.0,0.0,0.0,0.0,0.0,16260.162601626014,0.0,123.0,123.0,0.0,123.0,0.0,0.0,0.0,0,40,0,16260.162601626014,0.0,0.0,0.0,0.0,0.0,0.0,0,1,0.0,0.0,0.0,2,0,0,0,253,-1,0,20,0
6,1,2,0,31.0,0.0,31.0,0.0,15.5,21.920310216782973,0.0,0.0,0.0,0.0,2000000.0,0.0,1.0,1.0,0.0,1.0,0.0,0.0,0.0,1,40,0,2000000.0,0.0,0.0,31.0,20.666666666666664,17.8978583448784,320.33333333333337,1,1,31.0,15.5,0.0,2,31,0,0,288,-1,0,20,0
6,55193592,8,6,37.0,0.0,31.0,0.0,4.625,10.6628527408,0.0,0.0,0.0,0.0,0.2536526342,4932796.23799442,10001737.0,55193592.0,3923188.86266111,10012732.0,50058288.0,1068.8406335839,10012748.0,0,160,120,0.1449443624,0.1087082718,0.0,31.0,2.5333333333,7.8909230554,62.2666666667,0,1,2.7142857143,4.625,0.0,8,37,6,0,64057,6570,6,20,0
6,43,1,1,0.0,0.0,0.0,0.0,0.0,0.0,0.0,0.0,0.0,0.0,46511.62790697674,0.0,43.0,0.0,0.0,0.0,0.0,0.0,0.0,0,20,20,23255.81395348837,23255.81395348837,0.0,0.0,0.0,0.0,0.0,0,1,0.0,0.0,0.0,1,0,1,0,172,255,0,20,0
6,4,1,1,0.0,0.0,0.0,0.0,0.0,0.0,0.0,0.0,0.0,0.0,500000.0,0.0,4.0,0.0,0.0,0.0,0.0,0.0,0.0,0,40,20,250000.0,250000.0,0.0,0.0,0.0,0.0,0.0,0,0,0.0,0.0,0.0,1,0,1,0,26883,0,0,40,1
6,2406366,8,8,1128.0,1618.0,661.0,0.0,141.00000000000003,222.62332055996032,1173.0,0.0,202.25000000000003,403.753372387508,6.649030114288517,244010.124656686,953122.0,2406366.0,528394.0483540219,1532917.0,2236333.0,287424.38238687435,953122.0,0,172,172,3.3245150571442585,3.3245150571442585,0.0,1173.0,161.52941176470588,309.311153542646,95673.38970588236,0,0,171.625,141.0,202.25,8,1128,8,1618,8192,62872,5,20,0
6,1158,5,2,935.0,339.0,935.0,0.0,187.0,418.1447118,339.0,0.0,169.5,239.7091988,6044.905009,215.3843077,528.0,1158.0,405.2657564,875.0,528.0,0.0,528.0,0,124,40,4317.789292,1727.115717,0.0,935.0,159.25,335.1463433,112323.0714,0,0,182.0,187.0,169.5,5,935,2,339,65535,32768,1,20,0
6,5752028,15,9,1492.0,1731.0,773.0,0.0,99.46666666666664,197.68042993921367,1179.0,0.0,192.3333333333333,386.0744746807279,4.172441441522885,269275.8320437938,951650.0,5752028.0,302731.8730877355,1176363.0,5417095.0,256164.97907595045,1083931.0,0,312,192,2.607775900951804,1.564665540571082,0.0,1179.0,128.92000000000004,274.2670414030822,75222.41,0,0,134.29166666666666,99.46666666666668,192.3333333333333,15,1492,9,1731,8192,64000,7,20,0
17,579,1,1,32.0,94.0,32.0,32.0,32.0,0.0,94.0,94.0,94.0,0.0,3454.231433506045,0.0,579.0,0.0,0.0,0.0,0.0,0.0,0.0,0,8,8,1727.1157167530223,1727.1157167530223,32.0,94.0,52.66666666666667,35.7957166897568,1281.3333333333337,0,0,79.0,32.0,94.0,1,32,1,94,-1,-1,0,8,0
6,9350790,18,22,881.0,21179.0,333.0,0.0,48.94444444444444,93.60208156447491,1430.0,0.0,962.6818181818182,629.9179376911791,4.27771343383821,1385887.043885356,8669628.0,9350790.0,2127780.813855252,8805396.0,585406.0,55856.9781966578,194447.0,0,372,452,1.9249710452271944,2.352742388611016,0.0,1430.0,538.0487804878048,652.764771997521,426101.8475609757,0,0,551.5,48.94444444444444,962.681818181818,18,881,22,21179,8192,180,6,20,0
6,5953637,9,7,351.0,5531.0,194.0,0.0,38.99999999999999,71.40028011149535,1460.0,0.0,790.1428571428572,674.2636548046144,2.687432908657347,1481151.7860054949,5750621.0,5953637.0,2023031.3674768887,5750621.0,138768.0,23760.96967718279,51766.0,0,192,152,1.5116810111197576,1.1757518975375894,0.0,1460.0,346.0,565.5401179403633,319835.625,0,0,367.625,39.0,790.1428571428571,9,351,7,5531,8192,946,3,20,0
6,2252637,8,7,1132.0,1581.0,661.0,0.0,141.5,222.792023453,1173.0,0.0,225.8571428571,430.0986044197,6.6588624798,251784.452832059,953174.0,2252637.0,397496.765668064,1195672.0,2070549.0,308399.79816579,953174.0,0,168,148,3.5513933226,3.1074691573,0.0,1173.0,169.5625,317.7627980638,100973.195833333,0,0,180.8666666667,141.5,225.8571428571,8,1132,7,1581,8192,62868,5,20,0
17,12544,1,1,38.0,133.0,38.0,38.0,38.0,0.0,133.0,133.0,133.0,0.0,159.4387755102,0.0,12544.0,0.0,0.0,0.0,0.0,0.0,0.0,0,8,8,79.7193877551,79.7193877551,38.0,133.0,69.6666666667,54.848275573,3008.3333333333,0,0,104.5,38.0,133.0,1,38,1,133,-1,-1,0,8,0
6,3,1,1,0.0,0.0,0.0,0.0,0.0,0.0,0.0,0.0,0.0,0.0,666666.666666667,0.0,3.0,0.0,0.0,0.0,0.0,0.0,0.0,0,40,20,333333.333333333,333333.333333333,0.0,0.0,0.0,0.0,0.0,0,0,0.0,0.0,0.0,1,0,1,0,26883,0,0,40,1
17,462920,2,2,66.0,236.0,33.0,33.0,33.0,0.0,118.0,118.0,118.0,0.0,8.640801866413204,265966.38791458844,461418.0,462471.0,0.0,462471.0,461867.0,0.0,461867.0,0,16,16,4.320400933206602,4.320400933206602,33.0,118.0,67.0,46.55641738793912,2167.5,0,0,83.75,33.0,118.0,2,66,2,236,-1,-1,1,8,0
6,15,1,1,0.0,0.0,0.0,0.0,0.0,0.0,0.0,0.0,0.0,0.0,133333.33333333334,0.0,15.0,0.0,0.0,0.0,0.0,0.0,0.0,0,20,20,66666.66666666667,66666.66666666667,0.0,0.0,0.0,0.0,0.0,0,1,0.0,0.0,0.0,1,0,1,0,187,254,0,20,0
17,559,1,1,32.0,60.0,32.0,32.0,32.0,0.0,60.0,60.0,60.0,0.0,3577.8175313059032,0.0,559.0,0.0,0.0,0.0,0.0,0.0,0.0,0,8,8,1788.9087656529516,1788.9087656529516,32.0,60.0,41.333333333333336,16.165807537309522,261.33333333333337,0,0,62.0,32.0,60.0,1,32,1,60,-1,-1,0,8,0
17,88708,2,2,64.0,256.0,32.0,32.0,32.0,0.0,128.0,128.0,128.0,0.0,45.091761735130994,29760.68186942855,59558.0,29108.0,0.0,29108.0,42.0,0.0,42.0,0,16,16,22.545880867565497,22.545880867565497,32.0,128.0,70.4,52.58136552049595,2764.8,0,0,88.0,32.0,128.0,2,64,2,256,-1,-1,1,8,0
17,43391,2,2,64.0,142.0,32.0,32.0,32.0,0.0,71.0,71.0,71.0,0.0,92.1850153257588,13564.652938182138,26903.0,26903.0,0.0,26903.0,1.0,0.0,1.0,0,16,16,46.0925076628794,46.0925076628794,32.0,71.0,47.6,21.36117974270148,456.3,0,0,59.5,32.0,71.0,2,64,2,142,-1,-1,1,8,0
6,84,2,0,0.0,0.0,0.0,0.0,0.0,0.0,0.0,0.0,0.0,0.0,23809.5238095238,0.0,84.0,84.0,0.0,84.0,0.0,0.0,0.0,0,40,0,23809.5238095238,0.0,0.0,0.0,0.0,0.0,0.0,0,1,0.0,0.0,0.0,2,0,0,0,278,-1,0,20,0
6,32077,1,1,0.0,0.0,0.0,0.0,0.0,0.0,0.0,0.0,0.0,0.0,62.3499703838,0.0,32077.0,0.0,0.0,0.0,0.0,0.0,0.0,0,20,20,31.1749851919,31.1749851919,0.0,0.0,0.0,0.0,0.0,0,1,0.0,0.0,0.0,1,0,1,0,256,946,0,20,0
6,491,2,0,0.0,0.0,0.0,0.0,0.0,0.0,0.0,0.0,0.0,0.0,4073.319756,0.0,491.0,491.0,0.0,491.0,0.0,0.0,0.0,0,40,0,4073.319756,0.0,0.0,0.0,0.0,0.0,0.0,0,1,0.0,0.0,0.0,2,0,0,0,2052,-1,0,20,1
6,2,1,1,0.0,0.0,0.0,0.0,0.0,0.0,0.0,0.0,0.0,0.0,1000000.0,0.0,2.0,0.0,0.0,0.0,0.0,0.0,0.0,0,40,20,500000.0,500000.0,0.0,0.0,0.0,0.0,0.0,0,0,0.0,0.0,0.0,1,0,1,0,26883,0,0,40,1
0,2192572,2,0,0.0,0.0,0.0,0.0,0.0,0.0,0.0,0.0,0.0,0.0,0.9121707291710374,0.0,2192572.0,2192572.0,0.0,2192572.0,0.0,0.0,0.0,0,0,0,0.9121707291710374,0.0,0.0,0.0,0.0,0.0,0.0,0,0,0.0,0.0,0.0,2,0,0,0,-1,-1,0,0,0
6,587324,6,5,455.0,338.0,140.0,0.0,75.83333333333333,62.9362110923963,145.0,0.0,67.6,69.75887040369848,18.729014990022545,75702.29811747241,146886.0,587254.0,65656.04884319493,147100.0,587257.0,253.56047930753456,146995.0,0,132,112,10.215826358194114,8.513188631828429,0.0,145.0,66.08333333333333,63.402693279950775,4019.901515151516,0,0,72.0909090909091,75.83333333333333,67.6,6,455,5,338,8192,0,4,20,0
6,243986,8,8,542.0,5511.0,318.0,0.0,67.75,121.4610460777,1460.0,0.0,688.875,722.9339897746,65.5775331371,25646.4530169843,73523.0,243986.0,28535.5789931831,73523.0,208370.0,50679.0913343579,138561.0,0,172,172,32.7887665686,32.7887665686,0.0,1460.0,356.0588235294,583.0732662569,339974.433823529,0,0,378.3125,67.75,688.875,8,542,8,5511,8192,6432,3,20,0
6,36710153,2,0,0.0,0.0,0.0,0.0,0.0,0.0,0.0,0.0,0.0,0.0,0.054480841,0.0,36700000.0,36700000.0,0.0,36700000.0,0.0,0.0,0.0,0,40,0,0.054480841,0.0,0.0,0.0,0.0,0.0,0.0,0,1,0.0,0.0,0.0,2,0,0,0,2049,-1,0,20,1
6,30392006,2,0,0.0,0.0,0.0,0.0,0.0,0.0,0.0,0.0,0.0,0.0,0.065806778,0.0,30400000.0,30400000.0,0.0,30400000.0,0.0,0.0,0.0,0,40,0,0.065806778,0.0,0.0,0.0,0.0,0.0,0.0,0,1,0.0,0.0,0.0,2,0,0,0,2049,-1,0,20,1
6,960957,9,7,522.0,3285.0,204.0,0.0,58.0,85.5759896233,1430.0,0.0,469.2857142857,663.1738621422,16.6500686295,231158.487817712,899398.0,960957.0,314964.585386964,899398.0,48018.0,10806.8304511545,27447.0,0,192,152,9.3656636041,7.2844050254,0.0,1430.0,223.9411764706,462.1092228289,213544.933823529,0,0,237.9375,58.0,469.2857142857,9,522,7,3285,8192,172,4,20,0
6,86075599,2,0,0.0,0.0,0.0,0.0,0.0,0.0,0.0,0.0,0.0,0.0,0.0232353887,0.0,86075599.0,86075599.0,0.0,86075599.0,0.0,0.0,0.0,0,40,0,0.0232353887,0.0,0.0,0.0,0.0,0.0,0.0,0,1,0.0,0.0,0.0,2,0,0,0,62561,-1,0,20,0
6,2545589,9,7,1148.0,1581.0,677.0,0.0,127.55555555555556,218.69105555046772,1173.0,0.0,225.8571428571429,430.0986044197418,6.285382282842988,292473.5005445467,953154.0,2545589.0,400371.8308422586,1104984.0,2455849.0,432587.632969976,979295.0,0,192,152,3.535527534099181,2.7498547487438074,0.0,1173.0,160.5294117647059,312.04409096453395,97371.51470588232,0,0,170.5625,127.55555555555556,225.8571428571429,9,1148,7,1581,8192,62852,5,20,0
6,206,3,0,77.0,0.0,46.0,0.0,25.6666666667,23.4591844132,0.0,0.0,0.0,0.0,14563.1067961165,120.2081528017,188.0,206.0,120.2081528017,188.0,0.0,0.0,0.0,1,60,0,14563.1067961165,0.0,0.0,46.0,30.75,21.6852484422,470.25,1,1,41.0,25.6666666667,0.0,3,77,0,0,256,-1,1,20,0
6,141579,3,1,0.0,0.0,0.0,0.0,0.0,0.0,0.0,0.0,0.0,0.0,28.25277760119792,81693.91285157052,141525.0,141579.0,100111.4709736102,141579.0,0.0,0.0,0.0,0,72,32,21.18958320089844,7.063194400299479,0.0,0.0,0.0,0.0,0.0,0,0,0.0,0.0,0.0,3,0,1,0,8192,8192,0,20,0
6,37,1,1,0.0,0.0,0.0,0.0,0.0,0.0,0.0,0.0,0.0,0.0,54054.05405405405,0.0,37.0,0.0,0.0,0.0,0.0,0.0,0.0,0,20,20,27027.027027027027,27027.027027027027,0.0,0.0,0.0,0.0,0.0,0,1,0.0,0.0,0.0,1,0,1,0,181,258,0,20,0
6,2143140,10,7,1138.0,1581.0,677.0,0.0,113.8,209.6175353,1173.0,0.0,225.8571429,430.0986044,7.932286272,233534.2785,953369.0,2143140.0,342103.2785,1124977.0,2024325.0,330034.2263,953369.0,0,212,152,4.666050748,3.266235524,0.0,1173.0,151.0555556,304.9810934,93013.46732,0,0,159.9411765,113.8,225.8571429,10,1138,7,1581,8192,62862,5,20,0
6,1,2,0,0.0,0.0,0.0,0.0,0.0,0.0,0.0,0.0,0.0,0.0,2000000.0,0.0,1.0,1.0,0.0,1.0,0.0,0.0,0.0,0,40,0,2000000.0,0.0,0.0,0.0,0.0,0.0,0.0,0,1,0.0,0.0,0.0,2,0,0,0,181,-1,0,20,0
6,719,3,4,161.0,488.0,161.0,0.0,53.6666666667,92.9533933395,488.0,0.0,122.0,244.0,9735.7440890125,92.5449440362,235.0,396.0,91.9238815543,263.0,484.0,184.1774506647,362.0,0,72,92,4172.4617524339,5563.2823365786,0.0,488.0,81.125,173.7875858627,30202.125,0,0,92.7142857143,53.6666666667,122.0,3,161,4,488,8192,149,1,20,0
6,17608,5,2,935.0,349.0,935.0,0.0,187.0,418.1447118,349.0,0.0,174.5,246.7802666,397.5465697,6820.873307,16853.0,17608.0,8465.841403,17097.0,16853.0,0.0,16853.0,0,124,40,283.9618355,113.5847342,0.0,935.0,160.5,335.9302649,112849.1429,0,0,183.4285714,187.0,174.5,5,935,2,349,65535,32768,1,20,0
6,86,2,0,0.0,0.0,0.0,0.0,0.0,0.0,0.0,0.0,0.0,0.0,23255.81395348837,0.0,86.0,86.0,0.0,86.0,0.0,0.0,0.0,0,40,0,23255.81395348837,0.0,0.0,0.0,0.0,0.0,0.0,0,1,0.0,0.0,0.0,2,0,0,0,278,-1,0,20,0
17,12996,1,1,40.0,139.0,40.0,40.0,40.0,0.0,139.0,139.0,139.0,0.0,153.8935056940597,0.0,12996.0,0.0,0.0,0.0,0.0,0.0,0.0,0,8,8,76.94675284702986,76.94675284702986,40.0,139.0,73.0,57.15767664977295,3267.0,0,0,109.5,40.0,139.0,1,40,1,139,-1,-1,0,8,0
6,1757183,7,7,1138.0,1581.0,677.0,0.0,162.57142857142856,238.0314104922969,1173.0,0.0,225.8571428571429,430.0986044197418,7.9672976576713985,263797.4494808032,953898.0,1757183.0,401278.5126205572,1078969.0,1683704.0,347744.82476647536,953898.0,0,152,152,3.9836488288356993,3.9836488288356993,0.0,1173.0,181.26666666666665,327.22697816362154,107077.49523809525,0,0,194.2142857142857,162.57142857142858,225.8571428571429,7,1138,7,1581,8192,62862,5,20,0
6,45,1,1,0.0,0.0,0.0,0.0,0.0,0.0,0.0,0.0,0.0,0.0,44444.4444444444,0.0,45.0,0.0,0.0,0.0,0.0,0.0,0.0,0,20,20,22222.2222222222,22222.2222222222,0.0,0.0,0.0,0.0,0.0,0,1,0.0,0.0,0.0,1,0,1,0,180,255,0,20,0
6,88292860,2,0,0.0,0.0,0.0,0.0,0.0,0.0,0.0,0.0,0.0,0.0,0.0226518883,0.0,88292860.0,88292860.0,0.0,88292860.0,0.0,0.0,0.0,0,40,0,0.0226518883,0.0,0.0,0.0,0.0,0.0,0.0,0,1,0.0,0.0,0.0,2,0,0,0,63326,-1,0,20,0
6,5312784,4,4,97.0,231.0,97.0,0.0,24.25,48.5,231.0,0.0,57.75,115.5,1.5058018545,1985866.15980302,5262294.0,50490.0,28903.6196522166,50205.0,5312646.0,3066842.77250742,5312167.0,0,92,92,0.7529009273,0.7529009273,0.0,231.0,36.4444444444,79.6996096463,6352.0277777778,0,0,41.0,24.25,57.75,4,97,4,231,8192,141,1,20,0
6,116194397,16,14,445.0,706.0,434.0,0.0,27.812500000000004,108.3175693658851,706.0,0.0,50.428571428571416,188.68643679017163,0.2581880088417688,4848936.20173435,10008847.0,116194397.0,4172947.72148077,10100805.0,111342158.0,3758056.123569638,10149222.0,0,332,424,0.1377002713822767,0.1204877374594921,0.0,706.0,37.12903225806451,146.5227495272739,21468.916129032248,0,0,38.36666666666667,27.8125,50.42857142857143,16,445,14,706,8192,172,12,20,0
6,1952183,2,0,0.0,0.0,0.0,0.0,0.0,0.0,0.0,0.0,0.0,0.0,1.0244941176,0.0,1952183.0,1952183.0,0.0,1952183.0,0.0,0.0,0.0,0,64,0,1.0244941176,0.0,0.0,0.0,0.0,0.0,0.0,0,1,0.0,0.0,0.0,2,0,0,0,226,-1,0,32,1
17,256,1,1,46.0,62.0,46.0,46.0,46.0,0.0,62.0,62.0,62.0,0.0,7812.5,0.0,256.0,0.0,0.0,0.0,0.0,0.0,0.0,0,8,8,3906.25,3906.25,46.0,62.0,51.3333333333,9.237604307,85.3333333333,0,0,77.0,46.0,62.0,1,46,1,62,-1,-1,0,8,0
6,1223942,7,5,364.0,582.0,103.0,0.0,52.0,49.2172056636,409.0,0.0,116.4,167.0353256051,9.8043861556,127147.484997827,244515.0,1223942.0,99680.8051545866,247274.0,979979.0,1486.6901436861,247185.0,0,152,112,5.7192252574,4.0851608981,0.0,409.0,72.7692307692,109.5332170669,11997.5256410256,0,0,78.8333333333,52.0,116.4,7,364,5,582,8192,257,4,20,0
6,6093033,12,10,1132.0,2773.0,661.0,0.0,94.33333333333331,190.89422741561896,1173.0,0.0,277.3,480.0840319962515,3.610681248567011,434117.7631346789,1649021.0,6093033.0,558985.9635249269,1649021.0,5936084.0,558875.7108095333,1806648.0,0,276,212,1.9694624992183696,1.6412187493486412,0.0,1173.0,169.7826086956522,349.5393015386941,122177.72332015813,0,0,177.5,94.33333333333331,277.3,12,1132,10,2773,8192,62868,5,20,0
6,88,2,0,0.0,0.0,0.0,0.0,0.0,0.0,0.0,0.0,0.0,0.0,22727.272727272728,0.0,88.0,88.0,0.0,88.0,0.0,0.0,0.0,0,40,0,22727.272727272728,0.0,0.0,0.0,0.0,0.0,0.0,0,1,0.0,0.0,0.0,2,0,0,0,278,-1,0,20,0
6,29643,2,0,0.0,0.0,0.0,0.0,0.0,0.0,0.0,0.0,0.0,0.0,67.46955436,0.0,29643.0,29643.0,0.0,29643.0,0.0,0.0,0.0,0,40,0,67.46955436,0.0,0.0,0.0,0.0,0.0,0.0,0,1,0.0,0.0,0.0,2,0,0,0,32738,-1,0,20,1
6,60658632,12,15,577.0,4377.0,190.0,0.0,48.08333333333333,73.31185980370971,1460.0,0.0,291.8,528.9502001944174,0.4451138957436429,11443864.087567257,58406139.0,60658603.0,17552991.80572517,58406139.0,60647445.0,15580275.884508176,58428075.0,0,252,312,0.1978283981082857,0.2472854976353571,0.0,1460.0,176.92857142857144,403.8979453581688,163133.55026455031,0,0,183.4814814814815,48.083333333333336,291.8,12,577,15,4377,8192,290,5,20,0
0,95391579,62,0,0.0,0.0,0.0,0.0,0.0,0.0,0.0,0.0,0.0,0.0,0.649952549794778,1999767.5001678327,15203091.0,95391579.0,1999767.5001678327,15203091.0,0.0,0.0,0.0,0,0,0,0.649952549794778,0.0,0.0,0.0,0.0,0.0,0.0,0,0,0.0,0.0,0.0,62,0,0,0,-1,-1,0,0,0
6,23712056,2,0,0.0,0.0,0.0,0.0,0.0,0.0,0.0,0.0,0.0,0.0,0.08434528,0.0,23700000.0,23700000.0,0.0,23700000.0,0.0,0.0,0.0,0,40,0,0.08434528,0.0,0.0,0.0,0.0,0.0,0.0,0,1,0.0,0.0,0.0,2,0,0,0,2049,-1,0,20,1
6,1366513,8,7,1052.0,1429.0,581.0,0.0,131.5,196.37209577737872,1149.0,0.0,204.1428571428571,420.4990798925441,10.97684398172575,256766.28784002847,984418.0,1366513.0,384491.738862891,1065592.0,1310387.0,375399.73762559646,984418.0,0,172,152,5.854316790253733,5.122527191472017,0.0,1149.0,155.06249999999997,302.89700532249134,91746.59583333335,0,0,165.4,131.5,204.1428571428572,8,1052,7,1429,8192,62948,5,20,0
17,380,1,1,31.0,47.0,31.0,31.0,31.0,0.0,47.0,47.0,47.0,0.0,5263.157895,0.0,380.0,0.0,0.0,0.0,0.0,0.0,0.0,0,8,8,2631.578947,2631.578947,31.0,47.0,36.33333333,9.237604307,85.33333333,0,0,54.5,31.0,47.0,1,31,1,47,-1,-1,0,8,0
17,119761516,173,173,8650.0,36503.0,50.0,50.0,50.0,0.0,211.0,211.0,211.0,0.0,2.889074984655338,369057.188436586,2567035.0,119761455.0,171923.42088979445,2567148.0,119761403.0,171921.65086511945,2567135.0,0,1384,1384,1.444537492327669,1.444537492327669,50.0,211.0,130.26801152737747,80.61591078717719,6498.925072046111,0,0,130.64450867052022,50.0,211.0,173,8650,173,36503,-1,-1,172,8,0
6,68,2,0,0.0,0.0,0.0,0.0,0.0,0.0,0.0,0.0,0.0,0.0,29411.76470588236,0.0,68.0,68.0,0.0,68.0,0.0,0.0,0.0,0,40,0,29411.76470588236,0.0,0.0,0.0,0.0,0.0,0.0,0,1,0.0,0.0,0.0,2,0,0,0,2238,-1,0,20,0
6,1,2,0,0.0,0.0,0.0,0.0,0.0,0.0,0.0,0.0,0.0,0.0,2000000.0,0.0,1.0,1.0,0.0,1.0,0.0,0.0,0.0,0,40,0,2000000.0,0.0,0.0,0.0,0.0,0.0,0.0,0,1,0.0,0.0,0.0,2,0,0,0,176,-1,0,20,0
17,19914,1,1,52.0,108.0,52.0,52.0,52.0,0.0,108.0,108.0,108.0,0.0,100.43185698503564,0.0,19914.0,0.0,0.0,0.0,0.0,0.0,0.0,0,8,8,50.21592849251783,50.21592849251783,52.0,108.0,70.66666666666667,32.331615074619044,1045.3333333333337,0,0,106.0,52.0,108.0,1,52,1,108,-1,-1,0,8,0
6,64320529,18,22,1031.0,5957.0,251.0,0.0,57.2777777778,80.1820029356,1430.0,0.0,270.7727272727,452.109124187,0.6218854326,9350640.33400551,58273835.0,64320529.0,14124010.6676613,58325263.0,64258833.0,12714959.7879802,58285111.0,0,372,452,0.2798484447,0.3420369879,0.0,1430.0,170.4390243902,349.3841044453,122069.252439024,0,0,174.7,57.2777777778,270.7727272727,18,1031,22,5957,8192,184,9,20,0
6,3265,2,0,0.0,0.0,0.0,0.0,0.0,0.0,0.0,0.0,0.0,0.0,612.5574273,0.0,3265.0,3265.0,0.0,3265.0,0.0,0.0,0.0,0,64,0,612.5574273,0.0,0.0,0.0,0.0,0.0,0.0,0,1,0.0,0.0,0.0,2,0,0,0,225,-1,0,32,1
6,53634725,15,34,1294.0,5189.0,1294.0,0.0,86.26666666666667,334.1093633328265,1053.0,0.0,152.6176470588235,238.1756437062824,0.9135872328980896,1975204.89710984,4972469.0,53634725.0,1988996.69618317,5140435.0,50651025.0,2255952.843515602,5025512.0,0,300,680,0.2796695610912519,0.6339176718068378,0.0,1294.0,129.66,267.1770497598313,71383.57591836735,0,1,132.30612244897958,86.26666666666667,152.61764705882354,15,1294,34,5189,5564,5565,1,20,0
6,7796,5,2,935.0,260.0,935.0,0.0,187.0,418.1447118,260.0,0.0,130.0,183.8477631,897.8963571,2885.188082,7182.0,7796.0,3716.274389,7521.0,7182.0,0.0,7182.0,0,124,40,641.3545408,256.5418163,0.0,935.0,149.375,330.221111,109045.9821,0,0,170.7142857,187.0,130.0,5,935,2,260,65535,32768,1,20,0
6,3124992,10,7,1144.0,1581.0,677.0,0.0,114.4,209.8969059,1173.0,0.0,225.8571429,430.0986044,5.440013926,302383.0505,950021.0,3124992.0,400009.3768,1143111.0,2982828.0,436676.029,1131691.0,0,212,152,3.200008192,2.240005734,0.0,1173.0,151.3888889,305.0398506,93049.31046,0,0,160.2941176,114.4,225.8571429,10,1144,7,1581,8192,62856,5,20,0
6,117597497,10,9,875.0,320.0,517.0,0.0,87.5,159.9765608,150.0,0.0,35.55555556,51.76657008,0.161568065,19000000.0,58800000.0,118000000.0,25900000.0,58800000.0,118000000.0,27200000.0,58900000.0,0,212,192,0.085035824,0.076532241,0.0,517.0,59.75,118.8341945,14121.56579,0,0,62.89473684,87.5,35.55555556,10,875,9,320,8192,123,6,20,0
6,166,2,1,0.0,0.0,0.0,0.0,0.0,0.0,0.0,0.0,0.0,0.0,18072.289156626503,103.23759005323592,156.0,166.0,0.0,166.0,0.0,0.0,0.0,0,40,20,12048.192771084336,6024.096385542169,0.0,0.0,0.0,0.0,0.0,0,1,0.0,0.0,0.0,2,0,1,0,149,2238,0,20,0
6,1018100,6,5,455.0,338.0,140.0,0.0,75.83333333333333,62.9362110923963,145.0,0.0,67.6,69.75887040369848,10.80443964247127,131317.38280635627,254401.0,1018033.0,113817.88769916615,254601.0,1018004.0,46.38246795215891,254560.0,0,128,108,5.893330714075238,4.911108928396032,0.0,145.0,66.08333333333333,63.402693279950775,4019.901515151516,0,0,72.0909090909091,75.83333333333333,67.6,6,455,5,338,65535,0,4,20,0
6,2,1,1,0.0,0.0,0.0,0.0,0.0,0.0,0.0,0.0,0.0,0.0,1000000.0,0.0,2.0,0.0,0.0,0.0,0.0,0.0,0.0,0,40,20,500000.0,500000.0,0.0,0.0,0.0,0.0,0.0,0,0,0.0,0.0,0.0,1,0,1,0,26883,0,0,40,1
17,31009,2,2,84.0,210.0,42.0,42.0,42.0,0.0,105.0,105.0,105.0,0.0,128.994807959,16442.669045302,29315.0,30630.0,0.0,30630.0,29694.0,0.0,29694.0,0,16,16,64.4974039795,64.4974039795,42.0,105.0,67.2,34.5065211228,1190.7,0,0,84.0,42.0,105.0,2,84,2,210,-1,-1,1,8,0
6,999736,2,0,0.0,0.0,0.0,0.0,0.0,0.0,0.0,0.0,0.0,0.0,2.0005281394,0.0,999736.0,999736.0,0.0,999736.0,0.0,0.0,0.0,0,40,0,2.0005281394,0.0,0.0,0.0,0.0,0.0,0.0,0,1,0.0,0.0,0.0,2,0,0,0,5519,-1,0,20,0
6,136,3,0,31.0,0.0,31.0,0.0,10.333333333333332,17.8978583448784,0.0,0.0,0.0,0.0,22058.82352941177,74.95331880577403,121.0,136.0,74.95331880577403,121.0,0.0,0.0,0.0,0,60,0,22058.82352941177,0.0,0.0,31.0,7.75,15.500000000000002,240.25000000000003,0,1,10.333333333333334,10.333333333333334,0.0,3,31,0,0,255,-1,1,20,0
6,1009,3,4,148.0,243.0,148.0,0.0,49.333333333333336,85.44783984006462,243.0,0.0,60.75,121.5,6937.5619425173445,105.34973500994992,302.0,480.0,79.19595949289332,296.0,769.0,206.3257941541322,436.0,0,72,92,2973.2408325074334,3964.321110009911,0.0,243.0,48.875,93.99306585366512,8834.69642857143,0,0,55.85714285714285,49.333333333333336,60.75,3,148,4,243,8192,149,1,20,0
17,1067,1,1,38.0,54.0,38.0,38.0,38.0,0.0,54.0,54.0,54.0,0.0,1874.414245548266,0.0,1067.0,0.0,0.0,0.0,0.0,0.0,0.0,0,8,8,937.207122774133,937.207122774133,38.0,54.0,43.333333333333336,9.237604307034012,85.33333333333333,0,0,65.0,38.0,54.0,1,38,1,54,-1,-1,0,8,0
17,1073,1,1,51.0,79.0,51.0,51.0,51.0,0.0,79.0,79.0,79.0,0.0,1863.932898,0.0,1073.0,0.0,0.0,0.0,0.0,0.0,0.0,0,8,8,931.9664492,931.9664492,51.0,79.0,60.33333333,16.16580754,261.3333333,0,0,90.5,51.0,79.0,1,51,1,79,-1,-1,0,8,1
6,1611723,3,4,20.0,964.0,20.0,0.0,6.666666667,11.54700538,964.0,0.0,241.0,482.0,4.343178077,657788.6815,1611326.0,367.0,210.010714,332.0,1611716.0,930186.9326,1611326.0,0,72,92,1.861362033,2.481816044,0.0,964.0,123.0,339.8873763,115523.4286,0,0,140.5714286,6.666666667,241.0,3,20,4,964,8192,211,1,20,1
6,60759867,17,15,2260.0,6006.0,672.0,0.0,132.94117647058823,248.47899070852927,1460.0,0.0,400.4,574.2346210391707,0.52666343064905,3988311.767386866,10134411.0,60759867.0,4982715.164180185,10202992.0,60691144.0,5127199.874624826,10202999.0,0,352,372,0.2797899475323078,0.2468734831167421,0.0,1460.0,250.48484848484853,441.55429459553176,194970.19507575763,0,0,258.3125,132.94117647058823,400.4,17,2260,15,6006,8192,125,10,20,0
6,117850302,11,10,631.0,4024.0,198.0,0.0,57.36363636363637,74.75864194495875,1460.0,0.0,402.4,594.3246774467826,0.17819216110282,18060267.976531588,58952156.0,117850302.0,24745814.108818486,58952156.0,117757211.0,25898252.136519745,59045527.0,0,232,212,0.0933387510538581,0.0848534100489619,0.0,1460.0,211.5909090909091,431.2431265529159,185970.63419913425,0,0,221.66666666666663,57.36363636363637,402.4,11,631,10,4024,8192,980,6,20,0
6,14465,2,0,0.0,0.0,0.0,0.0,0.0,0.0,0.0,0.0,0.0,0.0,138.264777,0.0,14465.0,14465.0,0.0,14465.0,0.0,0.0,0.0,0,40,0,138.264777,0.0,0.0,0.0,0.0,0.0,0.0,0,1,0.0,0.0,0.0,2,0,0,0,32738,-1,0,20,1
6,116274919,23,21,1233.0,7160.0,434.0,0.0,53.60869565217392,129.02950301470335,1460.0,0.0,340.95238095238096,555.5043182721874,0.3784135080756324,4405712.405832445,10016227.0,116274919.0,4983387.993633186,10046621.0,110758891.0,5099429.679848774,10046502.0,0,472,564,0.1978070610395351,0.1806064470360972,0.0,1460.0,186.51111111111112,412.3078407641013,169997.75555555554,0,0,190.75,53.60869565217392,340.95238095238096,23,1233,21,7160,8192,1013,16,20,0
6,4809,2,0,0.0,0.0,0.0,0.0,0.0,0.0,0.0,0.0,0.0,0.0,415.8868788,0.0,4809.0,4809.0,0.0,4809.0,0.0,0.0,0.0,0,64,0,415.8868788,0.0,0.0,0.0,0.0,0.0,0.0,0,1,0.0,0.0,0.0,2,0,0,0,225,-1,0,32,1
6,3123,2,0,0.0,0.0,0.0,0.0,0.0,0.0,0.0,0.0,0.0,0.0,640.4098623118796,0.0,3123.0,3123.0,0.0,3123.0,0.0,0.0,0.0,0,40,0,640.4098623118796,0.0,0.0,0.0,0.0,0.0,0.0,0,1,0.0,0.0,0.0,2,0,0,0,256,-1,0,20,0
6,145413,3,2,54.0,0.0,54.0,0.0,18.0,31.17691454,0.0,0.0,0.0,0.0,34.38482116,66191.56254,135409.0,135690.0,95549.92513,135409.0,145396.0,0.0,145396.0,0,72,52,20.6308927,13.75392847,0.0,54.0,9.0,22.04540769,486.0,0,0,10.8,18.0,0.0,3,54,2,0,8192,0,1,20,1
6,5863841,9,7,362.0,5201.0,205.0,0.0,40.22222222,74.41568682,1460.0,0.0,743.0,696.8966925,2.728586945,1482853.527,5750901.0,5863841.0,2027660.846,5750901.0,49972.0,12058.55369,26663.0,0,192,152,1.534830157,1.193756788,0.0,1460.0,327.2352941,559.9545215,313549.0662,0,0,347.6875,40.22222222,743.0,9,362,7,5201,8192,119,3,20,0
6,1316324,3,4,20.0,964.0,20.0,0.0,6.666666667,11.54700538,964.0,0.0,241.0,482.0,5.317839681,537216.063,1315975.0,326.0,227.6883835,324.0,1316321.0,759678.6543,1315975.0,0,72,92,2.279074149,3.038765532,0.0,964.0,123.0,339.8873763,115523.4286,0,0,140.5714286,6.666666667,241.0,3,20,4,964,8192,211,1,20,1
6,54319475,2,0,0.0,0.0,0.0,0.0,0.0,0.0,0.0,0.0,0.0,0.0,0.0368192071075797,0.0,54319475.0,54319475.0,0.0,54319475.0,0.0,0.0,0.0,0,40,0,0.0368192071075797,0.0,0.0,0.0,0.0,0.0,0.0,0,1,0.0,0.0,0.0,2,0,0,0,279,-1,0,20,0
17,369,1,1,34.0,162.0,34.0,34.0,34.0,0.0,162.0,162.0,162.0,0.0,5420.054200542005,0.0,369.0,0.0,0.0,0.0,0.0,0.0,0.0,0,8,8,2710.0271002710024,2710.0271002710024,34.0,162.0,76.66666666666666,73.9008344562721,5461.333333333333,0,0,115.0,34.0,162.0,1,34,1,162,-1,-1,0,8,0
6,273214,7,5,364.0,582.0,103.0,0.0,52.0,49.2172056636,409.0,0.0,116.4,167.0353256051,43.9216145586,27889.0572708105,54051.0,273214.0,22296.0897618095,56948.0,219221.0,1429.8219877547,56945.0,0,152,112,25.6209418258,18.3006727327,0.0,409.0,72.7692307692,109.5332170669,11997.5256410256,0,0,78.8333333333,52.0,116.4,7,364,5,582,8192,255,4,20,0
6,48645252,8,9,435.0,1951.0,431.0,0.0,54.375,152.18028546994609,1460.0,0.0,216.7777777777777,493.67848286556347,0.3494688443591576,4645586.232937403,10012468.0,40167563.0,5348246.834637301,10030993.0,48614607.0,5051972.855990546,10043166.0,0,172,240,0.1644559267572506,0.1850129176019069,0.0,1460.0,132.55555555555557,363.1697419085304,131892.26143790854,0,0,140.35294117647058,54.375,216.77777777777777,8,435,9,1951,8192,946,5,20,0
6,117519053,16,16,1061.0,3754.0,416.0,0.0,66.3125,112.5668505082,1430.0,0.0,234.625,473.070660684,0.2722962718,14588696.0232322,58876819.0,117519053.0,20556178.0439018,58928478.0,117449900.0,20568652.1892906,58888228.0,0,332,332,0.1361481359,0.1361481359,0.0,1430.0,145.9090909091,344.4014158323,118612.335227273,0,0,150.46875,66.3125,234.625,16,1061,16,3754,8192,180,8,20,0
6,2412290,8,8,1138.0,1581.0,677.0,0.0,142.25,227.7465697,1173.0,0.0,197.625,406.121705,6.632701707,246700.3204,953116.0,2412290.0,411686.114,1257343.0,2158441.0,298308.5263,953116.0,0,172,172,3.316350853,3.316350853,0.0,1173.0,159.9411765,311.9564214,97316.80882,0,0,169.9375,142.25,197.625,8,1138,8,1581,8192,62862,5,20,0
6,162265,9,7,581.0,3834.0,198.0,0.0,64.55555555555556,90.31764931494718,1460.0,0.0,547.7142857142857,654.3624669059482,98.60413521092042,18211.464009819538,58201.0,162265.0,21704.22057334537,58201.0,98640.0,29979.23597425392,76174.0,0,192,152,55.46482605614273,43.13930915477768,0.0,1460.0,259.7058823529412,476.0016760351116,226577.5955882353,0,0,275.9375,64.55555555555556,547.7142857142857,9,581,7,3834,8192,62,4,20,0
6,118506083,13,10,592.0,4602.0,192.0,0.0,45.53846153846154,68.04363230630695,1430.0,0.0,460.19999999999993,636.6695985970885,0.1940828640838631,17244216.981940974,58951606.0,118506083.0,22788957.517514963,58951606.0,118350512.0,25891816.47897784,59108114.0,0,272,212,0.1096990101343574,0.0843838539495056,0.0,1430.0,216.4166666666667,453.2215042162695,205409.731884058,0,0,225.8260869565217,45.53846153846154,460.2,13,592,10,4602,8192,176,6,20,0
6,467,2,0,0.0,0.0,0.0,0.0,0.0,0.0,0.0,0.0,0.0,0.0,4282.655246,0.0,467.0,467.0,0.0,467.0,0.0,0.0,0.0,0,64,0,4282.655246,0.0,0.0,0.0,0.0,0.0,0.0,0,1,0.0,0.0,0.0,2,0,0,0,225,-1,0,32,1
6,2326,2,0,0.0,0.0,0.0,0.0,0.0,0.0,0.0,0.0,0.0,0.0,859.8452279,0.0,2326.0,2326.0,0.0,2326.0,0.0,0.0,0.0,0,64,0,859.8452279,0.0,0.0,0.0,0.0,0.0,0.0,0,1,0.0,0.0,0.0,2,0,0,0,225,-1,0,32,1
17,1132,1,1,35.0,83.0,35.0,35.0,35.0,0.0,83.0,83.0,83.0,0.0,1766.7844522968198,0.0,1132.0,0.0,0.0,0.0,0.0,0.0,0.0,0,8,8,883.3922261484099,883.3922261484099,35.0,83.0,51.0,27.712812921102035,768.0,0,0,76.5,35.0,83.0,1,35,1,83,-1,-1,0,8,0
6,46036201,8,9,452.0,2090.0,448.0,0.0,56.5,158.1906625382349,1460.0,0.0,232.22222222222223,505.3656541994563,0.369274606303852,4510873.76545235,10095914.0,40380126.0,5384746.553012465,10113043.0,46019428.0,4990347.16350871,10112770.0,0,172,240,0.1737762853194598,0.1954983209843922,0.0,1460.0,141.22222222222223,373.3962657041847,139424.77124183005,0,0,149.52941176470588,56.5,232.22222222222223,8,452,9,2090,8192,30,5,20,0
6,575,3,4,161.0,488.0,161.0,0.0,53.66666667,92.95339334,488.0,0.0,122.0,244.0,12173.91304,65.05510485,170.0,312.0,72.12489168,207.0,405.0,146.2463675,291.0,0,72,92,5217.391304,6956.521739,0.0,488.0,81.125,173.7875859,30202.125,0,0,92.71428571,53.66666667,122.0,3,161,4,488,8192,149,1,20,0
6,1326,5,2,935.0,314.0,935.0,0.0,187.0,418.1447118,314.0,0.0,157.0,222.0315293,5279.034691,288.9179814,752.0,1326.0,498.0043507,1063.0,752.0,0.0,752.0,0,124,40,3770.739065,1508.295626,0.0,935.0,156.125,333.3425683,111117.2679,0,0,178.4285714,187.0,157.0,5,935,2,314,65535,32768,1,20,0
17,130584,2,2,64.0,250.0,32.0,32.0,32.0,0.0,125.0,125.0,125.0,0.0,30.63162408870918,59924.72168479383,111875.0,18708.0,0.0,18708.0,1.0,0.0,1.0,0,16,16,15.31581204435459,15.31581204435459,32.0,125.0,69.2,50.93819784798045,2594.7,0,0,86.5,32.0,125.0,2,64,2,250,-1,-1,1,8,0
0,98614001,59,0,0.0,0.0,0.0,0.0,0.0,0.0,0.0,0.0,0.0,0.0,0.598292325650594,1672134.5113649762,8850010.0,98614001.0,1672134.5113649762,8850010.0,0.0,0.0,0.0,0,0,0,0.598292325650594,0.0,0.0,0.0,0.0,0.0,0.0,0,0,0.0,0.0,0.0,59,0,0,0,-1,-1,0,0,0
17,462,1,1,34.0,98.0,34.0,34.0,34.0,0.0,98.0,98.0,98.0,0.0,4329.0043290043,0.0,462.0,0.0,0.0,0.0,0.0,0.0,0.0,0,8,8,2164.5021645022,2164.5021645022,34.0,98.0,55.3333333333,36.9504172281,1365.3333333333,0,0,83.0,34.0,98.0,1,34,1,98,-1,-1,0,8,0
17,46542,2,2,84.0,310.0,42.0,42.0,42.0,0.0,155.0,155.0,155.0,0.0,85.9438786472,23227.088345292,42218.0,42218.0,0.0,42218.0,1.0,0.0,1.0,0,16,16,42.9719393236,42.9719393236,42.0,155.0,87.2,61.8926489981,3830.7,0,0,109.0,42.0,155.0,2,84,2,310,-1,-1,1,8,0
6,117205149,15,16,1128.0,4973.0,478.0,0.0,75.2,129.0194891147,1430.0,0.0,310.8125,486.2479777164,0.2644934993,14731545.1865951,58217836.0,117205149.0,21097072.4744299,58354158.0,117049475.0,20471967.169384,58314169.0,0,312,332,0.1279807255,0.1365127739,0.0,1430.0,190.65625,370.1308930962,136996.878024194,0,0,196.8064516129,75.2,310.8125,15,1128,16,4973,8192,180,8,20,0
6,86208676,2,0,0.0,0.0,0.0,0.0,0.0,0.0,0.0,0.0,0.0,0.0,0.0231995211,0.0,86208676.0,86208676.0,0.0,86208676.0,0.0,0.0,0.0,0,40,0,0.0231995211,0.0,0.0,0.0,0.0,0.0,0.0,0,1,0.0,0.0,0.0,2,0,0,0,62541,-1,0,20,0
6,53,2,0,0.0,0.0,0.0,0.0,0.0,0.0,0.0,0.0,0.0,0.0,37735.84905660377,0.0,53.0,53.0,0.0,53.0,0.0,0.0,0.0,0,40,0,37735.84905660377,0.0,0.0,0.0,0.0,0.0,0.0,0,1,0.0,0.0,0.0,2,0,0,0,2239,-1,0,20,0
6,6431874,12,8,1148.0,1600.0,677.0,0.0,95.66666666666666,195.2189136390843,1173.0,0.0,200.0,404.8544712080415,3.109513650298498,842158.0066771618,3398580.0,6431874.0,1059687.211294429,3398580.0,6430751.0,1238709.980398925,3419021.0,0,264,172,1.8657081901790988,1.243805460119399,0.0,1173.0,130.85714285714283,286.0764383367295,81839.72857142858,0,0,137.4,95.66666666666669,200.0,12,1148,8,1600,8192,62852,5,20,0
6,593376,7,5,364.0,594.0,103.0,0.0,52.0,49.21720566360237,409.0,0.0,118.8,165.79414947458187,20.2232648438764,61408.066468650366,129715.0,593376.0,48750.459103479225,129788.0,463626.0,2385.3039638586943,119336.0,0,152,112,11.79690449226123,8.426360351615164,0.0,409.0,73.6923076923077,109.3094877060729,11948.564102564102,0,0,79.83333333333333,52.0,118.8,7,364,5,594,8192,255,4,20,0
6,29958,2,0,0.0,0.0,0.0,0.0,0.0,0.0,0.0,0.0,0.0,0.0,66.76013085,0.0,29958.0,29958.0,0.0,29958.0,0.0,0.0,0.0,0,40,0,66.76013085,0.0,0.0,0.0,0.0,0.0,0.0,0,1,0.0,0.0,0.0,2,0,0,0,32738,-1,0,20,1
6,2260884,9,7,1128.0,1581.0,661.0,0.0,125.3333333333,213.4830204021,1173.0,0.0,225.8571428571,430.0986044197,7.0768778938,239433.929179638,953090.0,2260884.0,364130.899803511,1164665.0,2110555.0,317631.431391427,953090.0,0,192,152,3.9807438153,3.0961340785,0.0,1173.0,159.3529411765,310.3705328266,96329.8676470588,0,0,169.3125,125.3333333333,225.8571428571,9,1128,7,1581,8192,62872,5,20,0
6,79771,3,4,161.0,488.0,161.0,0.0,53.6666666667,92.9533933395,488.0,0.0,122.0,244.0,87.751187775,32311.207686601,79250.0,79468.0,55884.0631307352,79250.0,79606.0,45848.8736212061,79477.0,0,72,92,37.6076519036,50.1435358714,0.0,488.0,81.125,173.7875858627,30202.125,0,0,92.7142857143,53.6666666667,122.0,3,161,4,488,8192,149,1,20,0
6,1693174,8,7,1052.0,1429.0,581.0,0.0,131.5,196.37209577737872,1149.0,0.0,204.1428571428571,420.4990798925441,8.85910130913893,246229.03793857025,955811.0,1693174.0,390707.1841055225,1122649.0,1581230.0,339862.886923928,955811.0,0,172,152,4.724854031540763,4.134247277598168,0.0,1149.0,155.06249999999997,302.89700532249134,91746.59583333335,0,0,165.4,131.5,204.1428571428572,8,1052,7,1429,8192,62948,5,20,0
6,5754687,9,6,441.0,5589.0,238.0,0.0,49.0,86.85044617041412,1460.0,0.0,931.5,704.3049765549013,2.606570956856559,1478813.2934403578,5547593.0,5754687.0,1951616.8844788629,5547593.0,53365.0,14591.528107090086,27662.0,0,192,132,1.5639425741139354,1.0426283827426237,0.0,1460.0,376.875,605.2975989819663,366385.18333333335,0,0,402.0,49.0,931.5,9,441,6,5589,8192,512,3,20,0
17,305,1,1,32.0,48.0,32.0,32.0,32.0,0.0,48.0,48.0,48.0,0.0,6557.377049,0.0,305.0,0.0,0.0,0.0,0.0,0.0,0.0,0,8,8,3278.688525,3278.688525,32.0,48.0,37.33333333,9.237604307,85.33333333,0,0,56.0,32.0,48.0,1,32,1,48,-1,-1,0,8,0
6,1,1,1,0.0,0.0,0.0,0.0,0.0,0.0,0.0,0.0,0.0,0.0,2000000.0,0.0,1.0,0.0,0.0,0.0,0.0,0.0,0.0,0,40,20,1000000.0,1000000.0,0.0,0.0,0.0,0.0,0.0,0,0,0.0,0.0,0.0,1,0,1,0,26883,0,0,40,1
17,369,1,1,39.0,55.0,39.0,39.0,39.0,0.0,55.0,55.0,55.0,0.0,5420.054200542,0.0,369.0,0.0,0.0,0.0,0.0,0.0,0.0,0,8,8,2710.027100271,2710.027100271,39.0,55.0,44.3333333333,9.237604307,85.3333333333,0,0,66.5,39.0,55.0,1,39,1,55,-1,-1,0,8,0
6,15767,2,0,0.0,0.0,0.0,0.0,0.0,0.0,0.0,0.0,0.0,0.0,126.8472125,0.0,15767.0,15767.0,0.0,15767.0,0.0,0.0,0.0,0,64,0,126.8472125,0.0,0.0,0.0,0.0,0.0,0.0,0,1,0.0,0.0,0.0,2,0,0,0,225,-1,0,32,1
6,6323138,4,4,97.0,231.0,97.0,0.0,24.25,48.5,231.0,0.0,57.75,115.5,1.265194592,2362642.043,6261024.0,62114.0,35574.91895,61783.0,6322962.0,3650082.303,6322406.0,0,92,92,0.632597296,0.632597296,0.0,231.0,36.44444444,79.69960965,6352.027778,0,0,41.0,24.25,57.75,4,97,4,231,8192,141,1,20,0
17,326,1,1,35.0,51.0,35.0,35.0,35.0,0.0,51.0,51.0,51.0,0.0,6134.969325153375,0.0,326.0,0.0,0.0,0.0,0.0,0.0,0.0,0,8,8,3067.4846625766872,3067.4846625766872,35.0,51.0,40.333333333333336,9.237604307034012,85.33333333333333,0,0,60.5,35.0,51.0,1,35,1,51,-1,-1,0,8,0
6,2241501,8,7,1148.0,1581.0,677.0,0.0,143.5,228.1296624,1173.0,0.0,225.8571429,430.0986044,6.691944371,248458.213,953960.0,2241501.0,403829.1956,1219570.0,2038763.0,301879.45,953960.0,0,172,152,3.569036998,3.122907373,0.0,1173.0,170.5625,319.4332416,102037.5958,0,0,181.9333333,143.5,225.8571429,8,1148,7,1581,64240,62852,5,20,1
6,722,2,0,0.0,0.0,0.0,0.0,0.0,0.0,0.0,0.0,0.0,0.0,2770.083102,0.0,722.0,722.0,0.0,722.0,0.0,0.0,0.0,0,64,0,2770.083102,0.0,0.0,0.0,0.0,0.0,0.0,0,1,0.0,0.0,0.0,2,0,0,0,225,-1,0,32,1
6,116141753,16,14,443.0,706.0,432.0,0.0,27.687500000000004,107.81757355211936,706.0,0.0,50.428571428571416,188.68643679017163,0.2583050386711487,4868843.648535799,10117822.0,116141753.0,4224470.673967668,10214149.0,111875353.0,3776913.1609143806,10214237.0,0,332,424,0.1377626872912793,0.1205423513798693,0.0,706.0,37.064516129032256,146.34250589715236,21416.12903225807,0,0,38.3,27.6875,50.42857142857143,16,443,14,706,8192,172,12,20,0
17,12917,1,1,31.0,47.0,31.0,31.0,31.0,0.0,47.0,47.0,47.0,0.0,154.834713942866,0.0,12917.0,0.0,0.0,0.0,0.0,0.0,0.0,0,8,8,77.417356971433,77.417356971433,31.0,47.0,36.333333333333336,9.237604307034012,85.33333333333333,0,0,54.5,31.0,47.0,1,31,1,47,-1,-1,0,8,0
6,60145888,14,14,1067.0,5626.0,704.0,0.0,76.21428571,192.9528354,1460.0,0.0,401.8571429,604.5261154,0.465534734,4240076.781,10200000.0,60100000.0,5198693.033,10200000.0,60100000.0,5199682.075,10200000.0,0,292,352,0.232767367,0.232767367,0.0,1460.0,230.7931034,464.156099,215440.8842,0,0,239.0357143,76.21428571,401.8571429,14,1067,14,5626,8192,115,8,20,0
17,1065,1,1,40.0,139.0,40.0,40.0,40.0,0.0,139.0,139.0,139.0,0.0,1877.9342723004693,0.0,1065.0,0.0,0.0,0.0,0.0,0.0,0.0,0,8,8,938.9671361502348,938.9671361502348,40.0,139.0,73.0,57.15767664977295,3267.0,0,0,109.5,40.0,139.0,1,40,1,139,-1,-1,0,8,0
6,42,2,0,0.0,0.0,0.0,0.0,0.0,0.0,0.0,0.0,0.0,0.0,47619.04761904762,0.0,42.0,42.0,0.0,42.0,0.0,0.0,0.0,0,40,0,47619.04761904762,0.0,0.0,0.0,0.0,0.0,0.0,0,1,0.0,0.0,0.0,2,0,0,0,127,-1,0,20,0
17,1165,1,1,46.0,62.0,46.0,46.0,46.0,0.0,62.0,62.0,62.0,0.0,1716.7381974248926,0.0,1165.0,0.0,0.0,0.0,0.0,0.0,0.0,0,8,8,858.3690987124463,858.3690987124463,46.0,62.0,51.333333333333336,9.237604307034012,85.33333333333333,0,0,77.0,46.0,62.0,1,46,1,62,-1,-1,0,8,0
17,1416,1,1,33.0,95.0,33.0,33.0,33.0,0.0,95.0,95.0,95.0,0.0,1412.4293785310736,0.0,1416.0,0.0,0.0,0.0,0.0,0.0,0.0,0,8,8,706.2146892655368,706.2146892655368,33.0,95.0,53.66666666666667,35.7957166897568,1281.3333333333337,0,0,80.5,33.0,95.0,1,33,1,95,-1,-1,0,8,0
6,86086344,2,0,0.0,0.0,0.0,0.0,0.0,0.0,0.0,0.0,0.0,0.0,0.0232324885,0.0,86086344.0,86086344.0,0.0,86086344.0,0.0,0.0,0.0,0,40,0,0.0232324885,0.0,0.0,0.0,0.0,0.0,0.0,0,1,0.0,0.0,0.0,2,0,0,0,62560,-1,0,20,0
6,1001930,2,0,0.0,0.0,0.0,0.0,0.0,0.0,0.0,0.0,0.0,0.0,1.9961474354495825,0.0,1001930.0,1001930.0,0.0,1001930.0,0.0,0.0,0.0,0,80,0,1.9961474354495825,0.0,0.0,0.0,0.0,0.0,0.0,0,0,0.0,0.0,0.0,2,0,0,0,14600,-1,0,40,0
6,3920169,14,8,1441.0,1731.0,725.0,0.0,102.9285714286,191.1489408352,1179.0,0.0,216.375,405.4647906151,5.6120029519,249208.171345994,953151.0,3920169.0,341534.970162797,1254670.0,3860365.0,334066.911041144,953151.0,0,292,172,3.5712746058,2.0407283462,0.0,1179.0,137.9130434783,278.894719961,77782.2648221344,0,0,144.1818181818,102.9285714286,216.375,14,1441,8,1731,8192,62644,7,20,0
6,66,2,0,0.0,0.0,0.0,0.0,0.0,0.0,0.0,0.0,0.0,0.0,30303.0303030303,0.0,66.0,66.0,0.0,66.0,0.0,0.0,0.0,0,40,0,30303.0303030303,0.0,0.0,0.0,0.0,0.0,0.0,0,1,0.0,0.0,0.0,2,0,0,0,131,-1,0,20,0
6,294969,3,1,0.0,0.0,0.0,0.0,0.0,0.0,0.0,0.0,0.0,0.0,13.560747061555622,169410.7082418346,293941.0,294969.0,207236.7341098098,294023.0,0.0,0.0,0.0,0,68,28,10.170560296166716,3.390186765388905,0.0,0.0,0.0,0.0,0.0,0,0,0.0,0.0,0.0,3,0,1,0,8192,8192,0,20,0
17,1255,1,1,29.0,83.0,29.0,29.0,29.0,0.0,83.0,83.0,83.0,0.0,1593.625498,0.0,1255.0,0.0,0.0,0.0,0.0,0.0,0.0,0,8,8,796.812749,796.812749,29.0,83.0,47.0,31.17691454,972.0,0,0,70.5,29.0,83.0,1,29,1,83,-1,-1,0,8,0
6,20,1,1,0.0,0.0,0.0,0.0,0.0,0.0,0.0,0.0,0.0,0.0,100000.0,0.0,20.0,0.0,0.0,0.0,0.0,0.0,0.0,0,20,20,49999.99999999999,49999.99999999999,0.0,0.0,0.0,0.0,0.0,0,1,0.0,0.0,0.0,1,0,1,0,223,256,0,20,0
17,68625,2,2,90.0,122.0,45.0,45.0,45.0,0.0,61.0,61.0,61.0,0.0,58.2877959927,39013.6253250066,67924.0,68214.0,0.0,68214.0,68335.0,0.0,68335.0,0,16,16,29.1438979964,29.1438979964,45.0,61.0,51.4,8.7635609201,76.8,0,0,64.25,45.0,61.0,2,90,2,122,-1,-1,1,8,0
6,15504,5,2,935.0,323.0,935.0,0.0,187.0,418.1447118,323.0,0.0,161.5,228.3954903,451.496388,6080.14934,14993.0,15504.0,7591.230072,15262.0,14993.0,0.0,14993.0,0,124,40,322.49742,128.998968,0.0,935.0,157.25,333.9661018,111533.3571,0,0,179.7142857,187.0,161.5,5,935,2,323,65535,32768,1,20,0
6,3685026,10,7,1128.0,1581.0,661.0,0.0,112.8,205.1388689536,1173.0,0.0,225.8571428571,430.0986044197,4.6132646011,342196.008450104,1127293.0,3685026.0,435214.291698067,1162691.0,3531916.0,526218.711324737,1483739.0,0,212,152,2.7136850595,1.8995795416,0.0,1173.0,150.5,303.4372209516,92074.1470588235,0,0,159.3529411765,112.8,225.8571428571,10,1128,7,1581,8192,62872,5,20,0
6,5092837,5,4,935.0,357.0,935.0,0.0,187.0,418.1447118,357.0,0.0,89.25,178.5,1.767187915,1435455.958,4081090.0,5092837.0,2542094.077,5086349.0,1006627.0,579988.2121,1005255.0,0,168,144,0.981771064,0.785416851,0.0,935.0,129.2,304.5484089,92749.73333,0,1,143.5555556,187.0,89.25,5,935,4,357,219,211,1,32,0
6,4336550,5,3,935.0,359.0,935.0,0.0,187.0,418.1447118,359.0,0.0,119.6666667,207.2687466,1.844784448,1598633.464,4244578.0,4336550.0,2107088.036,4244584.0,54870.0,31273.91872,49549.0,0,168,104,1.15299028,0.691794168,0.0,935.0,143.7777778,319.5812799,102132.1944,0,1,161.75,187.0,119.6666667,5,935,3,359,219,211,1,32,0
17,104560,2,2,70.0,264.0,35.0,35.0,35.0,0.0,132.0,132.0,132.0,0.0,38.2555470543,42933.0573140713,82812.0,21747.0,0.0,21747.0,1.0,0.0,1.0,0,16,16,19.1277735272,19.1277735272,35.0,132.0,73.8,53.129088078,2822.7,0,0,92.25,35.0,132.0,2,70,2,264,-1,-1,1,8,0
17,317,1,1,32.0,128.0,32.0,32.0,32.0,0.0,128.0,128.0,128.0,0.0,6309.148264984227,0.0,317.0,0.0,0.0,0.0,0.0,0.0,0.0,0,8,8,3154.5741324921137,3154.5741324921137,32.0,128.0,64.0,55.42562584220407,3072.0,0,0,96.0,32.0,128.0,1,32,1,128,-1,-1,0,8,0
17,29854,2,2,80.0,202.0,40.0,40.0,40.0,0.0,101.0,101.0,101.0,0.0,133.9853955918805,11825.063269739125,23034.0,23034.0,0.0,23034.0,24.0,0.0,24.0,0,16,16,66.99269779594024,66.99269779594024,40.0,101.0,64.4,33.41107600781513,1116.3,0,0,80.5,40.0,101.0,2,80,2,202,-1,-1,1,8,0
17,1794,1,1,42.0,102.0,42.0,42.0,42.0,0.0,102.0,102.0,102.0,0.0,1114.8272017837237,0.0,1794.0,0.0,0.0,0.0,0.0,0.0,0.0,0,8,8,557.4136008918617,557.4136008918617,42.0,102.0,62.0,34.64101615137755,1200.0,0,0,93.0,42.0,102.0,1,42,1,102,-1,-1,0,8,0
6,1360265,2,0,0.0,0.0,0.0,0.0,0.0,0.0,0.0,0.0,0.0,0.0,1.4703017426751404,0.0,1360265.0,1360265.0,0.0,1360265.0,0.0,0.0,0.0,0,40,0,1.4703017426751404,0.0,0.0,0.0,0.0,0.0,0.0,0,1,0.0,0.0,0.0,2,0,0,0,256,-1,0,20,0
17,16285,2,2,94.0,254.0,47.0,47.0,47.0,0.0,127.0,127.0,127.0,0.0,245.6248081056,6593.1422200142,12890.0,15896.0,0.0,15896.0,3395.0,0.0,3395.0,0,16,16,122.8124040528,122.8124040528,47.0,127.0,79.0,43.8178046004,1920.0,0,0,98.75,47.0,127.0,2,94,2,254,-1,-1,1,8,0
6,86108324,2,0,0.0,0.0,0.0,0.0,0.0,0.0,0.0,0.0,0.0,0.0,0.023226558,0.0,86100000.0,86100000.0,0.0,86100000.0,0.0,0.0,0.0,0,40,0,0.023226558,0.0,0.0,0.0,0.0,0.0,0.0,0,1,0.0,0.0,0.0,2,0,0,0,62611,-1,0,20,0
6,733,3,4,161.0,488.0,161.0,0.0,53.6666666667,92.9533933395,488.0,0.0,122.0,244.0,9549.795361528,88.851374028,255.0,429.0,130.8147545195,307.0,478.0,168.6693016922,336.0,0,72,92,4092.7694406549,5457.0259208731,0.0,488.0,81.125,173.7875858627,30202.125,0,0,92.7142857143,53.6666666667,122.0,3,161,4,488,8192,149,1,20,0
6,137293,2,1,0.0,0.0,0.0,0.0,0.0,0.0,0.0,0.0,0.0,0.0,21.85107762,97052.52704,137273.0,137293.0,0.0,137293.0,0.0,0.0,0.0,0,40,20,14.56738508,7.283692541,0.0,0.0,0.0,0.0,0.0,0,0,0.0,0.0,0.0,2,0,1,0,1024,0,0,20,1
6,54523172,2,0,0.0,0.0,0.0,0.0,0.0,0.0,0.0,0.0,0.0,0.0,0.0366816516104382,0.0,54523172.0,54523172.0,0.0,54523172.0,0.0,0.0,0.0,0,40,0,0.0366816516104382,0.0,0.0,0.0,0.0,0.0,0.0,0,1,0.0,0.0,0.0,2,0,0,0,279,-1,0,20,0
17,419187,2,0,44.0,0.0,22.0,22.0,22.0,0.0,0.0,0.0,0.0,0.0,4.7711403264,0.0,419187.0,419187.0,0.0,419187.0,0.0,0.0,0.0,0,16,0,4.7711403264,0.0,22.0,22.0,22.0,0.0,0.0,0,0,33.0,22.0,0.0,2,44,0,0,-1,-1,1,8,0
6,89,2,0,0.0,0.0,0.0,0.0,0.0,0.0,0.0,0.0,0.0,0.0,22471.9101123596,0.0,89.0,89.0,0.0,89.0,0.0,0.0,0.0,0,40,0,22471.9101123596,0.0,0.0,0.0,0.0,0.0,0.0,0,1,0.0,0.0,0.0,2,0,0,0,278,-1,0,20,0
6,92771677,9,15,940.0,2609.0,268.0,0.0,104.44444444444444,123.78015906346936,747.0,0.0,173.93333333333337,280.76616266074177,0.2586996460137289,13330044.839019729,46846764.0,92721460.0,21441008.884942904,46896945.0,92761321.0,16803557.110440917,46857087.0,1,180,300,0.0970123672551483,0.1616872787585806,0.0,747.0,152.64,229.76181144829093,52790.48999999999,1,1,159.0,104.44444444444444,173.93333333333334,9,940,15,2609,255,276,5,20,0
6,184762,3,1,0.0,0.0,0.0,0.0,0.0,0.0,0.0,0.0,0.0,0.0,21.64947337656012,106590.99397385004,184668.0,184762.0,130645.04889202652,184761.0,0.0,0.0,0.0,0,72,32,16.237105032420086,5.412368344140028,0.0,0.0,0.0,0.0,0.0,0,0,0.0,0.0,0.0,3,0,1,0,8192,8192,0,20,0
6,86159,3,0,0.0,0.0,0.0,0.0,0.0,0.0,0.0,0.0,0.0,0.0,34.81934563,1338.553137,44026.0,86159.0,1338.553137,44026.0,0.0,0.0,0.0,0,96,0,34.81934563,0.0,0.0,0.0,0.0,0.0,0.0,0,1,0.0,0.0,0.0,3,0,0,0,225,-1,0,32,1
17,536,1,1,46.0,62.0,46.0,46.0,46.0,0.0,62.0,62.0,62.0,0.0,3731.3432835820895,0.0,536.0,0.0,0.0,0.0,0.0,0.0,0.0,0,8,8,1865.6716417910447,1865.6716417910447,46.0,62.0,51.333333333333336,9.237604307034012,85.33333333333333,0,0,77.0,46.0,62.0,1,46,1,62,-1,-1,0,8,0
6,4755116,4,4,97.0,232.0,97.0,0.0,24.25,48.5,232.0,0.0,58.0,116.0,1.6823984946,1770078.91492204,4693134.0,61982.0,35460.5994074174,61607.0,4754918.0,2744640.90731417,4754211.0,0,92,92,0.8411992473,0.8411992473,0.0,232.0,36.5555555556,80.0048609634,6400.7777777778,0,0,41.125,24.25,58.0,4,97,4,232,8192,141,1,20,0
6,42640682,10,9,876.0,1576.0,436.0,0.0,87.6,183.6235279042,788.0,0.0,175.1111111111,347.4753388532,0.4455838675,4208457.50935945,10004116.0,41346648.0,5137989.96088105,10015456.0,42629434.0,5032821.71376929,10015755.0,0,212,240,0.234517825,0.2110660425,0.0,788.0,122.6,263.7252158473,69550.9894736842,0,0,129.0526315789,87.6,175.1111111111,10,876,9,1576,8192,290,6,20,0
6,241726,3,1,0.0,0.0,0.0,0.0,0.0,0.0,0.0,0.0,0.0,0.0,16.5476614,139507.7467,241665.0,241726.0,170924.6796,241725.0,0.0,0.0,0.0,0,72,32,12.41074605,4.13691535,0.0,0.0,0.0,0.0,0.0,0,0,0.0,0.0,0.0,3,0,1,0,8192,8192,0,20,0
6,83,2,0,0.0,0.0,0.0,0.0,0.0,0.0,0.0,0.0,0.0,0.0,24096.385542168675,0.0,83.0,83.0,0.0,83.0,0.0,0.0,0.0,0,40,0,24096.385542168675,0.0,0.0,0.0,0.0,0.0,0.0,0,1,0.0,0.0,0.0,2,0,0,0,278,-1,0,20,0
17,231,1,1,33.0,49.0,33.0,33.0,33.0,0.0,49.0,49.0,49.0,0.0,8658.008658008657,0.0,231.0,0.0,0.0,0.0,0.0,0.0,0.0,0,8,8,4329.004329004329,4329.004329004329,33.0,49.0,38.333333333333336,9.237604307034012,85.33333333333333,0,0,57.5,33.0,49.0,1,33,1,49,-1,-1,0,8,0
17,349,1,1,54.0,86.0,54.0,54.0,54.0,0.0,86.0,86.0,86.0,0.0,5730.659025788,0.0,349.0,0.0,0.0,0.0,0.0,0.0,0.0,0,8,8,2865.329512894,2865.329512894,54.0,86.0,64.6666666667,18.4752086141,341.3333333333,0,0,97.0,54.0,86.0,1,54,1,86,-1,-1,0,8,0
6,2679,2,0,0.0,0.0,0.0,0.0,0.0,0.0,0.0,0.0,0.0,0.0,746.5472191116088,0.0,2679.0,2679.0,0.0,2679.0,0.0,0.0,0.0,0,40,0,746.5472191116088,0.0,0.0,0.0,0.0,0.0,0.0,0,1,0.0,0.0,0.0,2,0,0,0,255,-1,0,20,0
6,18632,5,2,935.0,272.0,935.0,0.0,187.0,418.1447118,272.0,0.0,136.0,192.3330445,375.6977243,7266.841588,17935.0,18632.0,9128.676611,18350.0,17935.0,0.0,17935.0,0,124,40,268.3555174,107.342207,0.0,935.0,150.875,330.8221091,109443.2679,0,0,172.4285714,187.0,136.0,5,935,2,272,65535,32768,1,20,0
6,86211948,2,0,0.0,0.0,0.0,0.0,0.0,0.0,0.0,0.0,0.0,0.0,0.023198641,0.0,86200000.0,86200000.0,0.0,86200000.0,0.0,0.0,0.0,0,40,0,0.023198641,0.0,0.0,0.0,0.0,0.0,0.0,0,1,0.0,0.0,0.0,2,0,0,0,62562,-1,0,20,0
6,820,3,0,77.0,0.0,46.0,0.0,25.66666667,23.45918441,0.0,0.0,0.0,0.0,3658.536585,554.3717165,802.0,820.0,554.3717165,802.0,0.0,0.0,0.0,1,60,0,3658.536585,0.0,0.0,46.0,30.75,21.68524844,470.25,1,1,41.0,25.66666667,0.0,3,77,0,0,253,-1,1,20,0
6,53980100,2,0,0.0,0.0,0.0,0.0,0.0,0.0,0.0,0.0,0.0,0.0,0.037050691,0.0,54000000.0,54000000.0,0.0,54000000.0,0.0,0.0,0.0,0,40,0,0.037050691,0.0,0.0,0.0,0.0,0.0,0.0,0,1,0.0,0.0,0.0,2,0,0,0,279,-1,0,20,0
6,4627328,5,3,935.0,396.0,935.0,0.0,187.0,418.1447118,396.0,0.0,132.0,228.6307066,1.728859506,1713162.993,4545928.0,4627328.0,2259479.812,4545934.0,53383.0,33719.80107,50535.0,0,168,104,1.080537191,0.648322315,0.0,935.0,147.8888889,322.9165699,104275.1111,0,1,166.375,187.0,132.0,5,935,3,396,237,211,1,32,0
17,28794,2,2,64.0,96.0,32.0,32.0,32.0,0.0,48.0,48.0,48.0,0.0,138.91783010349377,8907.250473631018,18163.0,28410.0,0.0,28410.0,10631.0,0.0,10631.0,0,16,16,69.45891505174689,69.45891505174689,32.0,48.0,38.4,8.763560920082657,76.8,0,0,48.0,32.0,48.0,2,64,2,96,-1,-1,1,8,0
6,1980027,8,7,1128.0,1581.0,661.0,0.0,141.00000000000003,222.62332055996032,1173.0,0.0,225.8571428571429,430.0986044197418,7.575654271381148,246071.63954293096,953185.0,1980027.0,396830.73309367895,1172362.0,1814928.0,319555.93876816,953185.0,0,172,152,4.040348944736612,3.535305326644536,0.0,1173.0,169.3125,317.73127403515065,100953.1625,0,0,180.6,141.0,225.8571428571429,8,1128,7,1581,8192,62872,5,20,0
17,306,1,1,41.0,57.0,41.0,41.0,41.0,0.0,57.0,57.0,57.0,0.0,6535.9477124183,0.0,306.0,0.0,0.0,0.0,0.0,0.0,0.0,0,8,8,3267.97385620915,3267.97385620915,41.0,57.0,46.333333333333336,9.237604307034012,85.33333333333333,0,0,69.5,41.0,57.0,1,41,1,57,-1,-1,0,8,0
6,54482508,2,0,0.0,0.0,0.0,0.0,0.0,0.0,0.0,0.0,0.0,0.0,0.03670903,0.0,54500000.0,54500000.0,0.0,54500000.0,0.0,0.0,0.0,0,40,0,0.03670903,0.0,0.0,0.0,0.0,0.0,0.0,0,1,0.0,0.0,0.0,2,0,0,0,279,-1,0,20,0
17,377,1,1,38.0,54.0,38.0,38.0,38.0,0.0,54.0,54.0,54.0,0.0,5305.039787798409,0.0,377.0,0.0,0.0,0.0,0.0,0.0,0.0,0,8,8,2652.5198938992044,2652.5198938992044,38.0,54.0,43.333333333333336,9.237604307034012,85.33333333333333,0,0,65.0,38.0,54.0,1,38,1,54,-1,-1,0,8,0
6,13039396,8,9,1148.0,1581.0,677.0,0.0,143.5,228.12966237897004,1173.0,0.0,175.66666666666666,385.561279176216,1.3037413696155864,1867033.7684012568,5564180.0,13039396.0,2607555.502910688,5676630.0,13027538.0,2440891.238179012,5564180.0,0,172,192,0.6135253504073348,0.6902160192082517,0.0,1173.0,151.61111111111114,305.08265782337605,93075.42810457516,0,0,160.52941176470588,143.5,175.66666666666666,8,1148,9,1581,8192,62852,5,20,0
6,21,1,1,0.0,0.0,0.0,0.0,0.0,0.0,0.0,0.0,0.0,0.0,95238.09523809524,0.0,21.0,0.0,0.0,0.0,0.0,0.0,0.0,0,20,20,47619.04761904762,47619.04761904762,0.0,0.0,0.0,0.0,0.0,0,1,0.0,0.0,0.0,1,0,1,0,172,255,0,20,0
6,5970177,4,4,97.0,231.0,97.0,0.0,24.25,48.5,231.0,0.0,57.75,115.5,1.339993772378943,2229366.805473164,5908355.0,61822.0,34859.08445919561,60858.0,5969995.0,3445772.791959785,5968834.0,0,92,92,0.6699968861894715,0.6699968861894715,0.0,231.0,36.44444444444444,79.6996096463325,6352.027777777778,0,0,41.0,24.25,57.75,4,97,4,231,8192,141,1,20,0
6,5336178,5,6,935.0,1476.0,935.0,0.0,187.0,418.1447118,369.0,0.0,246.0,190.5507806,2.061400501,1330414.882,4291564.0,5336178.0,2028525.615,4291571.0,1022434.0,193924.919,492093.0,0,168,200,0.937000228,1.124400273,0.0,935.0,200.9166667,291.4632234,84950.81061,0,1,219.1818182,187.0,246.0,5,935,6,1476,237,211,1,32,0
6,939368,5,4,286.0,170.0,103.0,0.0,57.2,52.48523601928451,131.0,0.0,42.5,61.7980582219215,9.580909718023182,160496.06450092696,336416.0,939306.0,153110.8206028126,336532.0,939337.0,21442.23263406433,336478.0,0,112,92,5.32272762112399,4.258182096899192,0.0,131.0,45.6,52.98469380658699,2807.3777777777777,0,0,50.66666666666666,57.2,42.5,5,286,4,170,8192,0,3,20,0
6,278,1,1,0.0,0.0,0.0,0.0,0.0,0.0,0.0,0.0,0.0,0.0,7194.2446043166,0.0,278.0,0.0,0.0,0.0,0.0,0.0,0.0,0,24,20,3597.1223021583,3597.1223021583,0.0,0.0,0.0,0.0,0.0,0,0,0.0,0.0,0.0,1,0,1,0,1024,0,0,24,0
6,45437470,7,5,36.0,0.0,31.0,0.0,5.1428571429,11.408017231,0.0,0.0,0.0,0.0,0.2640992115,4914474.4928652,10005245.0,45437470.0,4148169.1935873,10015390.0,40061350.0,115.1853578658,10015475.0,0,140,160,0.1540578734,0.1100413381,0.0,31.0,2.8461538462,8.473941958,71.8076923077,0,1,3.0833333333,5.1428571429,0.0,7,36,5,0,527,278,5,20,0
17,1538345,3,0,150.0,0.0,50.0,50.0,50.0,0.0,0.0,0.0,0.0,0.0,1.9501477237,17013.6962621295,781203.0,1538345.0,17013.6962621295,781203.0,0.0,0.0,0.0,0,24,0,1.9501477237,0.0,50.0,50.0,50.0,0.0,0.0,0,0,66.6666666667,50.0,0.0,3,150,0,0,-1,-1,2,8,0
17,12343,1,1,40.0,122.0,40.0,40.0,40.0,0.0,122.0,122.0,122.0,0.0,162.03516163007373,0.0,12343.0,0.0,0.0,0.0,0.0,0.0,0.0,0,8,8,81.01758081503687,81.01758081503687,40.0,122.0,67.33333333333333,47.34272207354931,2241.333333333333,0,0,101.0,40.0,122.0,1,40,1,122,-1,-1,0,8,0
6,2,1,1,0.0,0.0,0.0,0.0,0.0,0.0,0.0,0.0,0.0,0.0,1000000.0,0.0,2.0,0.0,0.0,0.0,0.0,0.0,0.0,0,40,20,500000.0,500000.0,0.0,0.0,0.0,0.0,0.0,0,0,0.0,0.0,0.0,1,0,1,0,26883,0,0,40,1
6,2341684,2,0,0.0,0.0,0.0,0.0,0.0,0.0,0.0,0.0,0.0,0.0,0.854086205,0.0,2341684.0,2341684.0,0.0,2341684.0,0.0,0.0,0.0,0,40,0,0.854086205,0.0,0.0,0.0,0.0,0.0,0.0,0,1,0.0,0.0,0.0,2,0,0,0,2049,-1,0,20,1
6,3588075,12,7,1148.0,1581.0,677.0,0.0,95.66666667,195.2189136,1173.0,0.0,225.8571429,430.0986044,5.29531852,356870.8168,1276226.0,3588075.0,458505.2327,1276226.0,2956213.0,541843.6942,1371438.0,0,252,152,3.344411697,1.950906823,0.0,1173.0,136.45,292.3279476,85455.62895,0,0,143.6315789,95.66666667,225.8571429,12,1148,7,1581,8192,62852,5,20,0
6,2788152,10,7,1036.0,1429.0,565.0,0.0,103.6,177.202457971415,1149.0,0.0,204.1428571428571,420.4990798925441,6.097228558557783,309403.9904545512,952025.0,2788152.0,414984.3739642494,1113227.0,2676338.0,462582.2674879212,1123573.0,0,212,152,3.5866050344457543,2.5106235241120283,0.0,1149.0,136.94444444444446,287.48452075407926,82647.34967320261,0,0,145.0,103.6,204.1428571428572,10,1036,7,1429,8192,62964,5,20,0
6,118310319,13,12,601.0,3364.0,201.0,0.0,46.23076923076923,69.68399367400647,1430.0,0.0,280.3333333333333,542.5774068501585,0.2113087024978776,16583603.4408639,58905053.0,118310319.0,22865607.79496047,58905053.0,118154753.0,23809724.134234767,59061383.0,0,272,252,0.1098805252988963,0.1014281771989812,0.0,1430.0,152.5,382.7650193003535,146509.05999999997,0,0,158.6,46.23076923076923,280.3333333333333,13,601,12,3364,8192,176,6,20,0
6,53782087,2,0,0.0,0.0,0.0,0.0,0.0,0.0,0.0,0.0,0.0,0.0,0.0371871028,0.0,53782087.0,53782087.0,0.0,53782087.0,0.0,0.0,0.0,0,40,0,0.0371871028,0.0,0.0,0.0,0.0,0.0,0.0,0,1,0.0,0.0,0.0,2,0,0,0,279,-1,0,20,0
17,17471,1,1,54.0,135.0,54.0,54.0,54.0,0.0,135.0,135.0,135.0,0.0,114.47541640432716,0.0,17471.0,0.0,0.0,0.0,0.0,0.0,0.0,0,8,8,57.23770820216358,57.23770820216358,54.0,135.0,81.0,46.76537180435969,2187.0,0,0,121.5,54.0,135.0,1,54,1,135,-1,-1,0,8,0
6,1100667,5,4,286.0,170.0,103.0,0.0,57.2,52.48523601928451,131.0,0.0,42.5,61.7980582219215,8.176860031235606,191010.8191565056,416727.0,1100597.0,186536.12439484743,417031.0,1100623.0,43324.24551372284,416877.0,0,112,92,4.542700017353114,3.634160013882491,0.0,131.0,45.6,52.98469380658699,2807.3777777777777,0,0,50.66666666666666,57.2,42.5,5,286,4,170,8192,0,3,20,0
6,984,3,4,161.0,488.0,161.0,0.0,53.66666666666666,92.95339333952974,488.0,0.0,122.0,244.0,7113.821138211381,140.6428099833049,387.0,523.0,204.35385976291224,406.0,597.0,166.0963575759565,353.0,0,72,92,3048.780487804878,4065.040650406504,0.0,488.0,81.125,173.78758586274222,30202.125,0,0,92.71428571428572,53.66666666666666,122.0,3,161,4,488,8192,149,1,20,0
6,2661370,8,7,1052.0,1429.0,581.0,0.0,131.5,196.37209577737872,1149.0,0.0,204.1428571428571,420.4990798925441,5.6361948921044425,256944.37790902323,953198.0,2661370.0,409262.0174084545,1278344.0,2391303.0,272844.84273575706,953198.0,0,168,148,3.005970609122369,2.630224282982073,0.0,1149.0,155.06249999999997,302.89700532249134,91746.59583333335,0,0,165.4,131.5,204.1428571428572,8,1052,7,1429,8192,62948,5,20,0
17,321,1,1,32.0,48.0,32.0,32.0,32.0,0.0,48.0,48.0,48.0,0.0,6230.5295950156,0.0,321.0,0.0,0.0,0.0,0.0,0.0,0.0,0,8,8,3115.2647975078,3115.2647975078,32.0,48.0,37.3333333333,9.237604307,85.3333333333,0,0,56.0,32.0,48.0,1,32,1,48,-1,-1,0,8,0
17,478,1,1,46.0,62.0,46.0,46.0,46.0,0.0,62.0,62.0,62.0,0.0,4184.100418,0.0,478.0,0.0,0.0,0.0,0.0,0.0,0.0,0,8,8,2092.050209,2092.050209,46.0,62.0,51.33333333,9.237604307,85.33333333,0,0,77.0,46.0,62.0,1,46,1,62,-1,-1,0,8,0
6,22095606,9,11,764.0,3675.0,205.0,0.0,84.8888888889,85.7357049957,1173.0,0.0,334.0909090909,539.2297199794,0.9051573421,2077619.96566307,6708585.0,22095606.0,3468797.56613139,9679434.0,19124707.0,2538451.21783106,6708585.0,0,192,268,0.407320804,0.4978365382,0.0,1173.0,211.380952381,407.4807328194,166040.547619048,0,0,221.95,84.8888888889,334.0909090909,9,764,11,3675,8192,63618,6,20,0
6,1883651,8,7,1032.0,1429.0,565.0,0.0,129.0,190.9195791800456,1149.0,0.0,204.1428571428571,420.4990798925441,7.963258586649013,245476.13804408457,952039.0,1883651.0,391080.4738793113,1147195.0,1737714.0,325062.9623392982,952039.0,0,172,152,4.247071246212807,3.716187340436206,0.0,1149.0,153.8125,301.3729071543537,90825.62916666668,0,0,164.06666666666666,129.0,204.1428571428572,8,1032,7,1429,8192,62968,5,20,0
6,116030848,16,14,443.0,706.0,432.0,0.0,27.687500000000004,107.81757355211936,706.0,0.0,50.428571428571416,188.68643679017163,0.2585519326722493,4850490.901400341,10014960.0,116030848.0,4186343.290152054,10109062.0,111390891.0,3760565.6074425927,10109869.0,0,332,424,0.1378943640918663,0.120657568580383,0.0,706.0,37.064516129032256,146.34250589715236,21416.12903225807,0,0,38.3,27.6875,50.42857142857143,16,443,14,706,8192,172,12,20,0
6,1886391,9,7,1138.0,1581.0,677.0,0.0,126.4444444,218.2504932,1173.0,0.0,225.8571429,430.0986044,8.481804674,251641.4533,953114.0,1886391.0,352603.8716,1050340.0,1842484.0,386141.6046,953114.0,0,192,152,4.771015129,3.710789545,0.0,1173.0,159.9411765,311.9564214,97316.80882,0,0,169.9375,126.4444444,225.8571429,9,1138,7,1581,8192,62862,5,20,0
6,2121756,8,7,1144.0,1581.0,677.0,0.0,143.0,227.9699228,1173.0,0.0,225.8571429,430.0986044,7.069615922,247416.6666,953464.0,2121756.0,399910.8491,1195989.0,1934236.0,310650.7426,953464.0,0,172,152,3.770461825,3.299154097,0.0,1173.0,170.3125,319.4027173,102018.0958,0,0,181.6666667,143.0,225.8571429,8,1144,7,1581,8192,62856,5,20,0
6,600,3,0,77.0,0.0,46.0,0.0,25.6666666667,23.4591844132,0.0,0.0,0.0,0.0,5000.0,394.5655839021,579.0,600.0,394.5655839021,579.0,0.0,0.0,0.0,1,60,0,5000.0,0.0,0.0,46.0,30.75,21.6852484422,470.25,1,1,41.0,25.6666666667,0.0,3,77,0,0,258,-1,1,20,0
6,61,3,1,31.0,0.0,31.0,0.0,10.333333333333332,17.8978583448784,0.0,0.0,0.0,0.0,65573.77049180328,3.214550253664318,24.0,61.0,16.263455967290593,42.0,0.0,0.0,0.0,0,60,20,49180.32786885246,16393.44262295082,0.0,31.0,6.2,13.863621460498695,192.2,0,1,7.75,10.333333333333334,0.0,3,31,1,0,980,0,1,20,0
6,3749226,13,7,1048.0,1429.0,581.0,0.0,80.61538461538461,163.8421692063933,1149.0,0.0,204.1428571428571,420.4990798925441,5.334434360585358,400483.5304194519,1590377.0,3749226.0,509703.5451414158,1590377.0,3601688.0,635070.5455092896,1740995.0,0,272,152,3.4673823343804826,1.8670520262048755,0.0,1149.0,117.95238095238092,270.8398929608554,73354.24761904762,0,0,123.85,80.61538461538461,204.1428571428572,13,1048,7,1429,64240,62952,5,20,0
6,49480,3,0,0.0,0.0,0.0,0.0,0.0,0.0,0.0,0.0,0.0,0.0,60.6305578,26877.12875,43745.0,49480.0,26877.12875,43745.0,0.0,0.0,0.0,0,96,0,60.6305578,0.0,0.0,0.0,0.0,0.0,0.0,0,1,0.0,0.0,0.0,3,0,0,0,225,-1,0,32,1
17,38871,2,2,104.0,422.0,52.0,52.0,52.0,0.0,211.0,211.0,211.0,0.0,102.90447891744488,21985.07011587637,38343.0,38526.0,0.0,38526.0,528.0,0.0,528.0,0,16,16,51.45223945872244,51.45223945872244,52.0,211.0,115.6,87.08788664332141,7584.3,0,0,144.5,52.0,211.0,2,104,2,422,-1,-1,1,8,0
17,357,1,1,45.0,61.0,45.0,45.0,45.0,0.0,61.0,61.0,61.0,0.0,5602.240896358543,0.0,357.0,0.0,0.0,0.0,0.0,0.0,0.0,0,8,8,2801.1204481792715,2801.1204481792715,45.0,61.0,50.333333333333336,9.237604307034012,85.33333333333333,0,0,75.5,45.0,61.0,1,45,1,61,-1,-1,0,8,0
6,1460,2,0,0.0,0.0,0.0,0.0,0.0,0.0,0.0,0.0,0.0,0.0,1369.863014,0.0,1460.0,1460.0,0.0,1460.0,0.0,0.0,0.0,0,64,0,1369.863014,0.0,0.0,0.0,0.0,0.0,0.0,0,1,0.0,0.0,0.0,2,0,0,0,225,-1,0,32,1
0,102754070,62,0,0.0,0.0,0.0,0.0,0.0,0.0,0.0,0.0,0.0,0.0,0.6033824256304398,2776964.86076844,21281156.0,102754070.0,2776964.86076844,21281156.0,0.0,0.0,0.0,0,0,0,0.6033824256304398,0.0,0.0,0.0,0.0,0.0,0.0,0,0,0.0,0.0,0.0,62,0,0,0,-1,-1,0,0,0
6,54,2,0,0.0,0.0,0.0,0.0,0.0,0.0,0.0,0.0,0.0,0.0,37037.03703703704,0.0,54.0,54.0,0.0,54.0,0.0,0.0,0.0,0,40,0,37037.03703703704,0.0,0.0,0.0,0.0,0.0,0.0,0,1,0.0,0.0,0.0,2,0,0,0,256,-1,0,20,0
6,17188,5,2,129.0,326.0,112.0,0.0,25.8,48.74628191,326.0,0.0,163.0,230.5168107,407.2608797,6593.82313,16319.0,17188.0,8017.357337,16319.0,64.0,0.0,64.0,0,124,40,290.9006283,116.3602513,0.0,326.0,56.875,115.4066568,13318.69643,0,0,65.0,25.8,163.0,5,129,2,326,8192,256,2,20,1
6,119759730,12,12,594.0,4601.0,194.0,0.0,49.5,69.9915579324977,1430.0,0.0,383.4166666666666,602.9742129769328,0.2004012534096394,16852369.98679266,58866426.0,119759730.0,23636351.905622464,58866426.0,119509940.0,23709853.830564223,59153844.0,0,252,252,0.1002006267048197,0.1002006267048197,0.0,1430.0,207.8,445.6842118211802,198634.41666666663,0,0,216.4583333333333,49.5,383.4166666666667,12,594,12,4601,8192,176,6,20,0
6,8179,2,0,0.0,0.0,0.0,0.0,0.0,0.0,0.0,0.0,0.0,0.0,244.528671,0.0,8179.0,8179.0,0.0,8179.0,0.0,0.0,0.0,0,64,0,244.528671,0.0,0.0,0.0,0.0,0.0,0.0,0,1,0.0,0.0,0.0,2,0,0,0,225,-1,0,32,1
6,14030068,2,0,0.0,0.0,0.0,0.0,0.0,0.0,0.0,0.0,0.0,0.0,0.142550984,0.0,14000000.0,14000000.0,0.0,14000000.0,0.0,0.0,0.0,0,40,0,0.142550984,0.0,0.0,0.0,0.0,0.0,0.0,0,1,0.0,0.0,0.0,2,0,0,0,2049,-1,0,20,1
17,907,1,1,38.0,66.0,38.0,38.0,38.0,0.0,66.0,66.0,66.0,0.0,2205.071664829107,0.0,907.0,0.0,0.0,0.0,0.0,0.0,0.0,0,8,8,1102.5358324145534,1102.5358324145534,38.0,66.0,47.333333333333336,16.165807537309522,261.33333333333337,0,0,71.0,38.0,66.0,1,38,1,66,-1,-1,0,8,0
6,12692,3,4,326.0,129.0,326.0,0.0,108.6666667,188.2161878,112.0,0.0,32.25,53.7672453,551.5285219,4659.325302,11614.0,615.0,359.9173516,562.0,12151.0,6555.78724,11614.0,0,72,92,236.3693665,315.1591554,0.0,326.0,56.875,115.4066568,13318.69643,0,0,65.0,108.6666667,32.25,3,326,4,129,8192,219,1,20,1
6,75796880,24,45,1081.0,46427.0,214.0,0.0,45.0416666667,69.980419104,1460.0,0.0,1031.7111111111,624.5374514653,0.9103277074,7342823.81526331,58886540.0,75796880.0,12517578.1502709,58886540.0,60645852.0,8875025.9621837,58896743.0,0,492,912,0.3166357243,0.5936919831,0.0,1460.0,678.6857142857,691.3507791223,477965.899792961,0,0,688.5217391304,45.0416666667,1031.7111111111,24,1081,45,46427,8192,127,9,20,0
6,5732246,3,1,0.0,0.0,0.0,0.0,0.0,0.0,0.0,0.0,0.0,0.0,0.6978067584677978,3299810.371390504,5721036.0,5732246.0,4037456.68399526,5721036.0,0.0,0.0,0.0,0,72,32,0.5233550688508484,0.1744516896169494,0.0,0.0,0.0,0.0,0.0,0,0,0.0,0.0,0.0,3,0,1,0,8192,65535,0,20,0
17,901,1,1,35.0,63.0,35.0,35.0,35.0,0.0,63.0,63.0,63.0,0.0,2219.7558268590456,0.0,901.0,0.0,0.0,0.0,0.0,0.0,0.0,0,8,8,1109.8779134295228,1109.8779134295228,35.0,63.0,44.333333333333336,16.165807537309522,261.33333333333337,0,0,66.5,35.0,63.0,1,35,1,63,-1,-1,0,8,0
6,633150,9,7,522.0,3285.0,204.0,0.0,58.0,85.57598962325822,1430.0,0.0,469.2857142857143,663.1738621421772,25.270473031667063,88017.51839832796,329432.0,633150.0,110562.95273572816,329432.0,209497.0,51203.18942181889,107416.0,0,192,152,14.214641080312722,11.05583195135434,0.0,1430.0,223.94117647058823,462.1092228288994,213544.93382352943,0,0,237.9375,58.0,469.2857142857143,9,522,7,3285,8192,172,4,20,0
6,115527280,22,22,697.0,9919.0,342.0,0.0,31.68181818,83.58023597,1460.0,0.0,450.8636364,637.9447875,0.380862425,4420955.069,10100000.0,116000000.0,5010392.8,10100000.0,111000000.0,5150400.687,10100000.0,0,452,584,0.190431212,0.190431212,0.0,1460.0,235.9111111,492.7407036,242793.401,0,0,241.2727273,31.68181818,450.8636364,22,697,22,9919,8192,980,15,20,0
6,85892851,2,0,0.0,0.0,0.0,0.0,0.0,0.0,0.0,0.0,0.0,0.0,0.0232848249500997,0.0,85892851.0,85892851.0,0.0,85892851.0,0.0,0.0,0.0,0,40,0,0.0232848249500997,0.0,0.0,0.0,0.0,0.0,0.0,0,1,0.0,0.0,0.0,2,0,0,0,64000,-1,0,20,0
6,116444081,16,14,846.0,6028.0,257.0,0.0,52.87500000000001,82.74126338572954,1460.0,0.0,430.5714285714287,600.9951637186333,0.2576343919103969,14943947.160383135,57967876.0,116444081.0,20383162.22394866,57967876.0,116368620.0,21789843.05366155,58048662.0,0,332,292,0.1374050090188783,0.1202293828915185,0.0,1460.0,221.7419354838709,444.004201762546,197139.7311827957,0,0,229.13333333333333,52.875,430.57142857142856,16,846,14,6028,8192,32,7,20,0
6,11375,3,4,326.0,129.0,326.0,0.0,108.6666667,188.2161878,112.0,0.0,32.25,53.7672453,615.3846154,4149.581879,10356.0,533.0,301.9345956,480.0,10918.0,5821.835822,10356.0,0,72,92,263.7362637,351.6483516,0.0,326.0,56.875,115.4066568,13318.69643,0,0,65.0,108.6666667,32.25,3,326,4,129,8192,219,1,20,1
6,1321868,7,5,364.0,582.0,103.0,0.0,52.0,49.2172056636,409.0,0.0,116.4,167.0353256051,9.0780622574,137621.399067019,280725.0,1321868.0,108342.088194139,280786.0,1053583.0,14010.5362108902,283623.0,0,152,112,5.2955363168,3.7825259406,0.0,409.0,72.7692307692,109.5332170669,11997.5256410256,0,0,78.8333333333,52.0,116.4,7,364,5,582,8192,255,4,20,0
6,3,1,1,0.0,0.0,0.0,0.0,0.0,0.0,0.0,0.0,0.0,0.0,666666.6667,0.0,3.0,0.0,0.0,0.0,0.0,0.0,0.0,0,40,20,333333.3333,333333.3333,0.0,0.0,0.0,0.0,0.0,0,0,0.0,0.0,0.0,1,0,1,0,26883,0,0,40,1
6,115474503,16,14,443.0,706.0,432.0,0.0,27.687500000000004,107.81757355211936,706.0,0.0,50.428571428571416,188.68643679017163,0.259797610906366,4881371.801005632,10004042.0,115474503.0,4144232.165909269,10015477.0,110255117.0,3747302.734701029,10025348.0,0,332,424,0.1385587258167285,0.1212388850896375,0.0,706.0,37.064516129032256,146.34250589715236,21416.12903225807,0,0,38.3,27.6875,50.42857142857143,16,443,14,706,8192,172,12,20,0
6,6,1,1,0.0,0.0,0.0,0.0,0.0,0.0,0.0,0.0,0.0,0.0,333333.333333333,0.0,6.0,0.0,0.0,0.0,0.0,0.0,0.0,0,32,32,166666.666666667,166666.666666667,0.0,0.0,0.0,0.0,0.0,0,1,0.0,0.0,0.0,1,0,1,0,241,230,0,32,1
0,34454561,10,0,0.0,0.0,0.0,0.0,0.0,0.0,0.0,0.0,0.0,0.0,0.2902373361,4315959.58939608,10121717.0,34454561.0,4315959.58939608,10121717.0,0.0,0.0,0.0,0,0,0,0.2902373361,0.0,0.0,0.0,0.0,0.0,0.0,0,0,0.0,0.0,0.0,10,0,0,0,-1,-1,0,0,0
6,2211170,8,7,1128.0,1581.0,661.0,0.0,141.0,222.6233206,1173.0,0.0,225.8571429,430.0986044,6.783738926,244252.2553,937539.0,2211170.0,399162.4649,1204979.0,2007291.0,296771.0093,937539.0,0,172,152,3.617994094,3.165744832,0.0,1173.0,169.3125,317.731274,100953.1625,0,0,180.6,141.0,225.8571429,8,1128,7,1581,8192,62872,5,20,0
6,1937763,10,8,1148.0,1581.0,677.0,0.0,114.8,210.0924664152536,1173.0,0.0,197.625,406.1217050167528,9.289061665435868,223860.8890970212,956016.0,1937763.0,333205.7651309473,1087829.0,1851467.0,317750.28275031445,956016.0,0,212,172,5.160589814131037,4.1284718513048295,0.0,1173.0,143.6315789473684,298.52027858278944,89114.35672514622,0,0,151.61111111111111,114.8,197.625,10,1148,8,1581,8192,62852,5,20,0
6,1073521,6,5,455.0,338.0,140.0,0.0,75.8333333333,62.9362110924,145.0,0.0,67.6,69.7588704037,10.2466556313,138474.835130952,268860.0,1073449.0,120014.212448776,268973.0,1073454.0,448.8982809799,268954.0,0,132,112,5.5890848898,4.6575707415,0.0,145.0,66.0833333333,63.40269328,4019.9015151515,0,0,72.0909090909,75.8333333333,67.6,6,455,5,338,8192,0,4,20,0
17,1062,1,1,42.0,117.0,42.0,42.0,42.0,0.0,117.0,117.0,117.0,0.0,1883.2391713747645,0.0,1062.0,0.0,0.0,0.0,0.0,0.0,0.0,0,8,8,941.6195856873824,941.6195856873824,42.0,117.0,67.0,43.30127018922193,1875.0,0,0,100.5,42.0,117.0,1,42,1,117,-1,-1,0,8,0
17,1078,1,1,31.0,47.0,31.0,31.0,31.0,0.0,47.0,47.0,47.0,0.0,1855.287569573284,0.0,1078.0,0.0,0.0,0.0,0.0,0.0,0.0,0,8,8,927.643784786642,927.643784786642,31.0,47.0,36.333333333333336,9.237604307034012,85.33333333333333,0,0,54.5,31.0,47.0,1,31,1,47,-1,-1,0,8,0
6,252,2,0,0.0,0.0,0.0,0.0,0.0,0.0,0.0,0.0,0.0,0.0,7936.5079365079,0.0,252.0,252.0,0.0,252.0,0.0,0.0,0.0,0,40,0,7936.5079365079,0.0,0.0,0.0,0.0,0.0,0.0,0,1,0.0,0.0,0.0,2,0,0,0,259,-1,0,20,0
6,37670143,2,0,0.0,0.0,0.0,0.0,0.0,0.0,0.0,0.0,0.0,0.0,0.053092445,0.0,37700000.0,37700000.0,0.0,37700000.0,0.0,0.0,0.0,0,40,0,0.053092445,0.0,0.0,0.0,0.0,0.0,0.0,0,1,0.0,0.0,0.0,2,0,0,0,2049,-1,0,20,1
6,22229,2,0,0.0,0.0,0.0,0.0,0.0,0.0,0.0,0.0,0.0,0.0,89.97255837,0.0,22229.0,22229.0,0.0,22229.0,0.0,0.0,0.0,0,64,0,89.97255837,0.0,0.0,0.0,0.0,0.0,0.0,0,1,0.0,0.0,0.0,2,0,0,0,225,-1,0,32,1
17,493,1,1,40.0,56.0,40.0,40.0,40.0,0.0,56.0,56.0,56.0,0.0,4056.795131845842,0.0,493.0,0.0,0.0,0.0,0.0,0.0,0.0,0,8,8,2028.397565922921,2028.397565922921,40.0,56.0,45.333333333333336,9.237604307034012,85.33333333333333,0,0,68.0,40.0,56.0,1,40,1,56,-1,-1,0,8,0
6,472,2,0,0.0,0.0,0.0,0.0,0.0,0.0,0.0,0.0,0.0,0.0,4237.288136,0.0,472.0,472.0,0.0,472.0,0.0,0.0,0.0,0,40,0,4237.288136,0.0,0.0,0.0,0.0,0.0,0.0,0,1,0.0,0.0,0.0,2,0,0,0,2052,-1,0,20,1
6,117176705,13,12,591.0,3634.0,191.0,0.0,45.46153846153846,67.86458991331608,1430.0,0.0,302.8333333333333,536.4087371895924,0.2133529868415399,16398197.178114064,58247629.0,117176705.0,22612699.461781364,58350904.0,117067991.0,23518085.4217807,58310430.0,0,272,252,0.1109435531576007,0.1024094336839391,0.0,1430.0,162.49999999999997,382.68245321676295,146445.86,0,0,169.0,45.46153846153846,302.8333333333333,13,591,12,3634,8192,176,6,20,0
6,1,2,0,0.0,0.0,0.0,0.0,0.0,0.0,0.0,0.0,0.0,0.0,2000000.0,0.0,1.0,1.0,0.0,1.0,0.0,0.0,0.0,0,40,0,2000000.0,0.0,0.0,0.0,0.0,0.0,0.0,0,1,0.0,0.0,0.0,2,0,0,0,118,-1,0,20,0
6,86,2,0,0.0,0.0,0.0,0.0,0.0,0.0,0.0,0.0,0.0,0.0,23255.81395348837,0.0,86.0,86.0,0.0,86.0,0.0,0.0,0.0,0,40,0,23255.81395348837,0.0,0.0,0.0,0.0,0.0,0.0,0,1,0.0,0.0,0.0,2,0,0,0,278,-1,0,20,0
17,243,1,1,39.0,71.0,39.0,39.0,39.0,0.0,71.0,71.0,71.0,0.0,8230.4526748971,0.0,243.0,0.0,0.0,0.0,0.0,0.0,0.0,0,8,8,4115.2263374486,4115.2263374486,39.0,71.0,49.6666666667,18.4752086141,341.3333333333,0,0,74.5,39.0,71.0,1,39,1,71,-1,-1,0,8,0
6,751,3,4,161.0,488.0,161.0,0.0,53.66666666666666,92.95339333952974,488.0,0.0,122.0,244.0,9320.905459387484,89.71380421466178,260.0,448.0,128.69343417595164,315.0,491.0,168.16757515446707,336.0,0,72,92,3994.673768308922,5326.231691078561,0.0,488.0,81.125,173.78758586274222,30202.125,0,0,92.71428571428572,53.66666666666666,122.0,3,161,4,488,8192,149,1,20,0
6,115787413,21,21,918.0,6385.0,543.0,0.0,43.71428571428572,125.3826713932762,1460.0,0.0,304.04761904761904,553.1267916301358,0.3627337282334825,4518360.014354593,10172682.0,115787413.0,5024458.093667157,10202960.0,111806542.0,5179504.256997767,10202974.0,0,432,564,0.1813668641167412,0.1813668641167412,0.0,1460.0,169.8372093023256,413.307041995966,170822.71096345517,0,0,173.88095238095238,43.71428571428572,304.04761904761904,21,918,21,6385,8192,980,15,20,0
17,38626,1,1,41.0,73.0,41.0,41.0,41.0,0.0,73.0,73.0,73.0,0.0,51.7785947289,0.0,38626.0,0.0,0.0,0.0,0.0,0.0,0.0,0,8,8,25.8892973645,25.8892973645,41.0,73.0,51.6666666667,18.4752086141,341.3333333333,0,0,77.5,41.0,73.0,1,41,1,73,-1,-1,0,8,0
6,1366,2,0,0.0,0.0,0.0,0.0,0.0,0.0,0.0,0.0,0.0,0.0,1464.128843,0.0,1366.0,1366.0,0.0,1366.0,0.0,0.0,0.0,0,64,0,1464.128843,0.0,0.0,0.0,0.0,0.0,0.0,0,1,0.0,0.0,0.0,2,0,0,0,225,-1,0,32,1
6,3970918,8,6,364.0,582.0,103.0,0.0,45.50000000000001,49.13538149119954,409.0,0.0,97.0,156.77627371512563,3.525633115566728,815595.64697763,3001717.0,3970918.0,1076760.97516781,3003830.0,3779001.0,1255507.286043255,3001717.0,0,176,136,2.0146474946095587,1.510985620957169,0.0,409.0,63.06666666666665,104.59067608448434,10939.209523809524,0,0,67.57142857142857,45.5,97.0,8,364,6,582,8192,63964,4,20,0
17,385,1,1,42.0,58.0,42.0,42.0,42.0,0.0,58.0,58.0,58.0,0.0,5194.805194805195,0.0,385.0,0.0,0.0,0.0,0.0,0.0,0.0,0,8,8,2597.4025974025976,2597.4025974025976,42.0,58.0,47.333333333333336,9.237604307034012,85.33333333333333,0,0,71.0,42.0,58.0,1,42,1,58,-1,-1,0,8,0
17,410,1,1,42.0,58.0,42.0,42.0,42.0,0.0,58.0,58.0,58.0,0.0,4878.0487804878,0.0,410.0,0.0,0.0,0.0,0.0,0.0,0.0,0,8,8,2439.0243902439,2439.0243902439,42.0,58.0,47.3333333333,9.237604307,85.3333333333,0,0,71.0,42.0,58.0,1,42,1,58,-1,-1,0,8,0
0,118009568,48,0,0.0,0.0,0.0,0.0,0.0,0.0,0.0,0.0,0.0,0.0,0.4067466800658061,428286.1745251354,3297884.0,118009568.0,428286.1745251354,3297884.0,0.0,0.0,0.0,0,0,0,0.4067466800658061,0.0,0.0,0.0,0.0,0.0,0.0,0,0,0.0,0.0,0.0,48,0,0,0,-1,-1,0,0,0
6,1,1,1,0.0,0.0,0.0,0.0,0.0,0.0,0.0,0.0,0.0,0.0,2000000.0,0.0,1.0,0.0,0.0,0.0,0.0,0.0,0.0,0,40,20,1000000.0,1000000.0,0.0,0.0,0.0,0.0,0.0,0,0,0.0,0.0,0.0,1,0,1,0,26883,0,0,40,1
17,785,1,1,31.0,112.0,31.0,31.0,31.0,0.0,112.0,112.0,112.0,0.0,2547.770700636943,0.0,785.0,0.0,0.0,0.0,0.0,0.0,0.0,0,8,8,1273.8853503184714,1273.8853503184714,31.0,112.0,58.0,46.76537180435969,2187.0,0,0,87.0,31.0,112.0,1,31,1,112,-1,-1,0,8,0
6,55142283,2,0,0.0,0.0,0.0,0.0,0.0,0.0,0.0,0.0,0.0,0.0,0.0362698077,0.0,55142283.0,55142283.0,0.0,55142283.0,0.0,0.0,0.0,0,40,0,0.0362698077,0.0,0.0,0.0,0.0,0.0,0.0,0,1,0.0,0.0,0.0,2,0,0,0,279,-1,0,20,0
6,2850,5,2,935.0,299.0,935.0,0.0,187.0,418.1447118,299.0,0.0,149.5,211.4249276,2456.140351,915.2643334,2329.0,2850.0,1270.787026,2614.0,2329.0,0.0,2329.0,0,124,40,1754.385965,701.754386,0.0,935.0,154.25,332.3684487,110468.7857,0,0,176.2857143,187.0,149.5,5,935,2,299,65535,32768,1,20,0
6,3,1,1,0.0,0.0,0.0,0.0,0.0,0.0,0.0,0.0,0.0,0.0,666666.6667,0.0,3.0,0.0,0.0,0.0,0.0,0.0,0.0,0,40,20,333333.3333,333333.3333,0.0,0.0,0.0,0.0,0.0,0,0,0.0,0.0,0.0,1,0,1,0,26883,0,0,40,1
6,5322241,6,4,599.0,160.0,517.0,0.0,99.8333333333,205.451129631,160.0,0.0,40.0,80.0,1.8789077759,1744929.966113,5244274.0,5322241.0,2366863.58409947,5298410.0,66809.0,28429.8633892837,54336.0,0,132,92,1.1273446655,0.7515631104,0.0,517.0,69.0,156.2305987955,24408.0,0,0,75.9,99.8333333333,40.0,6,599,4,160,8192,60,3,20,0
17,878,1,1,39.0,39.0,39.0,39.0,39.0,0.0,39.0,39.0,39.0,0.0,2277.904328018223,0.0,878.0,0.0,0.0,0.0,0.0,0.0,0.0,0,8,8,1138.9521640091116,1138.9521640091116,39.0,39.0,39.0,0.0,0.0,0,0,58.5,39.0,39.0,1,39,1,39,-1,-1,0,8,0
6,6685339,13,7,1052.0,1429.0,581.0,0.0,80.92307692307692,164.09878200769882,1149.0,0.0,204.1428571428571,420.4990798925441,2.9916209185502787,866539.4061443147,3777547.0,6685339.0,1066613.1636823383,3777547.0,6532057.0,1416225.5827989292,3904880.0,0,272,152,1.944553597057681,1.0470673214925974,0.0,1149.0,118.14285714285715,270.9055713185474,73389.82857142857,0,0,124.05,80.92307692307692,204.1428571428572,13,1052,7,1429,8192,62948,5,20,0
6,25,2,0,0.0,0.0,0.0,0.0,0.0,0.0,0.0,0.0,0.0,0.0,80000.0,0.0,25.0,25.0,0.0,25.0,0.0,0.0,0.0,0,40,0,80000.0,0.0,0.0,0.0,0.0,0.0,0.0,0,1,0.0,0.0,0.0,2,0,0,0,256,-1,0,20,0
17,1490,1,1,43.0,102.0,43.0,43.0,43.0,0.0,102.0,102.0,102.0,0.0,1342.281879,0.0,1490.0,0.0,0.0,0.0,0.0,0.0,0.0,0,8,8,671.1409396,671.1409396,43.0,102.0,62.66666667,34.06366588,1160.333333,0,0,94.0,43.0,102.0,1,43,1,102,-1,-1,0,8,0
6,5571683,5,3,935.0,330.0,935.0,0.0,187.0,418.1447118,330.0,0.0,110.0,190.5255888,1.435831866,2046662.546,5436609.0,5571683.0,2696107.494,5436615.0,99125.0,69659.21034,98819.0,0,168,104,0.897394916,0.53843695,0.0,935.0,140.5555556,317.2779188,100665.2778,0,1,158.125,187.0,110.0,5,935,3,330,219,211,1,32,0
6,3131398,10,7,1148.0,1581.0,677.0,0.0,114.8,210.0924664152536,1173.0,0.0,225.8571428571429,430.0986044197418,5.428885117765292,381331.6353399623,1332136.0,3131398.0,503046.2223219265,1332136.0,3027967.0,587366.957242716,1499123.0,0,212,152,3.193461833979584,2.2354232837857086,0.0,1173.0,151.61111111111114,305.08265782337605,93075.42810457516,0,0,160.52941176470588,114.8,225.8571428571429,10,1148,7,1581,8192,62852,5,20,0
17,74814,2,2,66.0,386.0,33.0,33.0,33.0,0.0,193.0,193.0,193.0,0.0,53.4659288368,41983.6143870439,73415.0,74445.0,0.0,74445.0,73784.0,0.0,73784.0,0,16,16,26.7329644184,26.7329644184,33.0,193.0,97.0,87.6356092008,7680.0,0,0,121.25,33.0,193.0,2,66,2,386,-1,-1,1,8,0
6,202799,3,1,0.0,0.0,0.0,0.0,0.0,0.0,0.0,0.0,0.0,0.0,19.7239631359129,117004.65989580644,202705.0,202799.0,143399.1339042883,202798.0,0.0,0.0,0.0,0,72,32,14.792972351934674,4.930990783978225,0.0,0.0,0.0,0.0,0.0,0,0,0.0,0.0,0.0,3,0,1,0,8192,8192,0,20,0
6,3028386,9,9,1187.0,1600.0,677.0,0.0,131.8888888889,215.8358429713,1173.0,0.0,177.7777777778,384.5298355712,5.9437601415,264664.056833834,953102.0,3028386.0,410988.031847905,1231297.0,2805941.0,305505.472212359,953102.0,0,192,204,2.9718800708,2.9718800708,0.0,1173.0,146.6842105263,297.0011321773,88209.6725146199,0,0,154.8333333333,131.8888888889,177.7777777778,9,1187,9,1600,8192,62856,6,20,0
6,61364207,16,15,611.0,5651.0,284.0,0.0,38.18750000000001,86.11249909275656,1460.0,0.0,376.7333333333334,590.6828332733309,0.5051804873808603,4054521.77402936,10088109.0,61364207.0,5017048.615638779,10099721.0,61352563.0,5088954.954795297,10101598.0,0,332,384,0.2607383160675408,0.2444421713133195,0.0,1460.0,195.6875,437.1009654899632,191057.25403225803,0,0,202.0,38.1875,376.73333333333335,16,611,15,5651,8192,114,9,20,0
6,117676543,14,12,1499.0,844.0,578.0,0.0,107.07142857142858,192.67248587483064,325.0,0.0,70.33333333333333,92.6835607011428,0.2209446278516186,16222989.225317668,58968322.0,117676543.0,22008507.414754387,58968322.0,117567731.0,23732081.10322657,59061447.0,0,292,252,0.1189701842277946,0.101974443623824,0.0,578.0,86.77777777777779,151.102189907598,22831.871794871804,0,0,90.1153846153846,107.07142857142856,70.33333333333333,14,1499,12,844,8192,180,8,20,0
6,937709,2,1,0.0,0.0,0.0,0.0,0.0,0.0,0.0,0.0,0.0,0.0,3.199286772335554,662967.0545845396,937643.0,937709.0,0.0,937709.0,0.0,0.0,0.0,0,52,32,2.132857848223703,1.0664289241118514,0.0,0.0,0.0,0.0,0.0,0,0,0.0,0.0,0.0,2,0,1,0,8192,8192,0,20,0
6,36,2,0,0.0,0.0,0.0,0.0,0.0,0.0,0.0,0.0,0.0,0.0,55555.5555555556,0.0,36.0,36.0,0.0,36.0,0.0,0.0,0.0,0,40,0,55555.5555555556,0.0,0.0,0.0,0.0,0.0,0.0,0,1,0.0,0.0,0.0,2,0,0,0,260,-1,0,20,0
6,4038487,5,4,935.0,353.0,935.0,0.0,187.0,418.1447118,353.0,0.0,88.25,176.5,2.228557378,1377949.46,3914478.0,4038487.0,1936719.468,3914485.0,114071.0,34223.7072,67156.0,0,168,136,1.238087432,0.990469946,0.0,935.0,128.8,304.2184157,92548.84444,0,1,143.1111111,187.0,88.25,5,935,4,353,219,225,1,32,0
17,1349,1,1,37.0,97.0,37.0,37.0,37.0,0.0,97.0,97.0,97.0,0.0,1482.5796886582657,0.0,1349.0,0.0,0.0,0.0,0.0,0.0,0.0,0,8,8,741.2898443291327,741.2898443291327,37.0,97.0,57.0,34.64101615137755,1200.0,0,0,85.5,37.0,97.0,1,37,1,97,-1,-1,0,8,0
6,2271128,8,7,1144.0,1581.0,677.0,0.0,143.0,227.9699228,1173.0,0.0,225.8571429,430.0986044,6.604647558,249277.5365,953164.0,2271128.0,413330.9135,1245494.0,2033636.0,301773.5863,953164.0,0,172,152,3.522478698,3.082168861,0.0,1173.0,170.3125,319.4027173,102018.0958,0,0,181.6666667,143.0,225.8571429,8,1144,7,1581,8192,62856,5,20,0
6,4237760,5,3,935.0,324.0,935.0,0.0,187.0,418.1447118,324.0,0.0,108.0,187.0614872,1.887789776,1553969.749,4128452.0,4237760.0,2046535.413,4128460.0,101660.0,71457.38288,101358.0,0,168,104,1.17986861,0.707921166,0.0,935.0,139.8888889,316.836095,100385.1111,0,1,157.375,187.0,108.0,5,935,3,324,237,211,1,32,0
17,275,1,1,36.0,84.0,36.0,36.0,36.0,0.0,84.0,84.0,84.0,0.0,7272.727272727272,0.0,275.0,0.0,0.0,0.0,0.0,0.0,0.0,0,8,8,3636.363636363636,3636.363636363636,36.0,84.0,52.0,27.712812921102035,768.0,0,0,78.0,36.0,84.0,1,36,1,84,-1,-1,0,8,0
6,9910,2,0,0.0,0.0,0.0,0.0,0.0,0.0,0.0,0.0,0.0,0.0,201.8163471,0.0,9910.0,9910.0,0.0,9910.0,0.0,0.0,0.0,0,40,0,201.8163471,0.0,0.0,0.0,0.0,0.0,0.0,0,1,0.0,0.0,0.0,2,0,0,0,32738,-1,0,20,1
6,5109201,7,9,1232.0,5062.0,842.0,0.0,176.0,307.7336510686,1460.0,0.0,562.4444444444,645.1527166321,3.1316051179,1273916.38384381,4945162.0,164039.0,33574.4059868029,91934.0,5097436.0,1766114.92656193,5007935.0,0,152,192,1.3700772391,1.7615278788,0.0,1460.0,370.2352941176,538.0311944269,289477.566176471,0,0,393.375,176.0,562.4444444444,7,1232,9,5062,8192,170,3,20,0
6,2,1,1,0.0,0.0,0.0,0.0,0.0,0.0,0.0,0.0,0.0,0.0,1000000.0,0.0,2.0,0.0,0.0,0.0,0.0,0.0,0.0,0,40,20,500000.0,500000.0,0.0,0.0,0.0,0.0,0.0,0,0,0.0,0.0,0.0,1,0,1,0,26883,0,0,40,1
6,744,3,4,161.0,488.0,161.0,0.0,53.66666667,92.95339334,488.0,0.0,122.0,244.0,9408.602151,85.60140186,241.0,421.0,118.0868325,294.0,503.0,168.0158723,337.0,0,72,92,4032.258065,5376.344086,0.0,488.0,81.125,173.7875859,30202.125,0,0,92.71428571,53.66666667,122.0,3,161,4,488,8192,149,1,20,0
6,2310,2,0,0.0,0.0,0.0,0.0,0.0,0.0,0.0,0.0,0.0,0.0,865.8008658,0.0,2310.0,2310.0,0.0,2310.0,0.0,0.0,0.0,0,40,0,865.8008658,0.0,0.0,0.0,0.0,0.0,0.0,0,1,0.0,0.0,0.0,2,0,0,0,32738,-1,0,20,1
6,88,2,0,0.0,0.0,0.0,0.0,0.0,0.0,0.0,0.0,0.0,0.0,22727.27273,0.0,88.0,88.0,0.0,88.0,0.0,0.0,0.0,0,40,0,22727.27273,0.0,0.0,0.0,0.0,0.0,0.0,0,1,0.0,0.0,0.0,2,0,0,0,278,-1,0,20,0
6,10371015,9,9,1396.0,5131.0,576.0,0.0,155.1111111111,229.6363671353,1460.0,0.0,570.1111111111,626.3234875934,1.7356063992,2406669.00742104,9948343.0,422671.0,41869.0653805323,112124.0,10354663.0,3517973.73884089,9999307.0,0,192,184,0.8678031996,0.8678031996,0.0,1460.0,343.5263157895,497.7555589757,247760.596491228,0,0,362.6111111111,155.1111111111,570.1111111111,9,1396,9,5131,8192,32256,4,20,0
6,1073,3,4,161.0,488.0,161.0,0.0,53.66666666666666,92.95339333952974,488.0,0.0,122.0,244.0,6523.7651444548,120.3019811419025,299.0,446.0,155.56349186104046,333.0,774.0,182.5267103741258,432.0,0,72,92,2795.899347623485,3727.865796831314,0.0,488.0,81.125,173.78758586274222,30202.125,0,0,92.71428571428572,53.66666666666666,122.0,3,161,4,488,8192,149,1,20,0
6,117987527,22,19,821.0,5644.0,447.0,0.0,37.31818181818182,104.30147986149908,1460.0,0.0,297.0526315789474,542.5258287434813,0.3474943584502792,4488910.040745188,10001325.0,117987527.0,4865351.718477836,10012854.0,112339980.0,4888568.146146934,10012959.0,0,452,524,0.1864603874611254,0.1610339709891537,0.0,1460.0,153.92857142857147,390.0758771001744,152159.18989547036,0,0,157.6829268292683,37.31818181818182,297.05263157894734,22,821,19,5644,8192,123,15,20,0
6,7859,2,0,0.0,0.0,0.0,0.0,0.0,0.0,0.0,0.0,0.0,0.0,254.4853035,0.0,7859.0,7859.0,0.0,7859.0,0.0,0.0,0.0,0,40,0,254.4853035,0.0,0.0,0.0,0.0,0.0,0.0,0,1,0.0,0.0,0.0,2,0,0,0,32738,-1,0,20,1
6,14462,2,0,0.0,0.0,0.0,0.0,0.0,0.0,0.0,0.0,0.0,0.0,138.2934587,0.0,14462.0,14462.0,0.0,14462.0,0.0,0.0,0.0,0,40,0,138.2934587,0.0,0.0,0.0,0.0,0.0,0.0,0,1,0.0,0.0,0.0,2,0,0,0,32738,-1,0,20,1
6,1101,2,0,0.0,0.0,0.0,0.0,0.0,0.0,0.0,0.0,0.0,0.0,1816.530427,0.0,1101.0,1101.0,0.0,1101.0,0.0,0.0,0.0,0,40,0,1816.530427,0.0,0.0,0.0,0.0,0.0,0.0,0,1,0.0,0.0,0.0,2,0,0,0,32738,-1,0,20,1
17,226,1,1,38.0,54.0,38.0,38.0,38.0,0.0,54.0,54.0,54.0,0.0,8849.557522,0.0,226.0,0.0,0.0,0.0,0.0,0.0,0.0,0,8,8,4424.778761,4424.778761,38.0,54.0,43.33333333,9.237604307,85.33333333,0,0,65.0,38.0,54.0,1,38,1,54,-1,-1,0,8,0
6,47,2,0,0.0,0.0,0.0,0.0,0.0,0.0,0.0,0.0,0.0,0.0,42553.19148936171,0.0,47.0,47.0,0.0,47.0,0.0,0.0,0.0,0,40,0,42553.19148936171,0.0,0.0,0.0,0.0,0.0,0.0,0,1,0.0,0.0,0.0,2,0,0,0,127,-1,0,20,0
6,117218525,49,79,1022.0,102083.0,250.0,0.0,20.8571428571,56.5755394731,1460.0,0.0,1292.1898734177,447.9734732288,1.0919775692,7276903.09878442,58433776.0,117218525.0,11754635.9184017,58433776.0,117153988.0,9269504.31508292,58473253.0,0,992,1592,0.4180226632,0.673954906,0.0,1460.0,799.2635658915,714.4193503226,510395.00811531,0,0,805.5078125,20.8571428571,1292.1898734177,49,1022,79,102083,8192,131,8,20,0
17,273,1,1,47.0,79.0,47.0,47.0,47.0,0.0,79.0,79.0,79.0,0.0,7326.0073260073,0.0,273.0,0.0,0.0,0.0,0.0,0.0,0.0,0,8,8,3663.0036630037,3663.0036630037,47.0,79.0,57.6666666667,18.4752086141,341.3333333333,0,0,86.5,47.0,79.0,1,47,1,79,-1,-1,0,8,0
6,7913,2,0,0.0,0.0,0.0,0.0,0.0,0.0,0.0,0.0,0.0,0.0,252.7486415,0.0,7913.0,7913.0,0.0,7913.0,0.0,0.0,0.0,0,40,0,252.7486415,0.0,0.0,0.0,0.0,0.0,0.0,0,1,0.0,0.0,0.0,2,0,0,0,32738,-1,0,20,1
6,29356173,2,0,0.0,0.0,0.0,0.0,0.0,0.0,0.0,0.0,0.0,0.0,0.068128771,0.0,29400000.0,29400000.0,0.0,29400000.0,0.0,0.0,0.0,0,40,0,0.068128771,0.0,0.0,0.0,0.0,0.0,0.0,0,1,0.0,0.0,0.0,2,0,0,0,2049,-1,0,20,1
6,12,1,1,0.0,0.0,0.0,0.0,0.0,0.0,0.0,0.0,0.0,0.0,166666.66666666666,0.0,12.0,0.0,0.0,0.0,0.0,0.0,0.0,0,20,20,83333.33333333333,83333.33333333333,0.0,0.0,0.0,0.0,0.0,0,1,0.0,0.0,0.0,1,0,1,0,123,255,0,20,0
6,35620366,2,0,0.0,0.0,0.0,0.0,0.0,0.0,0.0,0.0,0.0,0.0,0.056147654,0.0,35600000.0,35600000.0,0.0,35600000.0,0.0,0.0,0.0,0,40,0,0.056147654,0.0,0.0,0.0,0.0,0.0,0.0,0,1,0.0,0.0,0.0,2,0,0,0,2049,-1,0,20,1
6,2498642,9,9,1333.0,2754.0,661.0,0.0,148.11111111111111,209.3349256839649,1173.0,0.0,306.0,500.024249411966,7.203913165631572,238435.50692049583,953186.0,2498642.0,399233.1222043976,1189987.0,2323324.0,291394.0558360301,953186.0,0,192,204,3.601956582815786,3.601956582815786,0.0,1173.0,215.10526315789468,373.5552755077207,139543.5438596491,0,0,227.0555555555556,148.11111111111111,306.0,9,1333,9,2754,8192,62872,6,20,0
6,82,2,0,0.0,0.0,0.0,0.0,0.0,0.0,0.0,0.0,0.0,0.0,24390.243902439022,0.0,82.0,82.0,0.0,82.0,0.0,0.0,0.0,0,40,0,24390.243902439022,0.0,0.0,0.0,0.0,0.0,0.0,0,1,0.0,0.0,0.0,2,0,0,0,278,-1,0,20,0
17,331,1,1,42.0,58.0,42.0,42.0,42.0,0.0,58.0,58.0,58.0,0.0,6042.296072507553,0.0,331.0,0.0,0.0,0.0,0.0,0.0,0.0,0,8,8,3021.1480362537764,3021.1480362537764,42.0,58.0,47.333333333333336,9.237604307034012,85.33333333333333,0,0,71.0,42.0,58.0,1,42,1,58,-1,-1,0,8,0
6,1868,5,2,935.0,341.0,935.0,0.0,187.0,418.1447118,341.0,0.0,170.5,241.1234124,3747.32334,350.291117,812.0,1868.0,576.609053,1223.0,812.0,0.0,812.0,0,124,40,2676.659529,1070.663812,0.0,935.0,159.5,335.3002918,112426.2857,0,0,182.2857143,187.0,170.5,5,935,2,341,65535,32768,1,20,0
6,2310,3,4,284.0,935.0,284.0,0.0,94.66666667,163.9674764,935.0,0.0,233.75,467.5,3030.30303,629.7186673,1632.0,1931.0,942.5733393,1632.0,2308.0,1022.953241,1936.0,0,72,92,1298.701299,1731.601732,0.0,935.0,152.375,331.4763243,109876.5536,0,0,174.1428571,94.66666667,233.75,3,284,4,935,65535,219,1,20,1
6,992828,5,3,222.0,554.0,137.0,0.0,44.4,63.516139681186544,409.0,0.0,184.66666666666663,207.36521726975653,8.057790473274324,176066.46898719543,339568.0,992828.0,165657.36459934403,339710.0,653201.0,4717.109337295458,329936.0,0,108,68,5.036119045796452,3.021671427477872,0.0,409.0,86.22222222222223,135.73483136043026,18423.944444444445,0,0,97.0,44.4,184.66666666666663,5,222,3,554,65535,64155,2,20,0
6,397011,22,20,1912.0,2665.0,640.0,0.0,86.9090909091,137.6880217811,976.0,0.0,133.25,268.7712537496,105.7905196581,21663.1988452993,119877.0,396764.0,28713.9535097817,119877.0,396988.0,38448.4837035144,157472.0,0,712,648,55.4140817257,50.3764379325,0.0,976.0,106.4418604651,207.2918694941,42969.919158361,0,0,108.9761904762,86.9090909091,133.25,22,1912,20,2665,26883,230,16,32,1
6,117277082,28,59,1276.0,64123.0,466.0,0.0,45.57142857142856,123.9332044023681,1460.0,0.0,1086.830508474576,616.9628657171149,0.741832918387243,3381564.43447203,10016767.0,117277082.0,4917980.190627121,10046710.0,111869443.0,3960218.590322856,10046637.0,0,572,1324,0.2387508243085379,0.5030820940787051,0.0,1460.0,743.1704545454543,708.2306465920581,501590.6487722046,0,0,751.7126436781609,45.57142857142857,1086.8305084745762,28,1276,59,64123,8192,1013,16,20,0
17,1862,1,1,43.0,143.0,43.0,43.0,43.0,0.0,143.0,143.0,143.0,0.0,1074.1138560688,0.0,1862.0,0.0,0.0,0.0,0.0,0.0,0.0,0,8,8,537.0569280344,537.0569280344,43.0,143.0,76.3333333333,57.735026919,3333.3333333333,0,0,114.5,43.0,143.0,1,43,1,143,-1,-1,0,8,0
0,273193,5,0,0.0,0.0,0.0,0.0,0.0,0.0,0.0,0.0,0.0,0.0,18.302079482270774,135277.60535376874,271213.0,273193.0,135277.60535376874,271213.0,0.0,0.0,0.0,0,0,0,18.302079482270774,0.0,0.0,0.0,0.0,0.0,0.0,0,0,0.0,0.0,0.0,5,0,0,0,-1,-1,0,0,0
6,794636,5,4,373.0,172.0,140.0,0.0,74.6,70.2837107728384,133.0,0.0,43.0,62.75348595894893,11.325940430587089,136826.0432551389,280710.0,794554.0,131951.19935668138,280753.0,794589.0,13802.306582596982,280776.0,0,108,88,6.292189128103937,5.033751302483149,0.0,140.0,54.5,64.19804427619964,4121.388888888889,0,0,60.55555555555556,74.6,43.0,5,373,4,172,8192,0,3,20,0
6,2,1,1,0.0,0.0,0.0,0.0,0.0,0.0,0.0,0.0,0.0,0.0,1000000.0,0.0,2.0,0.0,0.0,0.0,0.0,0.0,0.0,0,40,20,500000.0,500000.0,0.0,0.0,0.0,0.0,0.0,0,0,0.0,0.0,0.0,1,0,1,0,26883,0,0,40,1
6,115830334,16,15,405.0,2691.0,394.0,0.0,25.3125,98.3176611805,1460.0,0.0,179.4,475.4092672935,0.2676328292,4860655.99064023,10006387.0,115830334.0,4143139.80329076,10017608.0,110204735.0,4259234.92260173,10017784.0,0,332,444,0.1381330732,0.1294997561,0.0,1460.0,96.75,336.138892184,112989.35483871,0,0,99.8709677419,25.3125,179.4,16,405,15,2691,8192,60,12,20,0
6,1051233,6,5,455.0,338.0,140.0,0.0,75.83333333,62.93621109,145.0,0.0,67.6,69.7588704,10.46390286,134693.6486,261710.0,1051156.0,115105.0912,261788.0,1051166.0,2084.370489,265917.0,0,132,112,5.707583381,4.756319484,0.0,145.0,66.08333333,63.40269328,4019.901515,0,0,72.09090909,75.83333333,67.6,6,455,5,338,8192,0,4,20,0
17,2255,1,1,35.0,83.0,35.0,35.0,35.0,0.0,83.0,83.0,83.0,0.0,886.9179600887,0.0,2255.0,0.0,0.0,0.0,0.0,0.0,0.0,0,8,8,443.4589800443,443.4589800443,35.0,83.0,51.0,27.7128129211,768.0,0,0,76.5,35.0,83.0,1,35,1,83,-1,-1,0,8,0
17,1222,1,1,37.0,215.0,37.0,37.0,37.0,0.0,215.0,215.0,215.0,0.0,1636.6612111293,0.0,1222.0,0.0,0.0,0.0,0.0,0.0,0.0,0,8,8,818.3306055646,818.3306055646,37.0,215.0,96.3333333333,102.7683479158,10561.3333333333,0,0,144.5,37.0,215.0,1,37,1,215,-1,-1,0,8,0
17,215,1,1,26.0,42.0,26.0,26.0,26.0,0.0,42.0,42.0,42.0,0.0,9302.32558139535,0.0,215.0,0.0,0.0,0.0,0.0,0.0,0.0,0,8,8,4651.162790697675,4651.162790697675,26.0,42.0,31.33333333333333,9.237604307034012,85.33333333333333,0,0,47.0,26.0,42.0,1,26,1,42,-1,-1,0,8,0
6,242020,3,1,0.0,0.0,0.0,0.0,0.0,0.0,0.0,0.0,0.0,0.0,16.5275597058,139663.633227599,241943.0,242020.0,171132.568969206,242019.0,0.0,0.0,0.0,0,72,32,12.3956697794,4.1318899265,0.0,0.0,0.0,0.0,0.0,0,0,0.0,0.0,0.0,3,0,1,0,8192,8192,0,20,0
6,350726,3,1,0.0,0.0,0.0,0.0,0.0,0.0,0.0,0.0,0.0,0.0,11.40491437760531,202419.87058175227,350643.0,350726.0,247954.0638908748,350693.0,0.0,0.0,0.0,0,72,32,8.553685783203983,2.851228594401328,0.0,0.0,0.0,0.0,0.0,0,0,0.0,0.0,0.0,3,0,1,0,8192,8192,0,20,0
17,37167,1,1,42.0,155.0,42.0,42.0,42.0,0.0,155.0,155.0,155.0,0.0,53.81117658137595,0.0,37167.0,0.0,0.0,0.0,0.0,0.0,0.0,0,8,8,26.905588290687977,26.905588290687977,42.0,155.0,79.66666666666666,65.24058041842771,4256.333333333333,0,0,119.5,42.0,155.0,1,42,1,155,-1,-1,0,8,0
6,5,1,1,0.0,0.0,0.0,0.0,0.0,0.0,0.0,0.0,0.0,0.0,400000.0,0.0,5.0,0.0,0.0,0.0,0.0,0.0,0.0,0,40,20,200000.0,200000.0,0.0,0.0,0.0,0.0,0.0,0,0,0.0,0.0,0.0,1,0,1,0,26883,0,0,40,1
6,4347209,5,3,935.0,344.0,935.0,0.0,187.0,418.1447118,344.0,0.0,114.6666667,198.6084926,1.840261188,1613348.788,4279381.0,4347209.0,2128587.79,4279388.0,63524.0,44443.07541,63188.0,0,168,104,1.150163243,0.690097946,0.0,935.0,142.1111111,318.3553221,101350.1111,0,1,159.875,187.0,114.6666667,5,935,3,344,219,211,1,32,0
17,458,1,1,36.0,68.0,36.0,36.0,36.0,0.0,68.0,68.0,68.0,0.0,4366.812227074236,0.0,458.0,0.0,0.0,0.0,0.0,0.0,0.0,0,8,8,2183.406113537118,2183.406113537118,36.0,68.0,46.66666666666666,18.475208614068023,341.3333333333333,0,0,70.0,36.0,68.0,1,36,1,68,-1,-1,0,8,0
17,1415,1,1,50.0,132.0,50.0,50.0,50.0,0.0,132.0,132.0,132.0,0.0,1413.427562,0.0,1415.0,0.0,0.0,0.0,0.0,0.0,0.0,0,8,8,706.7137809,706.7137809,50.0,132.0,77.33333333,47.34272207,2241.333333,0,0,116.0,50.0,132.0,1,50,1,132,-1,-1,0,8,0
6,579717,5,4,373.0,172.0,140.0,0.0,74.6,70.2837107728384,133.0,0.0,43.0,62.75348595894893,15.524816419045845,99771.7361222069,199615.0,579649.0,96715.5773436558,199718.0,579638.0,5633.771590447498,199683.0,0,104,88,8.624898010581024,6.89991840846482,0.0,140.0,54.5,64.19804427619964,4121.388888888889,0,0,60.55555555555556,74.6,43.0,5,373,4,172,8192,0,3,20,0
6,105,2,0,0.0,0.0,0.0,0.0,0.0,0.0,0.0,0.0,0.0,0.0,19047.61905,0.0,105.0,105.0,0.0,105.0,0.0,0.0,0.0,0,40,0,19047.61905,0.0,0.0,0.0,0.0,0.0,0.0,0,1,0.0,0.0,0.0,2,0,0,0,251,-1,0,20,1
17,2487,1,1,39.0,137.0,39.0,39.0,39.0,0.0,137.0,137.0,137.0,0.0,804.1817450744,0.0,2487.0,0.0,0.0,0.0,0.0,0.0,0.0,0,8,8,402.0908725372,402.0908725372,39.0,137.0,71.6666666667,56.5803263806,3201.3333333333,0,0,107.5,39.0,137.0,1,39,1,137,-1,-1,0,8,0
6,375916,22,22,1944.0,2665.0,640.0,0.0,88.3636363636,137.8690011274,976.0,0.0,121.1363636364,258.6415602914,117.0474254887,20984.5279214827,113272.0,375871.0,29967.4022021866,113272.0,375908.0,37346.4876761874,152067.0,0,712,712,58.5237127443,58.5237127443,0.0,976.0,102.4222222222,203.7441007388,41511.6585858586,0,0,104.75,88.3636363636,121.1363636364,22,1944,22,2665,26883,230,16,32,1
6,1909982,8,7,1128.0,1581.0,661.0,0.0,141.00000000000003,222.62332055996032,1173.0,0.0,225.8571428571429,430.0986044197418,7.853477153187831,245546.26653409976,953166.0,1909982.0,393730.1475798948,1156556.0,1763552.0,323616.59924031503,953166.0,0,172,152,4.188521148366843,3.664956004820988,0.0,1173.0,169.3125,317.73127403515065,100953.1625,0,0,180.6,141.0,225.8571428571429,8,1128,7,1581,8192,62872,5,20,0
17,409349,2,0,44.0,0.0,22.0,22.0,22.0,0.0,0.0,0.0,0.0,0.0,4.885806487862435,0.0,409349.0,409349.0,0.0,409349.0,0.0,0.0,0.0,0,16,0,4.885806487862435,0.0,22.0,22.0,22.0,0.0,0.0,0,0,33.0,22.0,0.0,2,44,0,0,-1,-1,1,8,0
6,116793202,24,42,1396.0,36281.0,565.0,0.0,58.16666666666668,149.34950740567857,1460.0,0.0,863.8333333333335,698.9842775951427,0.5651013832123551,3788807.583144684,10010190.0,116793202.0,4954243.358778645,10031065.0,111589992.0,4482370.225089869,10031134.0,0,492,984,0.20549141207722,0.3596099711351351,0.0,1460.0,562.3432835820897,682.9003554856215,466352.89552238816,0,0,570.8636363636364,58.16666666666666,863.8333333333334,24,1396,42,36281,8192,1015,16,20,0
6,5852556,8,6,349.0,3195.0,192.0,0.0,43.625,74.13874541310078,1460.0,0.0,532.5,726.2147753936159,2.39211722194542,1532554.3004408544,5547827.0,5852556.0,2078799.027189566,5547827.0,225318.0,91041.25301642108,207429.0,0,172,132,1.3669241268259544,1.025193095119466,0.0,1460.0,236.26666666666665,503.88837577195136,253903.4952380953,0,0,253.1428571428572,43.625,532.5,8,349,6,3195,8192,237,3,20,0
6,5205806,8,9,1067.0,4212.0,750.0,0.0,133.375,259.82023318330806,1460.0,0.0,468.0,607.6125410160656,3.265584618404912,1246916.277300759,5000383.0,205422.0,34561.72749347656,92517.0,5193985.0,1758938.1450497292,5000400.0,0,172,192,1.536745702778782,1.7288389156261297,0.0,1460.0,293.2777777777778,484.5497370883802,234788.4477124184,0,0,310.52941176470586,133.375,468.0,8,1067,9,4212,8192,63,3,20,0
6,141,2,0,0.0,0.0,0.0,0.0,0.0,0.0,0.0,0.0,0.0,0.0,14184.397163120566,0.0,141.0,141.0,0.0,141.0,0.0,0.0,0.0,0,40,0,14184.397163120566,0.0,0.0,0.0,0.0,0.0,0.0,0,1,0.0,0.0,0.0,2,0,0,0,252,-1,0,20,0
6,4240013,5,3,935.0,352.0,935.0,0.0,187.0,418.1447118,352.0,0.0,117.3333333,203.2272948,1.886786668,1560487.83,4143810.0,4240013.0,2056263.172,4143817.0,88324.0,62085.3896,88063.0,0,168,104,1.179241667,0.707545,0.0,935.0,143.0,319.0,101761.0,0,1,160.875,187.0,117.3333333,5,935,3,352,237,211,1,32,0
6,2213930,8,7,1132.0,1581.0,661.0,0.0,141.5,222.792023453,1173.0,0.0,225.8571428571,430.0986044197,6.7752819647,251397.291695484,953134.0,2213930.0,451130.370687792,1327101.0,1894193.0,313821.83947037,953134.0,0,168,148,3.6134837145,3.1617982502,0.0,1173.0,169.5625,317.7627980638,100973.195833333,0,0,180.8666666667,141.5,225.8571428571,8,1132,7,1581,8192,62868,5,20,0
17,12459,1,1,69.0,151.0,69.0,69.0,69.0,0.0,151.0,151.0,151.0,0.0,160.5265270086,0.0,12459.0,0.0,0.0,0.0,0.0,0.0,0.0,0,8,8,80.2632635043,80.2632635043,69.0,151.0,96.3333333333,47.3427220735,2241.3333333333,0,0,144.5,69.0,151.0,1,69,1,151,-1,-1,0,8,0
17,933,1,1,51.0,79.0,51.0,51.0,51.0,0.0,79.0,79.0,79.0,0.0,2143.6227224008576,0.0,933.0,0.0,0.0,0.0,0.0,0.0,0.0,0,8,8,1071.8113612004288,1071.8113612004288,51.0,79.0,60.333333333333336,16.165807537309522,261.33333333333337,0,0,90.5,51.0,79.0,1,51,1,79,-1,-1,0,8,0
17,1073,1,1,35.0,99.0,35.0,35.0,35.0,0.0,99.0,99.0,99.0,0.0,1863.932898415657,0.0,1073.0,0.0,0.0,0.0,0.0,0.0,0.0,0,8,8,931.9664492078284,931.9664492078284,35.0,99.0,56.33333333333333,36.95041722813605,1365.3333333333333,0,0,84.5,35.0,99.0,1,35,1,99,-1,-1,0,8,0
17,1005,1,1,32.0,128.0,32.0,32.0,32.0,0.0,128.0,128.0,128.0,0.0,1990.0497512438,0.0,1005.0,0.0,0.0,0.0,0.0,0.0,0.0,0,8,8,995.0248756219,995.0248756219,32.0,128.0,64.0,55.4256258422,3072.0,0,0,96.0,32.0,128.0,1,32,1,128,-1,-1,0,8,0
6,11161161,8,14,568.0,6871.0,517.0,0.0,71.0,181.09271500690312,1460.0,0.0,490.7857142857143,619.1009832592156,1.971121104695112,2153712.2633226635,9906649.0,1254512.0,293179.36200558185,699997.0,11144736.0,2755019.8368456303,9999484.0,0,172,284,0.7167713107982225,1.2543497938968895,0.0,1460.0,323.4347826086956,531.6682856893998,282671.1660079052,0,0,338.1363636363636,71.0,490.7857142857143,8,568,14,6871,8192,55480,2,20,0
6,116911590,58,93,1065.0,122296.0,250.0,0.0,18.362068965517228,52.52357808921061,1460.0,0.0,1315.0107526881718,416.8532609773741,1.2915742570946132,6676686.028591631,58076648.0,116911590.0,10768234.95560206,58076648.0,116833658.0,8518327.775985619,58155655.0,0,1172,1872,0.496101370274752,0.7954728868198611,0.0,1460.0,811.5855263157895,713.4743222645419,509045.6085308474,0,0,816.9602649006622,18.36206896551724,1315.010752688172,58,1065,93,122296,8192,131,9,20,0
6,110357590,12,12,12.0,0.0,1.0,1.0,1.0,0.0,0.0,0.0,0.0,0.0,0.2174748469951183,5106395.838886099,10014474.0,110340946.0,30.124589774800626,10031048.0,110340916.0,65.40683867490415,10031139.0,0,240,384,0.1087374234975591,0.1087374234975591,0.0,1.0,0.52,0.5099019513592784,0.2599999999999999,0,1,0.5416666666666666,1.0,0.0,12,12,12,0,253,63,11,20,0
6,4753,2,0,0.0,0.0,0.0,0.0,0.0,0.0,0.0,0.0,0.0,0.0,420.7868714496,0.0,4753.0,4753.0,0.0,4753.0,0.0,0.0,0.0,0,40,0,420.7868714496,0.0,0.0,0.0,0.0,0.0,0.0,0,1,0.0,0.0,0.0,2,0,0,0,279,-1,0,20,0
6,23954,4,5,427.0,2266.0,427.0,0.0,106.75,213.5,1460.0,0.0,453.2,662.2470837988,375.7201302496,5330.0779611023,11659.0,23940.0,6733.847340117,12120.0,12360.0,5866.7396396977,11885.0,0,92,112,166.9867245554,208.7334056942,0.0,1460.0,269.3,498.702772757,248704.455555556,0,0,299.2222222222,106.75,453.2,4,427,5,2266,8192,237,1,20,0
6,125611,2,0,1.0,0.0,1.0,0.0,0.5,0.7071067812,0.0,0.0,0.0,0.0,15.9221724212,0.0,125611.0,125611.0,0.0,125611.0,0.0,0.0,0.0,0,52,0,15.9221724212,0.0,0.0,1.0,0.6666666667,0.5773502692,0.3333333333,0,1,1.0,0.5,0.0,2,1,0,0,251,-1,0,20,0
17,174768,2,2,72.0,346.0,36.0,36.0,36.0,0.0,173.0,173.0,173.0,0.0,22.88748512,51084.79724,95508.0,79239.0,0.0,79239.0,21.0,0.0,21.0,0,16,16,11.44374256,11.44374256,36.0,173.0,90.8,75.03799038,5630.7,0,0,113.5,36.0,173.0,2,72,2,346,-1,-1,1,8,0
6,4322655,5,3,935.0,356.0,935.0,0.0,187.0,418.1447118,356.0,0.0,118.6666667,205.5366958,1.850714434,1584352.479,4209750.0,4322655.0,2086411.935,4209757.0,22850.0,3324.816085,13776.0,0,168,104,1.156696521,0.694017913,0.0,935.0,143.4444444,319.3302018,101971.7778,0,1,161.375,187.0,118.6666667,5,935,3,356,237,211,1,32,0
17,32689,2,2,72.0,194.0,36.0,36.0,36.0,0.0,97.0,97.0,97.0,0.0,122.36532166783932,17800.56325887845,31438.0,31438.0,0.0,31438.0,1.0,0.0,1.0,0,16,16,61.18266083391966,61.18266083391966,36.0,97.0,60.4,33.41107600781513,1116.3,0,0,75.5,36.0,97.0,2,72,2,194,-1,-1,1,8,0
6,15,1,1,0.0,0.0,0.0,0.0,0.0,0.0,0.0,0.0,0.0,0.0,133333.333333333,0.0,15.0,0.0,0.0,0.0,0.0,0.0,0.0,0,20,20,66666.6666666667,66666.6666666667,0.0,0.0,0.0,0.0,0.0,0,1,0.0,0.0,0.0,1,0,1,0,946,253,0,20,0
6,20,1,1,0.0,0.0,0.0,0.0,0.0,0.0,0.0,0.0,0.0,0.0,100000.0,0.0,20.0,0.0,0.0,0.0,0.0,0.0,0.0,0,20,20,49999.99999999999,49999.99999999999,0.0,0.0,0.0,0.0,0.0,0,1,0.0,0.0,0.0,1,0,1,0,31,255,0,20,0
17,149080,1,1,27.0,91.0,27.0,27.0,27.0,0.0,91.0,91.0,91.0,0.0,13.415615776764154,0.0,149080.0,0.0,0.0,0.0,0.0,0.0,0.0,0,8,8,6.707807888382077,6.707807888382077,27.0,91.0,48.33333333333333,36.95041722813605,1365.3333333333333,0,0,72.5,27.0,91.0,1,27,1,91,-1,-1,0,8,0
6,11216474,10,11,1138.0,1581.0,677.0,0.0,113.79999999999998,209.61753531398824,1173.0,0.0,143.72727272727272,352.1017156757663,1.8722461265456507,1499808.4966361923,6757472.0,11216474.0,2119044.715642195,6757472.0,11205095.0,2156999.5971172163,7089485.0,0,212,232,0.891545774545548,0.9807003520001027,0.0,1173.0,123.5909090909091,280.80711208787824,78852.6341991342,0,0,129.47619047619048,113.8,143.72727272727272,10,1138,11,1581,8192,62862,5,20,0
6,16199,2,0,0.0,0.0,0.0,0.0,0.0,0.0,0.0,0.0,0.0,0.0,123.4644114,0.0,16199.0,16199.0,0.0,16199.0,0.0,0.0,0.0,0,40,0,123.4644114,0.0,0.0,0.0,0.0,0.0,0.0,0,1,0.0,0.0,0.0,2,0,0,0,32738,-1,0,20,1
6,6162163,10,13,739.0,3485.0,415.0,0.0,73.9,138.52111752364692,1432.0,0.0,268.0769230769231,463.2253701922463,3.732455632867875,1278207.7760014266,6002443.0,6162163.0,1994517.7437308484,6002604.0,6150654.0,1729010.8326156002,6002461.0,0,212,272,1.622806796899076,2.1096488359687986,0.0,1432.0,176.00000000000003,360.7396990002384,130133.1304347826,0,0,183.65217391304347,73.9,268.0769230769231,10,739,13,3485,8192,66,3,20,0
6,4752749,11,7,1052.0,1429.0,581.0,0.0,95.63636363636364,175.4031201132253,1149.0,0.0,204.1428571428571,420.4990798925441,3.787281844675576,630105.4785611412,2530246.0,4752749.0,796533.6015377922,2530246.0,4663409.0,989787.4063012556,2668188.0,0,232,152,2.31445001619063,1.4728318284849464,0.0,1149.0,130.57894736842104,282.5422909916857,79830.14619883039,0,0,137.83333333333334,95.63636363636364,204.1428571428572,11,1052,7,1429,8192,62948,5,20,0
6,9106701,2,0,0.0,0.0,0.0,0.0,0.0,0.0,0.0,0.0,0.0,0.0,0.219618499,0.0,9106701.0,9106701.0,0.0,9106701.0,0.0,0.0,0.0,0,40,0,0.219618499,0.0,0.0,0.0,0.0,0.0,0.0,0,1,0.0,0.0,0.0,2,0,0,0,2049,-1,0,20,1
6,363135,22,22,1928.0,2665.0,640.0,0.0,87.6363636364,137.7805520365,976.0,0.0,121.1363636364,258.6415602914,121.1670590827,18029.2760465279,88198.0,362596.0,26802.6316555279,88198.0,363121.0,32294.7226967798,113828.0,0,712,712,60.5835295414,60.5835295414,0.0,976.0,102.0666666667,203.7409674518,41510.3818181818,0,0,104.3863636364,87.6363636364,121.1363636364,22,1928,22,2665,26883,230,16,32,1
17,1861,1,1,34.0,125.0,34.0,34.0,34.0,0.0,125.0,125.0,125.0,0.0,1074.69102632993,0.0,1861.0,0.0,0.0,0.0,0.0,0.0,0.0,0,8,8,537.345513164965,537.345513164965,34.0,125.0,64.33333333333333,52.53887449625594,2760.333333333333,0,0,96.5,34.0,125.0,1,34,1,125,-1,-1,0,8,0
6,3523098,11,7,1148.0,1581.0,677.0,0.0,104.3636363636,202.2944748268,1173.0,0.0,225.8571428571,430.0986044197,5.1091397401,518107.81538311,2017743.0,3523098.0,660301.38388547,2017743.0,3502071.0,812745.126342755,2089176.0,0,232,152,3.1222520634,1.9868876767,0.0,1173.0,143.6315789474,298.5202785828,89114.3567251462,0,0,151.6111111111,104.3636363636,225.8571428571,11,1148,7,1581,8192,62852,5,20,0
17,620,1,1,68.0,150.0,68.0,68.0,68.0,0.0,150.0,150.0,150.0,0.0,3225.8064516129034,0.0,620.0,0.0,0.0,0.0,0.0,0.0,0.0,0,8,8,1612.9032258064517,1612.9032258064517,68.0,150.0,95.33333333333331,47.34272207354931,2241.333333333333,0,0,143.0,68.0,150.0,1,68,1,150,-1,-1,0,8,0
6,118248648,13,12,601.0,3364.0,201.0,0.0,46.23076923076923,69.68399367400647,1430.0,0.0,280.3333333333333,542.5774068501585,0.211418907724002,16577407.560622877,58905038.0,118248648.0,22857090.61915458,58905038.0,118092918.0,23801193.43027847,59060760.0,0,272,252,0.109937832016481,0.1014810757075209,0.0,1430.0,152.5,382.7650193003535,146509.05999999997,0,0,158.6,46.23076923076923,280.3333333333333,13,601,12,3364,8192,176,6,20,0
6,60256005,14,15,743.0,6833.0,421.0,0.0,53.07142857,120.9484724,1460.0,0.0,455.5333333,630.2434753,0.481279833,4162202.071,10000000.0,60300000.0,5167594.478,10000000.0,60200000.0,5128192.761,10000000.0,0,292,372,0.232341988,0.248937844,0.0,1460.0,252.5333333,490.9514151,241033.292,0,0,261.2413793,53.07142857,455.5333333,14,743,15,6833,8192,114,8,20,0
6,12673,3,4,291.0,935.0,291.0,0.0,97.0,168.0089283,935.0,0.0,233.75,467.5,552.3554012,4658.579759,11605.0,11951.0,7961.315249,11605.0,12667.0,6699.18102,11948.0,0,72,92,236.7237434,315.6316579,0.0,935.0,153.25,331.8824017,110145.9286,0,0,175.1428571,97.0,233.75,3,291,4,935,65535,219,1,20,1
6,830,3,0,77.0,0.0,46.0,0.0,25.666666666666664,23.45918441321721,0.0,0.0,0.0,0.0,3614.457831325301,567.0996385116111,816.0,830.0,567.0996385116111,816.0,0.0,0.0,0.0,1,60,0,3614.457831325301,0.0,0.0,46.0,30.75,21.68524844220144,470.25,1,1,41.0,25.666666666666668,0.0,3,77,0,0,258,-1,1,20,0
6,2525067,8,8,1128.0,1600.0,661.0,0.0,141.00000000000003,222.62332055996032,1173.0,0.0,200.0,404.8544712080415,6.336465527449371,251418.83311637567,953209.0,2525067.0,413873.06936645386,1188244.0,2346524.0,292543.8861440076,953209.0,0,172,172,3.168232763724685,3.168232763724685,0.0,1173.0,160.47058823529412,309.7945120654695,95972.63970588232,0,0,170.5,141.0,200.0,8,1128,8,1600,8192,62872,5,20,0
6,1962321,8,7,1128.0,1581.0,661.0,0.0,141.00000000000003,222.62332055996032,1173.0,0.0,225.8571428571429,430.0986044197418,7.6440093134609475,246038.14582770527,953132.0,1962321.0,393839.9844682512,1162417.0,1812482.0,319926.7013768414,953132.0,0,172,152,4.076804967179172,3.5672043462817755,0.0,1173.0,169.3125,317.73127403515065,100953.1625,0,0,180.6,141.0,225.8571428571429,8,1128,7,1581,8192,62872,5,20,0
6,5819294,2,0,0.0,0.0,0.0,0.0,0.0,0.0,0.0,0.0,0.0,0.0,0.343684303,0.0,5819294.0,5819294.0,0.0,5819294.0,0.0,0.0,0.0,0,40,0,0.343684303,0.0,0.0,0.0,0.0,0.0,0.0,0,1,0.0,0.0,0.0,2,0,0,0,2049,-1,0,20,1
6,2427629,9,9,1278.0,1640.0,677.0,0.0,142.0,213.2674377395668,1173.0,0.0,182.2222222222222,382.6920360347788,7.414642023142745,234358.10042346644,953400.0,2427629.0,363406.7803152894,1166266.0,2269586.0,287380.67500629096,953400.0,0,192,204,3.7073210115713726,3.7073210115713726,0.0,1173.0,153.5789473684211,295.1145381767474,87092.59064327487,0,0,162.11111111111111,142.0,182.22222222222223,9,1278,9,1640,8192,62856,6,20,0
6,4213528,5,3,935.0,357.0,935.0,0.0,187.0,418.1447118,357.0,0.0,119.0,206.1140461,1.898646455,1545692.395,4106620.0,4213528.0,2035759.46,4106624.0,79243.0,54942.904,78472.0,0,168,104,1.186654034,0.711992421,0.0,935.0,143.5555556,319.4135686,102025.0278,0,1,161.5,187.0,119.0,5,935,3,357,237,211,1,32,0
6,115699530,16,14,443.0,706.0,432.0,0.0,27.687500000000004,107.81757355211936,706.0,0.0,50.428571428571416,188.68643679017163,0.2592923238322576,4846690.720251695,10011877.0,115699530.0,4202378.239910637,10109108.0,111386519.0,3759603.142898511,10109269.0,0,332,424,0.138289239377204,0.1210030844550535,0.0,706.0,37.064516129032256,146.34250589715236,21416.12903225807,0,0,38.3,27.6875,50.42857142857143,16,443,14,706,8192,242,12,20,0
17,1032,1,1,35.0,87.0,35.0,35.0,35.0,0.0,87.0,87.0,87.0,0.0,1937.9844961240312,0.0,1032.0,0.0,0.0,0.0,0.0,0.0,0.0,0,8,8,968.9922480620156,968.9922480620156,35.0,87.0,52.33333333333333,30.02221399786054,901.3333333333331,0,0,78.5,35.0,87.0,1,35,1,87,-1,-1,0,8,0
6,2208667,10,7,676.0,301.0,187.0,0.0,67.6,67.9316650106,197.0,0.0,43.0,74.6681547471,7.6969502419,277592.089847368,1055731.0,2208667.0,371319.792668365,1115275.0,1678414.0,413591.924232409,1109355.0,0,212,152,4.5276177894,3.1693324526,0.0,197.0,54.2777777778,68.8543266662,4740.9183006536,0,0,57.4705882353,67.6,43.0,10,676,7,301,8192,63324,6,20,0
17,1473,1,1,42.0,102.0,42.0,42.0,42.0,0.0,102.0,102.0,102.0,0.0,1357.7732518669384,0.0,1473.0,0.0,0.0,0.0,0.0,0.0,0.0,0,8,8,678.8866259334692,678.8866259334692,42.0,102.0,62.0,34.64101615137755,1200.0,0,0,93.0,42.0,102.0,1,42,1,102,-1,-1,0,8,0
6,83641,9,9,509.0,7568.0,194.0,0.0,56.55555556,82.87054831,1460.0,0.0,840.8888889,724.9731796,215.2054614,7159.927265,22928.0,83641.0,11400.15419,34317.0,72349.0,13604.13564,34117.0,0,192,192,107.6027307,107.6027307,0.0,1460.0,425.1052632,633.2757776,401038.2105,0,0,448.7222222,56.55555556,840.8888889,9,509,9,7568,8192,62,4,20,1
6,5467986,6,4,599.0,152.0,517.0,0.0,99.8333333333,205.451129631,152.0,0.0,38.0,76.0,1.8288269209,1767261.48896266,5319798.0,5467986.0,2403621.92001117,5393251.0,116252.0,36958.1384857697,73991.0,0,132,92,1.0972961526,0.7315307684,0.0,517.0,68.2727272727,155.7825990983,24268.2181818182,0,0,75.1,99.8333333333,38.0,6,599,4,152,8192,946,3,20,0
6,3452,2,0,0.0,0.0,0.0,0.0,0.0,0.0,0.0,0.0,0.0,0.0,579.3742757821552,0.0,3452.0,3452.0,0.0,3452.0,0.0,0.0,0.0,0,40,0,579.3742757821552,0.0,0.0,0.0,0.0,0.0,0.0,0,1,0.0,0.0,0.0,2,0,0,0,253,-1,0,20,0
6,1,1,1,0.0,0.0,0.0,0.0,0.0,0.0,0.0,0.0,0.0,0.0,2000000.0,0.0,1.0,0.0,0.0,0.0,0.0,0.0,0.0,0,40,20,1000000.0,1000000.0,0.0,0.0,0.0,0.0,0.0,0,0,0.0,0.0,0.0,1,0,1,0,26883,0,0,40,1
6,94,2,0,0.0,0.0,0.0,0.0,0.0,0.0,0.0,0.0,0.0,0.0,21276.5957446809,0.0,94.0,94.0,0.0,94.0,0.0,0.0,0.0,0,40,0,21276.5957446809,0.0,0.0,0.0,0.0,0.0,0.0,0,1,0.0,0.0,0.0,2,0,0,0,256,-1,0,20,0
6,129295,4,5,427.0,2266.0,427.0,0.0,106.75,213.5,1460.0,0.0,453.2,662.2470837987888,69.60826018020805,29746.6387750064,64375.0,129285.0,37171.21710409816,64756.0,64957.0,32218.28361220794,64566.0,0,92,112,30.93700452453692,38.67125565567114,0.0,1460.0,269.3,498.7027727570357,248704.4555555556,0,0,299.22222222222223,106.75,453.2,4,427,5,2266,8192,237,1,20,0
6,54816060,2,0,0.0,0.0,0.0,0.0,0.0,0.0,0.0,0.0,0.0,0.0,0.036485657670398,0.0,54816060.0,54816060.0,0.0,54816060.0,0.0,0.0,0.0,0,40,0,0.036485657670398,0.0,0.0,0.0,0.0,0.0,0.0,0,1,0.0,0.0,0.0,2,0,0,0,2239,-1,0,20,0
17,13624,1,1,29.0,113.0,29.0,29.0,29.0,0.0,113.0,113.0,113.0,0.0,146.7997651203758,0.0,13624.0,0.0,0.0,0.0,0.0,0.0,0.0,0,8,8,73.3998825601879,73.3998825601879,29.0,113.0,57.0,48.49742261192856,2352.0,0,0,85.5,29.0,113.0,1,29,1,113,-1,-1,0,8,0
6,35,1,1,0.0,0.0,0.0,0.0,0.0,0.0,0.0,0.0,0.0,0.0,57142.857142857145,0.0,35.0,0.0,0.0,0.0,0.0,0.0,0.0,0,20,20,28571.42857142857,28571.42857142857,0.0,0.0,0.0,0.0,0.0,0,1,0.0,0.0,0.0,1,0,1,0,31088,63948,0,20,0
6,53029858,5,1,123.0,46.0,46.0,0.0,24.6,23.276597689524987,46.0,46.0,46.0,0.0,0.1131438066456825,23593408.897552148,52811028.0,53029858.0,26369243.57024062,52811028.0,0.0,0.0,0.0,1,100,20,0.0942865055380687,0.0188573011076137,0.0,46.0,30.714285714285708,21.68497395059757,470.2380952380952,1,1,35.833333333333336,24.6,46.0,5,123,1,46,258,180,2,20,0
6,115967095,16,14,445.0,706.0,434.0,0.0,27.8125,108.3175693659,706.0,0.0,50.4285714286,188.6864367902,0.2586940718,4886985.18404556,10004006.0,115967095.0,4126012.43099565,10015525.0,110201333.0,3756801.85921411,10022217.0,0,332,424,0.1379701716,0.1207239002,0.0,706.0,37.1290322581,146.5227495273,21468.9161290322,0,0,38.3666666667,27.8125,50.4285714286,16,445,14,706,8192,172,12,20,0
6,793457,6,5,455.0,338.0,140.0,0.0,75.8333333333,62.9362110924,145.0,0.0,67.6,69.7588704037,13.8633851614,102188.30158427,201876.0,793389.0,88327.6097134979,201976.0,793394.0,2401.8050850697,201944.0,0,132,112,7.5618464517,6.3015387097,0.0,145.0,66.0833333333,63.40269328,4019.9015151515,0,0,72.0909090909,75.8333333333,67.6,6,455,5,338,8192,0,4,20,0
17,25305,1,1,37.0,134.0,37.0,37.0,37.0,0.0,134.0,134.0,134.0,0.0,79.03576368306659,0.0,25305.0,0.0,0.0,0.0,0.0,0.0,0.0,0,8,8,39.517881841533296,39.517881841533296,37.0,134.0,69.33333333333334,56.0029761113937,3136.333333333333,0,0,104.0,37.0,134.0,1,37,1,134,-1,-1,0,8,0
6,8575231,7,5,1310.0,1551.0,742.0,0.0,187.1428571428572,309.6494946287003,1395.0,0.0,310.2,610.1722707563824,1.399379212058544,2546429.640064236,8457213.0,8575231.0,3443100.711240751,8457213.0,51500.0,14765.379778387009,32043.0,0,152,104,0.8163045403674839,0.58307467169106,0.0,1395.0,220.0769230769231,424.3794413687005,180097.91025641028,0,0,238.41666666666663,187.1428571428572,310.2,7,1310,5,1551,8192,31164,3,20,0
6,33,1,1,0.0,0.0,0.0,0.0,0.0,0.0,0.0,0.0,0.0,0.0,60606.0606060606,0.0,33.0,0.0,0.0,0.0,0.0,0.0,0.0,0,20,20,30303.0303030303,30303.0303030303,0.0,0.0,0.0,0.0,0.0,0,1,0.0,0.0,0.0,1,0,1,0,168,258,0,20,0
17,12484,1,1,40.0,139.0,40.0,40.0,40.0,0.0,139.0,139.0,139.0,0.0,160.20506247997437,0.0,12484.0,0.0,0.0,0.0,0.0,0.0,0.0,0,8,8,80.10253123998719,80.10253123998719,40.0,139.0,73.0,57.15767664977295,3267.0,0,0,109.5,40.0,139.0,1,40,1,139,-1,-1,0,8,0
6,6015,2,0,0.0,0.0,0.0,0.0,0.0,0.0,0.0,0.0,0.0,0.0,332.5020781,0.0,6015.0,6015.0,0.0,6015.0,0.0,0.0,0.0,0,40,0,332.5020781,0.0,0.0,0.0,0.0,0.0,0.0,0,1,0.0,0.0,0.0,2,0,0,0,32738,-1,0,20,1
6,174,2,0,0.0,0.0,0.0,0.0,0.0,0.0,0.0,0.0,0.0,0.0,11494.25287356322,0.0,174.0,174.0,0.0,174.0,0.0,0.0,0.0,0,40,0,11494.25287356322,0.0,0.0,0.0,0.0,0.0,0.0,0,1,0.0,0.0,0.0,2,0,0,0,256,-1,0,20,0
6,191,3,0,77.0,0.0,46.0,0.0,25.666666666666664,23.45918441321721,0.0,0.0,0.0,0.0,15706.806282722511,111.01576464628796,174.0,191.0,111.01576464628796,174.0,0.0,0.0,0.0,1,60,0,15706.806282722511,0.0,0.0,46.0,30.75,21.68524844220144,470.25,1,1,41.0,25.666666666666668,0.0,3,77,0,0,258,-1,1,20,0
6,77676843,21,19,4099.0,9089.0,1111.0,0.0,195.19047619047612,378.1977814646219,1460.0,0.0,478.3684210526316,656.628020057891,0.5149539869945537,3932806.753976808,10007105.0,77676843.0,4822884.996338354,10018728.0,77665132.0,4918089.987756979,10018745.0,0,432,464,0.2703508431721407,0.244603143822413,0.0,1460.0,321.6585365853658,536.8310073829613,288187.53048780496,0,0,329.7,195.1904761904762,478.3684210526316,21,4099,19,9089,8192,153,12,20,0
6,82731566,2,0,0.0,0.0,0.0,0.0,0.0,0.0,0.0,0.0,0.0,0.0,0.0241745695953585,0.0,82731566.0,82731566.0,0.0,82731566.0,0.0,0.0,0.0,0,40,0,0.0241745695953585,0.0,0.0,0.0,0.0,0.0,0.0,0,1,0.0,0.0,0.0,2,0,0,0,64000,-1,0,20,0
6,22132676,2,0,0.0,0.0,0.0,0.0,0.0,0.0,0.0,0.0,0.0,0.0,0.090364129,0.0,22100000.0,22100000.0,0.0,22100000.0,0.0,0.0,0.0,0,40,0,0.090364129,0.0,0.0,0.0,0.0,0.0,0.0,0,1,0.0,0.0,0.0,2,0,0,0,2049,-1,0,20,1
17,339,1,1,52.0,84.0,52.0,52.0,52.0,0.0,84.0,84.0,84.0,0.0,5899.7050147493,0.0,339.0,0.0,0.0,0.0,0.0,0.0,0.0,0,8,8,2949.8525073746,2949.8525073746,52.0,84.0,62.6666666667,18.4752086141,341.3333333333,0,0,94.0,52.0,84.0,1,52,1,84,-1,-1,0,8,0
17,2618,1,1,41.0,57.0,41.0,41.0,41.0,0.0,57.0,57.0,57.0,0.0,763.9419404125287,0.0,2618.0,0.0,0.0,0.0,0.0,0.0,0.0,0,8,8,381.9709702062643,381.9709702062643,41.0,57.0,46.333333333333336,9.237604307034012,85.33333333333333,0,0,69.5,41.0,57.0,1,41,1,57,-1,-1,0,8,0
6,110486031,18,25,1628.0,2780.0,1052.0,0.0,90.44444444444444,268.9148612746776,438.0,0.0,111.19999999999996,189.8499407426824,0.3891894713821334,4285504.8511144845,10014289.0,110453776.0,4568633.489707623,10046581.0,110453807.0,4872235.684262398,10049014.0,0,372,608,0.1629165229041488,0.2262729484779845,0.0,1052.0,100.1818181818182,221.47331958870484,49050.43128964059,0,0,102.51162790697674,90.44444444444444,111.2,18,1628,25,2780,8192,1925,11,20,0
6,138828,3,1,0.0,0.0,0.0,0.0,0.0,0.0,0.0,0.0,0.0,0.0,28.812631457631024,79994.7721729364,138646.0,138828.0,97995.10037751887,138707.0,0.0,0.0,0.0,0,72,32,21.609473593223267,7.203157864407756,0.0,0.0,0.0,0.0,0.0,0,0,0.0,0.0,0.0,3,0,1,0,8192,8192,0,20,0
6,44,2,0,0.0,0.0,0.0,0.0,0.0,0.0,0.0,0.0,0.0,0.0,45454.5454545455,0.0,44.0,44.0,0.0,44.0,0.0,0.0,0.0,0,40,0,45454.5454545455,0.0,0.0,0.0,0.0,0.0,0.0,0,1,0.0,0.0,0.0,2,0,0,0,260,-1,0,20,0
6,49522,3,4,437.0,859.0,437.0,0.0,145.66666666666666,252.30206763586645,859.0,0.0,214.75,429.5,141.35131860587214,12157.158708623769,23956.0,24192.0,16816.41347017847,23987.0,25566.0,13550.974540600391,24151.0,0,72,92,60.57913654537378,80.77218206049837,0.0,859.0,162.00000000000003,320.4679614028745,102699.71428571428,0,0,185.1428571428572,145.66666666666666,214.75,3,437,4,859,8192,31,1,20,0
6,251490,3,1,0.0,0.0,0.0,0.0,0.0,0.0,0.0,0.0,0.0,0.0,15.90520497832916,145125.94502362423,251407.0,251490.0,177830.28440060484,251490.0,0.0,0.0,0.0,0,72,32,11.92890373374687,3.97630124458229,0.0,0.0,0.0,0.0,0.0,0,0,0.0,0.0,0.0,3,0,1,0,8192,8192,0,20,0
17,310,1,1,42.0,58.0,42.0,42.0,42.0,0.0,58.0,58.0,58.0,0.0,6451.612903225807,0.0,310.0,0.0,0.0,0.0,0.0,0.0,0.0,0,8,8,3225.8064516129034,3225.8064516129034,42.0,58.0,47.333333333333336,9.237604307034012,85.33333333333333,0,0,71.0,42.0,58.0,1,42,1,58,-1,-1,0,8,0
6,1347,2,0,0.0,0.0,0.0,0.0,0.0,0.0,0.0,0.0,0.0,0.0,1484.780995,0.0,1347.0,1347.0,0.0,1347.0,0.0,0.0,0.0,0,40,0,1484.780995,0.0,0.0,0.0,0.0,0.0,0.0,0,1,0.0,0.0,0.0,2,0,0,0,32738,-1,0,20,1
17,302,1,1,36.0,52.0,36.0,36.0,36.0,0.0,52.0,52.0,52.0,0.0,6622.51655629139,0.0,302.0,0.0,0.0,0.0,0.0,0.0,0.0,0,8,8,3311.258278145695,3311.258278145695,36.0,52.0,41.333333333333336,9.237604307034012,85.33333333333333,0,0,62.0,36.0,52.0,1,36,1,52,-1,-1,0,8,0
6,1603830,3,4,20.0,964.0,20.0,0.0,6.666666667,11.54700538,964.0,0.0,241.0,482.0,4.364552353,654592.8297,1603487.0,313.0,190.2117241,291.0,1603824.0,925676.3789,1603487.0,0,72,92,1.870522437,2.494029916,0.0,964.0,123.0,339.8873763,115523.4286,0,0,140.5714286,6.666666667,241.0,3,20,4,964,8192,211,1,20,1
6,38,2,0,0.0,0.0,0.0,0.0,0.0,0.0,0.0,0.0,0.0,0.0,52631.5789473684,0.0,38.0,38.0,0.0,38.0,0.0,0.0,0.0,0,40,0,52631.5789473684,0.0,0.0,0.0,0.0,0.0,0.0,0,1,0.0,0.0,0.0,2,0,0,0,131,-1,0,20,0
6,747,3,4,161.0,488.0,161.0,0.0,53.6666666667,92.9533933395,488.0,0.0,122.0,244.0,9370.8165997323,85.9552209002,243.0,440.0,106.066017178,295.0,504.0,178.2610445386,355.0,0,72,92,4016.0642570281,5354.7523427042,0.0,488.0,81.125,173.7875858627,30202.125,0,0,92.7142857143,53.6666666667,122.0,3,161,4,488,8192,149,1,20,0
6,54084805,2,0,0.0,0.0,0.0,0.0,0.0,0.0,0.0,0.0,0.0,0.0,0.0369789629,0.0,54084805.0,54084805.0,0.0,54084805.0,0.0,0.0,0.0,0,40,0,0.0369789629,0.0,0.0,0.0,0.0,0.0,0.0,0,1,0.0,0.0,0.0,2,0,0,0,279,-1,0,20,0
17,146203,2,2,69.0,250.0,36.0,33.0,34.5,2.121320344,161.0,89.0,125.0,50.91168825,27.35921972,81262.9685,142567.0,143892.0,0.0,143892.0,144878.0,0.0,144878.0,0,16,16,13.67960986,13.67960986,33.0,161.0,71.0,55.49324283,3079.5,0,0,88.75,34.5,125.0,2,69,2,250,-1,-1,1,8,0
17,2698,1,1,48.0,305.0,48.0,48.0,48.0,0.0,305.0,305.0,305.0,0.0,741.2898443291,0.0,2698.0,0.0,0.0,0.0,0.0,0.0,0.0,0,8,8,370.6449221646,370.6449221646,48.0,305.0,133.6666666667,148.3790191817,22016.3333333333,0,0,200.5,48.0,305.0,1,48,1,305,-1,-1,0,8,0
17,305,1,1,51.0,147.0,51.0,51.0,51.0,0.0,147.0,147.0,147.0,0.0,6557.377049180328,0.0,305.0,0.0,0.0,0.0,0.0,0.0,0.0,0,8,8,3278.688524590164,3278.688524590164,51.0,147.0,83.0,55.42562584220407,3072.0,0,0,124.5,51.0,147.0,1,51,1,147,-1,-1,0,8,0
6,94371648,5,5,316.0,74.0,79.0,0.0,63.2,35.32987404449668,74.0,0.0,14.8,33.09380606699689,0.1059640285183957,15359769.56596034,30960786.0,94371648.0,14875605.346398266,31031472.0,94256442.0,14933159.682306698,31031533.0,1,100,100,0.0529820142591978,0.0529820142591978,0.0,79.0,42.63636363636363,40.84672013093029,1668.4545454545453,1,1,46.9,63.2,14.8,5,316,5,74,253,134,3,20,0
6,494,2,0,0.0,0.0,0.0,0.0,0.0,0.0,0.0,0.0,0.0,0.0,4048.582996,0.0,494.0,494.0,0.0,494.0,0.0,0.0,0.0,0,40,0,4048.582996,0.0,0.0,0.0,0.0,0.0,0.0,0,1,0.0,0.0,0.0,2,0,0,0,2052,-1,0,20,1
17,814,1,1,36.0,104.0,36.0,36.0,36.0,0.0,104.0,104.0,104.0,0.0,2457.002457002457,0.0,814.0,0.0,0.0,0.0,0.0,0.0,0.0,0,8,8,1228.5012285012283,1228.5012285012283,36.0,104.0,58.66666666666667,39.25981830489455,1541.3333333333337,0,0,88.0,36.0,104.0,1,36,1,104,-1,-1,0,8,0
6,695586,6,5,455.0,338.0,140.0,0.0,75.8333333333,62.9362110924,145.0,0.0,67.6,69.7588704037,15.8140043072,89601.0319660314,173775.0,695509.0,77517.7370038625,173921.0,695519.0,133.5324554806,174056.0,0,132,112,8.6258205312,7.188183776,0.0,145.0,66.0833333333,63.40269328,4019.9015151515,0,0,72.0909090909,75.8333333333,67.6,6,455,5,338,8192,0,4,20,0
17,1090,1,1,40.0,139.0,40.0,40.0,40.0,0.0,139.0,139.0,139.0,0.0,1834.862385,0.0,1090.0,0.0,0.0,0.0,0.0,0.0,0.0,0,8,8,917.4311927,917.4311927,40.0,139.0,73.0,57.15767665,3267.0,0,0,109.5,40.0,139.0,1,40,1,139,-1,-1,0,8,0
6,2153990,8,7,1148.0,1581.0,677.0,0.0,143.5,228.129662379,1173.0,0.0,225.8571428571,430.0986044197,6.9638206306,247362.498715709,953158.0,2153990.0,400304.451590049,1201082.0,1966595.0,307235.985410184,953158.0,0,172,152,3.7140376696,3.2497829609,0.0,1173.0,170.5625,319.433241591,102037.595833333,0,0,181.9333333333,143.5,225.8571428571,8,1148,7,1581,8192,62852,5,20,0
6,1,2,0,0.0,0.0,0.0,0.0,0.0,0.0,0.0,0.0,0.0,0.0,2000000.0,0.0,1.0,1.0,0.0,1.0,0.0,0.0,0.0,0,40,0,2000000.0,0.0,0.0,0.0,0.0,0.0,0.0,0,1,0.0,0.0,0.0,2,0,0,0,180,-1,0,20,0
6,17287,3,4,340.0,935.0,340.0,0.0,113.3333333,196.2990915,935.0,0.0,233.75,467.5,404.928559,6733.701788,16623.0,16886.0,11568.26694,16623.0,17281.0,9636.463373,16886.0,0,72,92,173.540811,231.387748,0.0,935.0,159.375,335.22314,112374.5536,0,0,182.1428571,113.3333333,233.75,3,340,4,935,65535,219,1,20,1
6,27539,3,4,326.0,129.0,326.0,0.0,108.6666667,188.2161878,112.0,0.0,32.25,53.7672453,254.184974,10838.26778,26711.0,493.0,259.5081887,430.0,27131.0,15301.36024,26711.0,0,72,92,108.9364174,145.2485566,0.0,326.0,56.875,115.4066568,13318.69643,0,0,65.0,108.6666667,32.25,3,326,4,129,8192,219,1,20,1
17,585,1,1,32.0,60.0,32.0,32.0,32.0,0.0,60.0,60.0,60.0,0.0,3418.8034188034185,0.0,585.0,0.0,0.0,0.0,0.0,0.0,0.0,0,8,8,1709.4017094017092,1709.4017094017092,32.0,60.0,41.333333333333336,16.165807537309522,261.33333333333337,0,0,62.0,32.0,60.0,1,32,1,60,-1,-1,0,8,0
6,6,1,1,0.0,0.0,0.0,0.0,0.0,0.0,0.0,0.0,0.0,0.0,333333.333333333,0.0,6.0,0.0,0.0,0.0,0.0,0.0,0.0,0,32,32,166666.666666667,166666.666666667,0.0,0.0,0.0,0.0,0.0,0,1,0.0,0.0,0.0,1,0,1,0,241,230,0,32,1
17,1148,1,1,30.0,62.0,30.0,30.0,30.0,0.0,62.0,62.0,62.0,0.0,1742.1602787457,0.0,1148.0,0.0,0.0,0.0,0.0,0.0,0.0,0,8,8,871.0801393728,871.0801393728,30.0,62.0,40.6666666667,18.4752086141,341.3333333333,0,0,61.0,30.0,62.0,1,30,1,62,-1,-1,0,8,0
6,784771,9,7,553.0,3773.0,202.0,0.0,61.4444444444,87.5344376676,1460.0,0.0,539.0,655.4329358015,20.3881132203,118030.864359689,411650.0,784771.0,150773.882457841,411650.0,491970.0,181609.687121585,451209.0,0,192,152,11.4683136864,8.9197995339,0.0,1460.0,254.4705882353,474.7129550643,225352.389705882,0,0,270.375,61.4444444444,539.0,9,553,7,3773,8192,119,4,20,0
17,905,1,1,30.0,46.0,30.0,30.0,30.0,0.0,46.0,46.0,46.0,0.0,2209.944751381216,0.0,905.0,0.0,0.0,0.0,0.0,0.0,0.0,0,8,8,1104.9723756906078,1104.9723756906078,30.0,46.0,35.333333333333336,9.237604307034012,85.33333333333333,0,0,53.0,30.0,46.0,1,30,1,46,-1,-1,0,8,0
6,2054,2,0,0.0,0.0,0.0,0.0,0.0,0.0,0.0,0.0,0.0,0.0,973.7098345,0.0,2054.0,2054.0,0.0,2054.0,0.0,0.0,0.0,0,40,0,973.7098345,0.0,0.0,0.0,0.0,0.0,0.0,0,1,0.0,0.0,0.0,2,0,0,0,32738,-1,0,20,1
6,117460696,15,14,1534.0,3596.0,887.0,0.0,102.2666666667,226.4734190227,1430.0,0.0,256.8571428571,504.7085765595,0.2468910962,15267290.3108036,58546527.0,117460696.0,21152408.4926904,58681522.0,117304554.0,21903196.6557185,58642047.0,0,312,292,0.1277022912,0.1191888051,0.0,1430.0,171.0,382.0483811211,145960.965517241,0,0,176.8965517241,102.2666666667,256.8571428571,15,1534,14,3596,8192,183,8,20,0
6,4582,2,0,0.0,0.0,0.0,0.0,0.0,0.0,0.0,0.0,0.0,0.0,436.4906155,0.0,4582.0,4582.0,0.0,4582.0,0.0,0.0,0.0,0,40,0,436.4906155,0.0,0.0,0.0,0.0,0.0,0.0,0,1,0.0,0.0,0.0,2,0,0,0,32738,-1,0,20,1
6,90122,7,5,350.0,2924.0,193.0,0.0,50.0,78.0875576943,1460.0,0.0,584.8,798.9463060807,133.152837265,13614.4382363324,34510.0,90122.0,20906.1117252029,48191.0,49285.0,16817.6498036041,35626.0,0,152,112,77.6724884046,55.4803488604,0.0,1460.0,251.8461538462,539.5026793498,291063.141025641,0,0,272.8333333333,50.0,584.8,7,350,5,2924,8192,237,3,20,0
17,1060,1,1,32.0,94.0,32.0,32.0,32.0,0.0,94.0,94.0,94.0,0.0,1886.7924528301887,0.0,1060.0,0.0,0.0,0.0,0.0,0.0,0.0,0,8,8,943.3962264150944,943.3962264150944,32.0,94.0,52.66666666666667,35.7957166897568,1281.3333333333337,0,0,79.0,32.0,94.0,1,32,1,94,-1,-1,0,8,0
6,117141455,17,18,873.0,3930.0,431.0,0.0,51.3529411764706,142.89460328178538,1460.0,0.0,218.3333333333333,479.90195077009344,0.2987840641043771,4772145.508858529,10172278.0,117111020.0,4502584.496839809,10202757.0,117111025.0,4713399.672790878,10202768.0,0,352,504,0.1451236882792688,0.1536603758251082,0.0,1460.0,133.41666666666663,358.7272242645816,128685.2214285714,0,0,137.22857142857143,51.35294117647059,218.3333333333333,17,873,18,3930,8192,980,13,20,0
6,9024,3,4,299.0,935.0,299.0,0.0,99.66666667,172.6277305,935.0,0.0,233.75,467.5,775.7092199,3354.858268,8345.0,8715.0,5639.17658,8345.0,9018.0,4946.534545,8716.0,0,72,92,332.4468085,443.2624113,0.0,935.0,154.25,332.3684487,110468.7857,0,0,176.2857143,99.66666667,233.75,3,299,4,935,65535,219,1,20,1
17,75546,2,2,72.0,194.0,36.0,36.0,36.0,0.0,97.0,97.0,97.0,0.0,52.9478728192,42225.6806694694,73938.0,75126.0,0.0,75126.0,74358.0,0.0,74358.0,0,16,16,26.4739364096,26.4739364096,36.0,97.0,60.4,33.4110760078,1116.3,0,0,75.5,36.0,97.0,2,72,2,194,-1,-1,1,8,0
6,1202643,8,7,1138.0,1581.0,677.0,0.0,142.25,227.7465696778,1173.0,0.0,225.8571428571,430.0986044197,12.4725292543,246279.098099154,938824.0,1202643.0,380814.407946281,1034878.0,1172320.0,365075.368293544,938824.0,0,172,152,6.6520156023,5.820513652,0.0,1173.0,169.9375,319.3627965705,101992.595833333,0,0,181.2666666667,142.25,225.8571428571,8,1138,7,1581,8192,62862,5,20,0
6,3518327,8,7,1144.0,1581.0,677.0,0.0,143.0,227.9699228282,1173.0,0.0,225.8571428571,430.0986044197,4.2633899578,298718.917831427,937552.0,3518327.0,338056.768326183,1143460.0,3378027.0,191701.9667523,937552.0,0,168,148,2.2738079775,1.9895819803,0.0,1173.0,170.3125,319.402717323,102018.095833333,0,0,181.6666666667,143.0,225.8571428571,8,1144,7,1581,8192,62856,5,20,0
6,27,2,0,0.0,0.0,0.0,0.0,0.0,0.0,0.0,0.0,0.0,0.0,74074.07407407407,0.0,27.0,27.0,0.0,27.0,0.0,0.0,0.0,0,40,0,74074.07407407407,0.0,0.0,0.0,0.0,0.0,0.0,0,1,0.0,0.0,0.0,2,0,0,0,256,-1,0,20,0
6,256238,3,1,0.0,0.0,0.0,0.0,0.0,0.0,0.0,0.0,0.0,0.0,15.6104871253,147546.816354448,255785.0,256238.0,180699.72371866,255893.0,0.0,0.0,0.0,0,72,32,11.7078653439,3.9026217813,0.0,0.0,0.0,0.0,0.0,0,0,0.0,0.0,0.0,3,0,1,0,8192,8192,0,20,0
6,60343093,29,54,249.0,75336.0,249.0,0.0,8.586206896551726,46.23813920608592,1460.0,0.0,1395.1111111111109,287.3721318053732,1.3754681086698688,6659569.199393278,60305426.0,60343093.0,11396391.27266724,60305426.0,26399.0,2128.9947091756976,11409.0,0,592,1092,0.4805852427882673,0.8948828658816014,0.0,1460.0,899.8214285714286,707.3450643195381,500337.04001721146,0,0,910.6626506024096,8.586206896551724,1395.111111111111,29,249,54,75336,8192,288,1,20,0
17,1020,1,1,35.0,63.0,35.0,35.0,35.0,0.0,63.0,63.0,63.0,0.0,1960.784314,0.0,1020.0,0.0,0.0,0.0,0.0,0.0,0.0,0,8,8,980.3921569,980.3921569,35.0,63.0,44.33333333,16.16580754,261.3333333,0,0,66.5,35.0,63.0,1,35,1,63,-1,-1,0,8,0
17,1103,1,1,31.0,47.0,31.0,31.0,31.0,0.0,47.0,47.0,47.0,0.0,1813.236627379873,0.0,1103.0,0.0,0.0,0.0,0.0,0.0,0.0,0,8,8,906.6183136899364,906.6183136899364,31.0,47.0,36.333333333333336,9.237604307034012,85.33333333333333,0,0,54.5,31.0,47.0,1,31,1,47,-1,-1,0,8,0
6,39,2,0,0.0,0.0,0.0,0.0,0.0,0.0,0.0,0.0,0.0,0.0,51282.05128205128,0.0,39.0,39.0,0.0,39.0,0.0,0.0,0.0,0,40,0,51282.05128205128,0.0,0.0,0.0,0.0,0.0,0.0,0,1,0.0,0.0,0.0,2,0,0,0,256,-1,0,20,0
17,844,1,1,42.0,102.0,42.0,42.0,42.0,0.0,102.0,102.0,102.0,0.0,2369.668246,0.0,844.0,0.0,0.0,0.0,0.0,0.0,0.0,0,8,8,1184.834123,1184.834123,42.0,102.0,62.0,34.64101615,1200.0,0,0,93.0,42.0,102.0,1,42,1,102,-1,-1,0,8,0
17,927,1,1,39.0,67.0,39.0,39.0,39.0,0.0,67.0,67.0,67.0,0.0,2157.4973031284,0.0,927.0,0.0,0.0,0.0,0.0,0.0,0.0,0,8,8,1078.7486515642,1078.7486515642,39.0,67.0,48.3333333333,16.1658075373,261.3333333333,0,0,72.5,39.0,67.0,1,39,1,67,-1,-1,0,8,0
17,19043,2,2,166.0,330.0,83.0,83.0,83.0,0.0,165.0,165.0,165.0,0.0,210.0509373523,9419.9811217079,17216.0,18511.0,0.0,18511.0,17748.0,0.0,17748.0,0,16,16,105.0254686762,105.0254686762,83.0,165.0,115.8,44.9132497154,2017.2,0,0,144.75,83.0,165.0,2,166,2,330,-1,-1,1,8,0
6,116,2,0,0.0,0.0,0.0,0.0,0.0,0.0,0.0,0.0,0.0,0.0,17241.3793103448,0.0,116.0,116.0,0.0,116.0,0.0,0.0,0.0,0,40,0,17241.3793103448,0.0,0.0,0.0,0.0,0.0,0.0,0,1,0.0,0.0,0.0,2,0,0,0,127,-1,0,20,0
6,1524092,5,4,373.0,172.0,140.0,0.0,74.6,70.2837107728384,133.0,0.0,43.0,62.75348595894893,5.905155331830362,265320.21455161367,580614.0,1524021.0,259927.88778348372,580667.0,1524033.0,68973.93174961103,580727.0,0,112,92,3.280641851016868,2.6245134808134942,0.0,140.0,54.5,64.19804427619964,4121.388888888889,0,0,60.55555555555556,74.6,43.0,5,373,4,172,8192,0,3,20,0
6,2210756,8,7,1148.0,1581.0,677.0,0.0,143.5,228.129662379,1173.0,0.0,225.8571428571,430.0986044197,6.7850092909,249720.316131978,953121.0,2210756.0,392988.019663753,1185005.0,2038581.0,304620.891139626,953121.0,0,168,148,3.6186716218,3.1663376691,0.0,1173.0,170.5625,319.433241591,102037.595833333,0,0,181.9333333333,143.5,225.8571428571,8,1148,7,1581,8192,62852,5,20,0
6,175,2,0,0.0,0.0,0.0,0.0,0.0,0.0,0.0,0.0,0.0,0.0,11428.57142857143,0.0,175.0,175.0,0.0,175.0,0.0,0.0,0.0,0,40,0,11428.57142857143,0.0,0.0,0.0,0.0,0.0,0.0,0,1,0.0,0.0,0.0,2,0,0,0,63526,-1,0,20,0
6,3148703,9,7,1148.0,1581.0,677.0,0.0,127.55555555555556,218.69105555046772,1173.0,0.0,225.8571428571429,430.0986044197418,5.0814573492641255,286419.5593784621,957322.0,3148703.0,391655.0091388512,1208153.0,2948739.0,436956.6218840264,1142616.0,0,192,152,2.8583197589610707,2.2231375903030552,0.0,1173.0,160.5294117647059,312.04409096453395,97371.51470588232,0,0,170.5625,127.55555555555556,225.8571428571429,9,1148,7,1581,8192,62852,5,20,0
6,3074573,8,9,1148.0,1581.0,677.0,0.0,143.5,228.12966237897004,1173.0,0.0,175.66666666666666,385.561279176216,5.52922308235973,233638.18204115488,956351.0,3074573.0,435202.3178705563,1219624.0,2880545.0,274726.4525764999,956351.0,0,172,192,2.601987332875167,2.9272357494845624,0.0,1173.0,151.61111111111114,305.08265782337605,93075.42810457516,0,0,160.52941176470588,143.5,175.66666666666666,8,1148,9,1581,8192,62852,5,20,0
6,618142,8,4,164.0,548.0,116.0,0.0,20.5,40.08205869,232.0,0.0,137.0,114.9318639,19.41301513,73789.50524,215074.0,618142.0,76045.10934,215162.0,380805.0,117562.9527,262685.0,0,168,88,12.94201009,6.471005044,0.0,232.0,54.76923077,86.75459051,7526.358974,0,0,59.33333333,20.5,137.0,8,164,4,548,65535,64192,3,20,0
6,1773,5,2,935.0,273.0,935.0,0.0,187.0,418.1447118,273.0,0.0,136.5,193.0401513,3948.110547,348.0958201,793.0,1773.0,498.0725349,949.0,640.0,0.0,640.0,0,124,40,2820.078962,1128.031585,0.0,935.0,151.0,330.8745986,109478.0,0,0,172.5714286,187.0,136.5,5,935,2,273,65535,32768,1,20,0
6,8689606,3,0,74.0,0.0,74.0,0.0,24.6666666667,42.72391992,0.0,0.0,0.0,0.0,0.3452400489,6091143.67814797,8651892.0,8689606.0,6091143.67814797,8651892.0,0.0,0.0,0.0,1,60,0,0.3452400489,0.0,0.0,74.0,37.0,42.72391992,1825.3333333333,1,1,49.3333333333,24.6666666667,0.0,3,74,0,0,133,-1,0,20,0
6,5454369,8,7,588.0,5131.0,342.0,0.0,73.5,127.5057421676149,1460.0,0.0,733.0,698.544916236601,2.7500889653780303,1359060.2739985834,5110081.0,5454369.0,1910298.169972239,5110081.0,218328.0,61314.14345157241,148363.0,0,172,152,1.4667141148682827,1.283374850509747,0.0,1460.0,357.43749999999994,565.782640095411,320109.9958333334,0,0,381.26666666666665,73.5,733.0,8,588,7,5131,8192,131,3,20,0
17,37014,2,2,92.0,124.0,46.0,46.0,46.0,0.0,62.0,62.0,62.0,0.0,108.0672178094775,14535.54460624025,28362.0,28362.0,0.0,28362.0,1.0,0.0,1.0,0,16,16,54.03360890473875,54.03360890473875,46.0,62.0,52.4,8.763560920082657,76.8,0,0,65.5,46.0,62.0,2,92,2,124,-1,-1,1,8,0
6,1638846,8,7,1128.0,1581.0,661.0,0.0,141.00000000000003,222.62332055996032,1173.0,0.0,225.8571428571429,430.0986044197418,9.152781896529632,245731.3030157172,953153.0,1638846.0,387988.97894460376,1109433.0,1534639.0,342226.0063685498,953153.0,0,172,152,4.881483678149136,4.271298218380495,0.0,1173.0,169.3125,317.73127403515065,100953.1625,0,0,180.6,141.0,225.8571428571429,8,1128,7,1581,8192,62872,5,20,0
6,1074245,3,4,20.0,964.0,20.0,0.0,6.666666667,11.54700538,964.0,0.0,241.0,482.0,6.516204404,438370.5744,1073861.0,309.0,156.2705986,265.0,1074241.0,619884.2525,1073861.0,0,72,92,2.79265903,3.723545374,0.0,964.0,123.0,339.8873763,115523.4286,0,0,140.5714286,6.666666667,241.0,3,20,4,964,8192,211,1,20,1
6,999913,2,0,0.0,0.0,0.0,0.0,0.0,0.0,0.0,0.0,0.0,0.0,2.000174015139317,0.0,999913.0,999913.0,0.0,999913.0,0.0,0.0,0.0,0,40,0,2.000174015139317,0.0,0.0,0.0,0.0,0.0,0.0,0,1,0.0,0.0,0.0,2,0,0,0,6677,-1,0,20,0
6,5098017,10,7,1148.0,1581.0,677.0,0.0,114.8,210.0924664152536,1173.0,0.0,225.8571428571429,430.0986044197418,3.3346299159065182,796366.7209613478,3174495.0,5098017.0,1035048.1416876222,3174495.0,4987288.0,1255749.941240479,3304457.0,0,212,152,1.9615470093567755,1.373082906549743,0.0,1173.0,151.61111111111114,305.08265782337605,93075.42810457516,0,0,160.52941176470588,114.8,225.8571428571429,10,1148,7,1581,8192,62852,5,20,0
0,112639626,3,0,0.0,0.0,0.0,0.0,0.0,0.0,0.0,0.0,0.0,0.0,0.0266336112,14.1421356237,56319823.0,112639626.0,14.1421356237,56319823.0,0.0,0.0,0.0,0,0,0,0.0266336112,0.0,0.0,0.0,0.0,0.0,0.0,0,0,0.0,0.0,0.0,3,0,0,0,-1,-1,0,0,0
6,68040279,13,15,1443.0,4085.0,521.0,0.0,111.0,162.3386378326,1410.0,0.0,272.3333333333,474.6903752774,0.4115209463,11267987.3464474,58169153.0,68040279.0,16755861.8152919,58169153.0,67946389.0,15556984.8647535,58191854.0,0,272,312,0.1910632965,0.2204576498,0.0,1410.0,190.6206896552,363.0123388097,131777.958128079,0,0,197.4285714286,111.0,272.3333333333,13,1443,15,4085,8192,127,7,20,0
6,33,2,0,0.0,0.0,0.0,0.0,0.0,0.0,0.0,0.0,0.0,0.0,60606.0606060606,0.0,33.0,33.0,0.0,33.0,0.0,0.0,0.0,0,40,0,60606.0606060606,0.0,0.0,0.0,0.0,0.0,0.0,0,1,0.0,0.0,0.0,2,0,0,0,256,-1,0,20,0
6,14080083,2,0,62.0,0.0,31.0,31.0,31.0,0.0,0.0,0.0,0.0,0.0,0.1420446172085775,0.0,14080083.0,14080083.0,0.0,14080083.0,0.0,0.0,0.0,1,40,0,0.1420446172085775,0.0,31.0,31.0,31.0,0.0,0.0,1,1,46.5,31.0,0.0,2,62,0,0,62,-1,1,20,0
6,1,2,0,0.0,0.0,0.0,0.0,0.0,0.0,0.0,0.0,0.0,0.0,2000000.0,0.0,1.0,1.0,0.0,1.0,0.0,0.0,0.0,0,40,0,2000000.0,0.0,0.0,0.0,0.0,0.0,0.0,0,1,0.0,0.0,0.0,2,0,0,0,180,-1,0,20,0
6,76763,10,8,557.0,5264.0,206.0,0.0,55.7,85.55966079616934,1460.0,0.0,658.0000000000001,687.9225454740007,234.4879694644556,7543.794536883006,23516.0,76763.0,9475.096962271386,23516.0,60347.0,15196.887444473625,40281.0,0,212,172,130.27109414691975,104.2168753175358,0.0,1460.0,306.3684210526316,531.763962939105,282772.91228070186,0,0,323.3888888888889,55.7,658.0,10,557,8,5264,8192,119,4,20,0
17,1259,1,1,42.0,102.0,42.0,42.0,42.0,0.0,102.0,102.0,102.0,0.0,1588.5623510722796,0.0,1259.0,0.0,0.0,0.0,0.0,0.0,0.0,0,8,8,794.2811755361398,794.2811755361398,42.0,102.0,62.0,34.64101615137755,1200.0,0,0,93.0,42.0,102.0,1,42,1,102,-1,-1,0,8,0
6,905,3,4,148.0,243.0,148.0,0.0,49.333333333333336,85.44783984006462,243.0,0.0,60.75,121.5,7734.806629834255,92.40436497626432,250.0,462.0,89.09545442950498,294.0,663.0,177.2879014484632,382.0,0,72,92,3314.9171270718234,4419.889502762431,0.0,243.0,48.875,93.99306585366512,8834.69642857143,0,0,55.85714285714285,49.333333333333336,60.75,3,148,4,243,8192,149,1,20,0
6,117825219,15,13,883.0,4698.0,257.0,0.0,58.8666666667,86.2718847322,1460.0,0.0,361.3846153846,569.8839850446,0.2376401269,15673656.488436,58945585.0,117825219.0,21321356.9479332,58945585.0,117764031.0,22871943.697082,59007707.0,0,312,272,0.1273072109,0.1103329161,0.0,1460.0,192.4482758621,408.7054113913,167040.113300493,0,0,199.3214285714,58.8666666667,361.3846153846,15,883,13,4698,8192,292,7,20,0
6,20,1,1,0.0,0.0,0.0,0.0,0.0,0.0,0.0,0.0,0.0,0.0,100000.0,0.0,20.0,0.0,0.0,0.0,0.0,0.0,0.0,0,20,20,49999.99999999999,49999.99999999999,0.0,0.0,0.0,0.0,0.0,0,1,0.0,0.0,0.0,1,0,1,0,176,258,0,20,0
6,84,2,0,0.0,0.0,0.0,0.0,0.0,0.0,0.0,0.0,0.0,0.0,23809.5238095238,0.0,84.0,84.0,0.0,84.0,0.0,0.0,0.0,0,40,0,23809.5238095238,0.0,0.0,0.0,0.0,0.0,0.0,0,1,0.0,0.0,0.0,2,0,0,0,278,-1,0,20,0
17,2061,1,1,37.0,92.0,37.0,37.0,37.0,0.0,92.0,92.0,92.0,0.0,970.402717127608,0.0,2061.0,0.0,0.0,0.0,0.0,0.0,0.0,0,8,8,485.201358563804,485.201358563804,37.0,92.0,55.33333333333333,31.75426480542941,1008.3333333333331,0,0,83.0,37.0,92.0,1,37,1,92,-1,-1,0,8,0
6,116275028,16,14,381.0,449.0,370.0,0.0,23.8125,92.31772581687656,449.0,0.0,32.07142857142857,120.00029761867854,0.2580089681853269,4884480.526485726,10014548.0,116275028.0,4109275.333320651,10031053.0,110554990.0,3721978.3934494657,10031126.0,0,332,424,0.1376047830321743,0.1204041851531525,0.0,449.0,26.7741935483871,102.67901755062373,10542.980645161291,0,0,27.666666666666668,23.8125,32.07142857142857,16,381,14,449,8192,119,12,20,0
6,1405571,7,5,364.0,582.0,103.0,0.0,52.0,49.2172056636,409.0,0.0,116.4,167.0353256051,8.5374555963,146138.059934993,313001.0,1405571.0,114642.918222482,315647.0,1128464.0,20745.4102072402,313115.0,0,152,112,4.9801824312,3.5572731651,0.0,409.0,72.7692307692,109.5332170669,11997.5256410256,0,0,78.8333333333,52.0,116.4,7,364,5,582,8192,259,4,20,0
6,5003450,11,7,1148.0,1581.0,677.0,0.0,104.36363636363636,202.2944748268092,1173.0,0.0,225.8571428571429,430.0986044197418,3.597517712778183,691139.1217523664,2814697.0,5003450.0,881512.1285086087,2814697.0,4839373.0,1100578.6935185357,2943773.0,0,232,152,2.1984830466977785,1.3990346660804045,0.0,1173.0,143.63157894736844,298.5202785827894,89114.3567251462,0,0,151.61111111111111,104.36363636363636,225.8571428571429,11,1148,7,1581,8192,62852,5,20,0
17,1824,1,1,45.0,82.0,45.0,45.0,45.0,0.0,82.0,82.0,82.0,0.0,1096.4912280702,0.0,1824.0,0.0,0.0,0.0,0.0,0.0,0.0,0,8,8,548.2456140351,548.2456140351,45.0,82.0,57.3333333333,21.36195996,456.3333333333,0,0,86.0,45.0,82.0,1,45,1,82,-1,-1,0,8,0
6,1102831,9,7,1148.0,1581.0,677.0,0.0,127.55555555555556,218.69105555046772,1173.0,0.0,225.8571428571429,430.0986044197418,14.508115930727374,243262.51837043,951612.0,1102831.0,354021.3111004305,1013813.0,1090355.0,377789.2380200456,951612.0,0,188,148,8.160815211034148,6.3473007196932265,0.0,1173.0,160.5294117647059,312.04409096453395,97371.51470588232,0,0,170.5625,127.55555555555556,225.8571428571429,9,1148,7,1581,8192,62852,5,20,0
17,11731,1,1,41.0,113.0,41.0,41.0,41.0,0.0,113.0,113.0,113.0,0.0,170.48844940755265,0.0,11731.0,0.0,0.0,0.0,0.0,0.0,0.0,0,8,8,85.24422470377633,85.24422470377633,41.0,113.0,65.0,41.569219381653056,1728.0,0,0,97.5,41.0,113.0,1,41,1,113,-1,-1,0,8,0
6,63844,5,6,346.0,196.0,346.0,0.0,69.2,154.73590404298542,196.0,0.0,32.666666666666664,80.01666493091714,172.2949689869056,11767.31242042974,30254.0,63844.0,14638.19856858532,30288.0,33520.0,12828.36497765791,29514.0,0,124,144,78.315894994048,93.9790739928576,0.0,346.0,45.16666666666666,110.22772570978464,12150.151515151518,0,0,49.27272727272727,69.2,32.666666666666664,5,346,6,196,8192,1129,1,20,0
6,21,1,1,0.0,0.0,0.0,0.0,0.0,0.0,0.0,0.0,0.0,0.0,95238.0952380952,0.0,21.0,0.0,0.0,0.0,0.0,0.0,0.0,0,20,20,47619.0476190476,47619.0476190476,0.0,0.0,0.0,0.0,0.0,0,1,0.0,0.0,0.0,1,0,1,0,219,255,0,20,0
6,345,3,0,77.0,0.0,46.0,0.0,25.66666667,23.45918441,0.0,0.0,0.0,0.0,8695.652174,204.3538598,317.0,345.0,204.3538598,317.0,0.0,0.0,0.0,1,60,0,8695.652174,0.0,0.0,46.0,30.75,21.68524844,470.25,1,1,41.0,25.66666667,0.0,3,77,0,0,258,-1,1,20,1
17,297,1,1,45.0,61.0,45.0,45.0,45.0,0.0,61.0,61.0,61.0,0.0,6734.0067340067335,0.0,297.0,0.0,0.0,0.0,0.0,0.0,0.0,0,8,8,3367.0033670033667,3367.0033670033667,45.0,61.0,50.333333333333336,9.237604307034012,85.33333333333333,0,0,75.5,45.0,61.0,1,45,1,61,-1,-1,0,8,0
6,2378745,9,9,1229.0,1874.0,677.0,0.0,136.5555556,214.1209419,1173.0,0.0,208.2222222,381.2200079,7.56701538,233426.4204,953155.0,2378745.0,369012.0919,1170574.0,2215515.0,288123.1565,953155.0,0,192,204,3.78350769,3.78350769,0.0,1173.0,163.3157895,296.3367178,87815.45029,0,0,172.3888889,136.5555556,208.2222222,9,1229,9,1874,8192,62856,6,20,0
17,359,1,1,45.0,61.0,45.0,45.0,45.0,0.0,61.0,61.0,61.0,0.0,5571.030640668524,0.0,359.0,0.0,0.0,0.0,0.0,0.0,0.0,0,8,8,2785.515320334262,2785.515320334262,45.0,61.0,50.333333333333336,9.237604307034012,85.33333333333333,0,0,75.5,45.0,61.0,1,45,1,61,-1,-1,0,8,0
6,63862,5,4,286.0,170.0,103.0,0.0,57.2,52.48523601928451,131.0,0.0,42.5,61.7980582219215,140.92887789295668,10897.920506093942,21178.0,63816.0,10577.266218955949,21400.0,63843.0,175.57904202950874,21475.0,0,108,88,78.2938210516426,62.63505684131408,0.0,131.0,45.6,52.98469380658699,2807.3777777777777,0,0,50.66666666666666,57.2,42.5,5,286,4,170,8192,0,3,20,0
6,1501,2,0,0.0,0.0,0.0,0.0,0.0,0.0,0.0,0.0,0.0,0.0,1332.445037,0.0,1501.0,1501.0,0.0,1501.0,0.0,0.0,0.0,0,40,0,1332.445037,0.0,0.0,0.0,0.0,0.0,0.0,0,1,0.0,0.0,0.0,2,0,0,0,32738,-1,0,20,1
6,2899,3,4,334.0,935.0,334.0,0.0,111.3333333,192.8349899,935.0,0.0,233.75,467.5,2414.625733,898.4469749,2296.0,2630.0,1387.343505,2296.0,2896.0,1449.673182,2635.0,0,72,92,1034.8396,1379.786133,0.0,935.0,158.625,334.7676966,112069.4107,0,0,181.2857143,111.3333333,233.75,3,334,4,935,65535,219,1,20,1
17,978,1,1,34.0,91.0,34.0,34.0,34.0,0.0,91.0,91.0,91.0,0.0,2044.9897750511,0.0,978.0,0.0,0.0,0.0,0.0,0.0,0.0,0,8,8,1022.4948875256,1022.4948875256,34.0,91.0,53.0,32.9089653438,1083.0,0,0,79.5,34.0,91.0,1,34,1,91,-1,-1,0,8,0
6,486,2,0,0.0,0.0,0.0,0.0,0.0,0.0,0.0,0.0,0.0,0.0,4115.226337,0.0,486.0,486.0,0.0,486.0,0.0,0.0,0.0,0,40,0,4115.226337,0.0,0.0,0.0,0.0,0.0,0.0,0,1,0.0,0.0,0.0,2,0,0,0,2052,-1,0,20,1
6,581750,9,6,523.0,2877.0,205.0,0.0,58.11111111111112,85.78963288831063,1430.0,0.0,479.5,624.1204210727285,25.78427159432746,68563.20101551928,237558.0,581750.0,81086.1731453467,237558.0,249943.0,63510.71749161711,139766.0,0,192,132,15.470562956596476,10.313708637730985,0.0,1430.0,212.50000000000003,423.7864241965914,179594.9333333333,0,0,226.66666666666663,58.11111111111112,479.5,9,523,6,2877,8192,172,4,20,0
6,189,3,0,77.0,0.0,46.0,0.0,25.666666666666664,23.45918441321721,0.0,0.0,0.0,0.0,15873.015873015873,109.60155108391488,172.0,189.0,109.60155108391488,172.0,0.0,0.0,0.0,1,60,0,15873.015873015873,0.0,0.0,46.0,30.75,21.68524844220144,470.25,1,1,41.0,25.666666666666668,0.0,3,77,0,0,256,-1,1,20,0
17,300,1,1,39.0,55.0,39.0,39.0,39.0,0.0,55.0,55.0,55.0,0.0,6666.666667,0.0,300.0,0.0,0.0,0.0,0.0,0.0,0.0,0,8,8,3333.333333,3333.333333,39.0,55.0,44.33333333,9.237604307,85.33333333,0,0,66.5,39.0,55.0,1,39,1,55,-1,-1,0,8,0
6,114,2,0,0.0,0.0,0.0,0.0,0.0,0.0,0.0,0.0,0.0,0.0,17543.859649122805,0.0,114.0,114.0,0.0,114.0,0.0,0.0,0.0,0,40,0,17543.859649122805,0.0,0.0,0.0,0.0,0.0,0.0,0,1,0.0,0.0,0.0,2,0,0,0,256,-1,0,20,0
17,1022,1,1,29.0,118.0,29.0,29.0,29.0,0.0,118.0,118.0,118.0,0.0,1956.9471624266143,0.0,1022.0,0.0,0.0,0.0,0.0,0.0,0.0,0,8,8,978.4735812133072,978.4735812133072,29.0,118.0,58.66666666666667,51.3841739578767,2640.333333333333,0,0,88.0,29.0,118.0,1,29,1,118,-1,-1,0,8,0
6,3921480,13,8,1437.0,1731.0,725.0,0.0,110.5384615385,196.4784192495,1179.0,0.0,216.375,405.4647906151,5.3551210257,272346.054224362,956257.0,3921480.0,349587.437313289,1178753.0,3892399.0,344725.883770473,968696.0,0,272,172,3.3150749207,2.040046105,0.0,1179.0,144.0,283.7884859572,80535.9047619048,0,0,150.8571428571,110.5384615385,216.375,13,1437,8,1731,8192,62563,7,20,0
6,117341726,13,12,601.0,3364.0,201.0,0.0,46.2307692308,69.683993674,1430.0,0.0,280.3333333333,542.5774068502,0.2130529425,16382636.4117545,58125753.0,117341726.0,22561710.4267653,58125753.0,117058834.0,23523842.6019539,58310038.0,0,272,252,0.1107875301,0.1022654124,0.0,1430.0,152.5,382.7650193004,146509.06,0,0,158.6,46.2307692308,280.3333333333,13,601,12,3364,8192,176,6,20,0
6,903,3,4,161.0,488.0,161.0,0.0,53.6666666667,92.9533933395,488.0,0.0,122.0,244.0,7751.9379844961,104.4562109211,299.0,525.0,146.3711037056,366.0,604.0,201.510132086,404.0,0,72,92,3322.2591362126,4429.6788482835,0.0,488.0,81.125,173.7875858627,30202.125,0,0,92.7142857143,53.6666666667,122.0,3,161,4,488,8192,149,1,20,0
6,1399082,8,7,1148.0,1581.0,677.0,0.0,143.5,228.12966237897004,1173.0,0.0,225.8571428571429,430.0986044197418,10.72131583423988,252047.56904225412,968966.0,1399082.0,381504.0802369959,1063053.0,1338967.0,365650.8900781819,968966.0,0,172,152,5.718035111594603,5.003280722645278,0.0,1173.0,170.56250000000003,319.4332415909987,102037.59583333335,0,0,181.9333333333333,143.5,225.8571428571429,8,1148,7,1581,8192,62852,5,20,0
6,3304135,10,7,1148.0,1581.0,677.0,0.0,114.8,210.0924664152536,1173.0,0.0,225.8571428571429,430.0986044197418,5.14506822511792,492121.1252539316,1827591.0,3304135.0,636350.9296479899,1827591.0,3291877.0,745537.5237707132,1892406.0,0,212,152,3.0265107206576003,2.11855750446032,0.0,1173.0,151.61111111111114,305.08265782337605,93075.42810457516,0,0,160.52941176470588,114.8,225.8571428571429,10,1148,7,1581,8192,62852,5,20,0
6,4274194,10,7,1144.0,1581.0,677.0,0.0,114.4,209.89690591123804,1173.0,0.0,225.8571428571429,430.0986044197418,3.977358070316884,503382.78937390185,1921893.0,4274194.0,641551.7729727881,1921893.0,4143286.0,770597.5845346692,2111671.0,0,212,152,2.3396223943040493,1.6377356760128343,0.0,1173.0,151.38888888888889,305.0398506056485,93049.31045751636,0,0,160.2941176470588,114.4,225.8571428571429,10,1144,7,1581,8192,62856,5,20,0
17,1488,1,1,43.0,76.0,43.0,43.0,43.0,0.0,76.0,76.0,76.0,0.0,1344.0860215053765,0.0,1488.0,0.0,0.0,0.0,0.0,0.0,0.0,0,8,8,672.0430107526882,672.0430107526882,43.0,76.0,54.0,19.05255888325765,363.0,0,0,81.0,43.0,76.0,1,43,1,76,-1,-1,0,8,0
6,52,2,1,31.0,0.0,31.0,0.0,15.5,21.920310216782973,0.0,0.0,0.0,0.0,57692.307692307695,0.0,26.0,52.0,0.0,52.0,0.0,0.0,0.0,1,40,20,38461.53846153846,19230.76923076923,0.0,31.0,15.499999999999998,17.897858344878397,320.3333333333333,1,1,20.666666666666668,15.5,0.0,2,31,1,0,70,0,0,20,0
6,612,2,1,38.0,0.0,38.0,0.0,19.0,26.87005768508881,0.0,0.0,0.0,0.0,4901.9607843137255,407.29350596345137,594.0,612.0,0.0,612.0,0.0,0.0,0.0,1,40,20,3267.97385620915,1633.986928104575,0.0,38.0,19.0,21.939310229205777,481.3333333333333,1,1,25.33333333333333,19.0,0.0,2,38,1,0,176,0,0,20,0
6,62197065,27,28,4127.0,6898.0,813.0,0.0,152.8518519,255.2467439,1410.0,0.0,246.3571429,404.7686321,0.884286099,7970608.343,58600000.0,62200000.0,11500000.0,58600000.0,62100000.0,11300000.0,58600000.0,0,564,572,0.434104085,0.450182014,0.0,1410.0,196.875,337.8322371,114130.6205,0,0,200.4545455,152.8518519,246.3571429,27,4127,28,6898,8192,166,13,20,0
6,53536666,2,0,0.0,0.0,0.0,0.0,0.0,0.0,0.0,0.0,0.0,0.0,0.0373575747,0.0,53536666.0,53536666.0,0.0,53536666.0,0.0,0.0,0.0,0,40,0,0.0373575747,0.0,0.0,0.0,0.0,0.0,0.0,0,1,0.0,0.0,0.0,2,0,0,0,279,-1,0,20,0
6,210506,3,1,0.0,0.0,0.0,0.0,0.0,0.0,0.0,0.0,0.0,0.0,19.001833676949826,120679.8948140631,209517.0,210506.0,147570.3568065077,209601.0,0.0,0.0,0.0,0,72,32,14.25137525771237,4.750458419237456,0.0,0.0,0.0,0.0,0.0,0,0,0.0,0.0,0.0,3,0,1,0,8192,8192,0,20,0
6,2731920,10,7,1148.0,1581.0,677.0,0.0,114.8,210.0924664152536,1173.0,0.0,225.8571428571429,430.0986044197418,6.222729801751149,240106.7515652153,953239.0,2731920.0,399060.6418331053,1336494.0,2314188.0,280748.0145539768,953239.0,0,212,152,3.660429295147735,2.5623005066034144,0.0,1173.0,151.61111111111114,305.08265782337605,93075.42810457514,0,0,160.52941176470588,114.8,225.8571428571429,10,1148,7,1581,8192,62852,5,20,0
6,497,2,0,0.0,0.0,0.0,0.0,0.0,0.0,0.0,0.0,0.0,0.0,4024.144869,0.0,497.0,497.0,0.0,497.0,0.0,0.0,0.0,0,40,0,4024.144869,0.0,0.0,0.0,0.0,0.0,0.0,0,1,0.0,0.0,0.0,2,0,0,0,2052,-1,0,20,1
6,42789,2,0,0.0,0.0,0.0,0.0,0.0,0.0,0.0,0.0,0.0,0.0,46.7409848326,0.0,42789.0,42789.0,0.0,42789.0,0.0,0.0,0.0,0,40,0,46.7409848326,0.0,0.0,0.0,0.0,0.0,0.0,0,1,0.0,0.0,0.0,2,0,0,0,279,-1,0,20,0
6,3247866,10,7,1052.0,1429.0,581.0,0.0,105.2,181.8429114495378,1149.0,0.0,204.1428571428571,420.4990798925441,5.234206091014839,398359.4081722141,1422138.0,3247866.0,537838.2175626793,1422138.0,3047088.0,625818.982413605,1591098.0,0,212,152,3.078944759420493,2.155261331594345,0.0,1149.0,137.83333333333334,288.9071192085992,83467.32352941176,0,0,145.94117647058823,105.2,204.1428571428572,10,1052,7,1429,8192,62948,5,20,0
6,2109290,8,7,1128.0,1581.0,661.0,0.0,141.00000000000003,222.62332055996032,1173.0,0.0,225.8571428571429,430.0986044197418,7.111397674098867,247080.5396174461,953164.0,2109290.0,396329.27637863136,1186395.0,1930867.0,310018.15088566457,953164.0,0,172,152,3.792745426186064,3.3186522479128047,0.0,1173.0,169.3125,317.73127403515065,100953.1625,0,0,180.6,141.0,225.8571428571429,8,1128,7,1581,8192,62872,5,20,0
17,416,1,1,36.0,52.0,36.0,36.0,36.0,0.0,52.0,52.0,52.0,0.0,4807.692307692308,0.0,416.0,0.0,0.0,0.0,0.0,0.0,0.0,0,8,8,2403.846153846154,2403.846153846154,36.0,52.0,41.333333333333336,9.237604307034012,85.33333333333333,0,0,62.0,36.0,52.0,1,36,1,52,-1,-1,0,8,0
6,191618,3,1,0.0,0.0,0.0,0.0,0.0,0.0,0.0,0.0,0.0,0.0,20.87486561805258,110576.14876786644,191555.0,191618.0,135494.38719740388,191618.0,0.0,0.0,0.0,0,72,32,15.656149213539438,5.218716404513145,0.0,0.0,0.0,0.0,0.0,0,0,0.0,0.0,0.0,3,0,1,0,8192,8192,0,20,0
17,241,1,1,22.0,38.0,22.0,22.0,22.0,0.0,38.0,38.0,38.0,0.0,8298.755186722,0.0,241.0,0.0,0.0,0.0,0.0,0.0,0.0,0,8,8,4149.377593361,4149.377593361,22.0,38.0,27.3333333333,9.237604307,85.3333333333,0,0,41.0,22.0,38.0,1,22,1,38,-1,-1,0,8,0
6,1254930,3,4,20.0,964.0,20.0,0.0,6.666666667,11.54700538,964.0,0.0,241.0,482.0,5.578000367,512108.9669,1254493.0,414.0,289.9137803,412.0,1254926.0,724156.9016,1254493.0,0,72,92,2.390571586,3.187428781,0.0,964.0,123.0,339.8873763,115523.4286,0,0,140.5714286,6.666666667,241.0,3,20,4,964,8192,211,1,20,1
6,4841329,7,7,1148.0,1581.0,677.0,0.0,163.99999999999997,238.3163164088155,1173.0,0.0,225.8571428571429,430.0986044197418,2.891767942232391,637333.1483535463,2297867.0,4841329.0,866439.6878870258,2297942.0,4416573.0,812305.8680415278,2300557.0,0,148,148,1.4458839711161957,1.4458839711161957,0.0,1173.0,181.9333333333333,327.2758702350285,107109.49523809522,0,0,194.92857142857144,164.0,225.8571428571429,7,1148,7,1581,8192,62852,5,20,0
17,10978,1,1,71.0,149.0,71.0,71.0,71.0,0.0,149.0,149.0,149.0,0.0,182.18254691200585,0.0,10978.0,0.0,0.0,0.0,0.0,0.0,0.0,0,8,8,91.09127345600292,91.09127345600292,71.0,149.0,97.0,45.033320996790806,2028.0,0,0,145.5,71.0,149.0,1,71,1,149,-1,-1,0,8,0
17,1088,1,1,40.0,139.0,40.0,40.0,40.0,0.0,139.0,139.0,139.0,0.0,1838.235294117647,0.0,1088.0,0.0,0.0,0.0,0.0,0.0,0.0,0,8,8,919.1176470588236,919.1176470588236,40.0,139.0,73.0,57.15767664977295,3267.0,0,0,109.5,40.0,139.0,1,40,1,139,-1,-1,0,8,0
17,324,1,1,32.0,64.0,32.0,32.0,32.0,0.0,64.0,64.0,64.0,0.0,6172.839506172839,0.0,324.0,0.0,0.0,0.0,0.0,0.0,0.0,0,8,8,3086.4197530864194,3086.4197530864194,32.0,64.0,42.66666666666666,18.475208614068023,341.3333333333333,0,0,64.0,32.0,64.0,1,32,1,64,-1,-1,0,8,0
17,1920,1,1,43.0,102.0,43.0,43.0,43.0,0.0,102.0,102.0,102.0,0.0,1041.6666666667,0.0,1920.0,0.0,0.0,0.0,0.0,0.0,0.0,0,8,8,520.8333333333,520.8333333333,43.0,102.0,62.6666666667,34.0636658822,1160.3333333333,0,0,94.0,43.0,102.0,1,43,1,102,-1,-1,0,8,0
6,2122627,11,7,1144.0,1581.0,677.0,0.0,104.0,202.0910685804793,1173.0,0.0,225.8571428571429,430.0986044197418,8.48005796590734,229945.0418524117,953137.0,2122627.0,331512.77526851563,1118213.0,1921057.0,344710.42150965886,953137.0,0,232,152,5.182257645832263,3.2978003200750767,0.0,1173.0,143.42105263157893,298.4730242397635,89086.14619883045,0,0,151.38888888888889,104.0,225.8571428571429,11,1144,7,1581,8192,62856,5,20,0
17,323,1,1,74.0,202.0,74.0,74.0,74.0,0.0,202.0,202.0,202.0,0.0,6191.9504643963,0.0,323.0,0.0,0.0,0.0,0.0,0.0,0.0,0,8,8,3095.9752321982,3095.9752321982,74.0,202.0,116.6666666667,73.9008344563,5461.3333333333,0,0,175.0,74.0,202.0,1,74,1,202,-1,-1,0,8,0
6,86,2,0,0.0,0.0,0.0,0.0,0.0,0.0,0.0,0.0,0.0,0.0,23255.81395348837,0.0,86.0,86.0,0.0,86.0,0.0,0.0,0.0,0,40,0,23255.81395348837,0.0,0.0,0.0,0.0,0.0,0.0,0,1,0.0,0.0,0.0,2,0,0,0,278,-1,0,20,0
6,4397,2,0,0.0,0.0,0.0,0.0,0.0,0.0,0.0,0.0,0.0,0.0,454.8555834,0.0,4397.0,4397.0,0.0,4397.0,0.0,0.0,0.0,0,40,0,454.8555834,0.0,0.0,0.0,0.0,0.0,0.0,0,1,0.0,0.0,0.0,2,0,0,0,32738,-1,0,20,1
17,2717,1,1,37.0,134.0,37.0,37.0,37.0,0.0,134.0,134.0,134.0,0.0,736.1059993,0.0,2717.0,0.0,0.0,0.0,0.0,0.0,0.0,0,8,8,368.0529996,368.0529996,37.0,134.0,69.33333333,56.00297611,3136.333333,0,0,104.0,37.0,134.0,1,37,1,134,-1,-1,0,8,0
17,243,1,1,51.0,67.0,51.0,51.0,51.0,0.0,67.0,67.0,67.0,0.0,8230.45267489712,0.0,243.0,0.0,0.0,0.0,0.0,0.0,0.0,0,8,8,4115.22633744856,4115.22633744856,51.0,67.0,56.333333333333336,9.237604307034012,85.33333333333333,0,0,84.5,51.0,67.0,1,51,1,67,-1,-1,0,8,0
6,13932,5,2,935.0,340.0,935.0,0.0,187.0,418.1447118,340.0,0.0,170.0,240.4163056,502.4404249,5362.852711,13265.0,13932.0,6718.993228,13559.0,13265.0,0.0,13265.0,0,124,40,358.8860178,143.5544071,0.0,935.0,159.375,335.22314,112374.5536,0,0,182.1428571,187.0,170.0,5,935,2,340,65535,32768,1,20,0
17,217,1,1,33.0,193.0,33.0,33.0,33.0,0.0,193.0,193.0,193.0,0.0,9216.5898617512,0.0,217.0,0.0,0.0,0.0,0.0,0.0,0.0,0,8,8,4608.2949308756,4608.2949308756,33.0,193.0,86.3333333333,92.3760430703,8533.3333333333,0,0,129.5,33.0,193.0,1,33,1,193,-1,-1,0,8,0
6,3707,2,0,0.0,0.0,0.0,0.0,0.0,0.0,0.0,0.0,0.0,0.0,539.5198273537,0.0,3707.0,3707.0,0.0,3707.0,0.0,0.0,0.0,0,40,0,539.5198273537,0.0,0.0,0.0,0.0,0.0,0.0,0,1,0.0,0.0,0.0,2,0,0,0,115,-1,0,20,0
17,12761,1,1,40.0,139.0,40.0,40.0,40.0,0.0,139.0,139.0,139.0,0.0,156.7275291905023,0.0,12761.0,0.0,0.0,0.0,0.0,0.0,0.0,0,8,8,78.36376459525115,78.36376459525115,40.0,139.0,73.0,57.15767664977295,3267.0,0,0,109.5,40.0,139.0,1,40,1,139,-1,-1,0,8,0
6,176,2,0,0.0,0.0,0.0,0.0,0.0,0.0,0.0,0.0,0.0,0.0,11363.636363636364,0.0,176.0,176.0,0.0,176.0,0.0,0.0,0.0,0,40,0,11363.636363636364,0.0,0.0,0.0,0.0,0.0,0.0,0,1,0.0,0.0,0.0,2,0,0,0,253,-1,0,20,0
6,4432130,5,3,935.0,392.0,935.0,0.0,187.0,418.1447118,392.0,0.0,130.6666667,226.3213055,1.805001207,1624772.158,4317485.0,4432130.0,2139875.521,4317492.0,77802.0,22423.77024,54757.0,0,168,104,1.128125754,0.676875453,0.0,935.0,147.4444444,322.5349249,104028.7778,0,1,165.875,187.0,130.6666667,5,935,3,392,219,211,1,32,0
6,1686945,8,7,1138.0,1581.0,677.0,0.0,142.25,227.7465696778,1173.0,0.0,225.8571428571,430.0986044197,8.8918133075,241305.533527188,937487.0,1686945.0,386205.799992883,1111332.0,1577829.0,331848.889270252,937487.0,0,168,148,4.7423004307,4.1495128768,0.0,1173.0,169.9375,319.3627965705,101992.595833333,0,0,181.2666666667,142.25,225.8571428571,8,1138,7,1581,8192,62862,5,20,0
17,12260,1,1,47.0,108.0,47.0,47.0,47.0,0.0,108.0,108.0,108.0,0.0,163.132137031,0.0,12260.0,0.0,0.0,0.0,0.0,0.0,0.0,0,8,8,81.5660685155,81.5660685155,47.0,108.0,67.3333333333,35.2183664206,1240.3333333333,0,0,101.0,47.0,108.0,1,47,1,108,-1,-1,0,8,0
17,18335,1,1,36.0,92.0,36.0,36.0,36.0,0.0,92.0,92.0,92.0,0.0,109.080992637,0.0,18335.0,0.0,0.0,0.0,0.0,0.0,0.0,0,8,8,54.5404963185,54.5404963185,36.0,92.0,54.6666666667,32.3316150746,1045.3333333333,0,0,82.0,36.0,92.0,1,36,1,92,-1,-1,0,8,0
17,833,1,1,51.0,79.0,51.0,51.0,51.0,0.0,79.0,79.0,79.0,0.0,2400.9603841536614,0.0,833.0,0.0,0.0,0.0,0.0,0.0,0.0,0,8,8,1200.4801920768307,1200.4801920768307,51.0,79.0,60.333333333333336,16.165807537309522,261.33333333333337,0,0,90.5,51.0,79.0,1,51,1,79,-1,-1,0,8,0
6,119777840,10,9,1110.0,1039.0,288.0,0.0,111.0,131.60547101089682,325.0,0.0,115.44444444444444,157.7086800964924,0.1586270047948769,13602546.6925706,39938027.0,119777840.0,17164408.43764776,39938027.0,119674036.0,17593029.026872978,40015108.0,1,200,180,0.0834878972604615,0.0751391075344153,0.0,325.0,113.6,136.6984387544157,18686.46315789474,1,1,119.57894736842104,111.0,115.44444444444444,10,1110,9,1039,252,205,4,20,0
6,54628339,2,0,0.0,0.0,0.0,0.0,0.0,0.0,0.0,0.0,0.0,0.0,0.0366110344,0.0,54628339.0,54628339.0,0.0,54628339.0,0.0,0.0,0.0,0,40,0,0.0366110344,0.0,0.0,0.0,0.0,0.0,0.0,0,1,0.0,0.0,0.0,2,0,0,0,279,-1,0,20,0
6,832272,6,5,283.0,1734.0,213.0,0.0,47.16666666666667,85.93117400959134,1460.0,0.0,346.8,633.5070638911614,13.216832958455887,237027.1598599808,756863.0,832272.0,330301.63070714625,756863.0,44753.0,22112.61337449737,44356.0,0,132,112,7.209181613703212,6.007651344752677,0.0,1460.0,168.08333333333331,417.5601118039138,174356.446969697,0,0,183.3636363636364,47.16666666666666,346.8,6,283,5,1734,8192,946,2,20,0
17,629,1,1,35.0,63.0,35.0,35.0,35.0,0.0,63.0,63.0,63.0,0.0,3179.6502384738,0.0,629.0,0.0,0.0,0.0,0.0,0.0,0.0,0,8,8,1589.8251192369,1589.8251192369,35.0,63.0,44.3333333333,16.1658075373,261.3333333333,0,0,66.5,35.0,63.0,1,35,1,63,-1,-1,0,8,0
6,5716078,3,1,0.0,0.0,0.0,0.0,0.0,0.0,0.0,0.0,0.0,0.0,0.699780514,3062981.323,5438555.0,5716078.0,3649400.725,5438555.0,0.0,0.0,0.0,0,72,32,0.524835385,0.174945128,0.0,0.0,0.0,0.0,0.0,0,0,0.0,0.0,0.0,3,0,1,0,8192,29200,0,20,0
17,126854,1,1,29.0,118.0,29.0,29.0,29.0,0.0,118.0,118.0,118.0,0.0,15.766156368738866,0.0,126854.0,0.0,0.0,0.0,0.0,0.0,0.0,0,8,8,7.883078184369433,7.883078184369433,29.0,118.0,58.66666666666667,51.3841739578767,2640.333333333333,0,0,88.0,29.0,118.0,1,29,1,118,-1,-1,0,8,0
17,1203,1,1,46.0,149.0,46.0,46.0,46.0,0.0,149.0,149.0,149.0,0.0,1662.5103906899417,0.0,1203.0,0.0,0.0,0.0,0.0,0.0,0.0,0,8,8,831.2551953449708,831.2551953449708,46.0,149.0,80.33333333333334,59.46707772653146,3536.333333333333,0,0,120.5,46.0,149.0,1,46,1,149,-1,-1,0,8,0
6,5450105,5,3,935.0,344.0,935.0,0.0,187.0,418.1447118,344.0,0.0,114.6666667,198.6084926,1.467861628,2031984.748,5386621.0,5450105.0,2682777.478,5386627.0,35774.0,7659.380654,23303.0,0,168,104,0.917413518,0.550448111,0.0,935.0,142.1111111,318.3553221,101350.1111,0,1,159.875,187.0,114.6666667,5,935,3,344,219,211,1,32,0
17,1171,1,1,40.0,56.0,40.0,40.0,40.0,0.0,56.0,56.0,56.0,0.0,1707.9419299743809,0.0,1171.0,0.0,0.0,0.0,0.0,0.0,0.0,0,8,8,853.9709649871904,853.9709649871904,40.0,56.0,45.333333333333336,9.237604307034012,85.33333333333333,0,0,68.0,40.0,56.0,1,40,1,56,-1,-1,0,8,0
17,879,1,1,40.0,139.0,40.0,40.0,40.0,0.0,139.0,139.0,139.0,0.0,2275.3128555176336,0.0,879.0,0.0,0.0,0.0,0.0,0.0,0.0,0,8,8,1137.6564277588168,1137.6564277588168,40.0,139.0,73.0,57.15767664977295,3267.0,0,0,109.5,40.0,139.0,1,40,1,139,-1,-1,0,8,0
6,4050712,13,8,1440.0,1731.0,725.0,0.0,110.7692307692,196.5787178402,1179.0,0.0,216.375,405.4647906151,5.1842737771,264969.753321393,937507.0,4050712.0,337947.411331552,1171179.0,3947029.0,374641.213072683,984322.0,0,272,172,3.2093123382,1.9749614389,0.0,1179.0,144.1363636364,283.8113550959,80548.8852813853,0,0,151.0,110.7692307692,216.375,13,1440,8,1731,8192,62645,7,20,0
6,115617927,19,16,1101.0,734.0,517.0,0.0,57.94736842105262,157.7872948286925,578.0,0.0,45.875,147.1388799739892,0.3027212207324907,4719382.6377653,10014622.0,115617927.0,4783572.209785268,10031093.0,110336091.0,4585902.883197466,10031150.0,0,392,464,0.1643343769690664,0.1383868437634243,0.0,578.0,50.97222222222221,148.98024530810616,22195.11349206349,0,0,52.42857142857143,57.94736842105263,45.875,19,1101,16,734,8192,123,15,20,0
17,692,1,1,315.0,302.0,315.0,315.0,315.0,0.0,302.0,302.0,302.0,0.0,2890.173410404624,0.0,692.0,0.0,0.0,0.0,0.0,0.0,0.0,0,8,8,1445.086705202312,1445.086705202312,302.0,315.0,310.6666666666667,7.505553499465135,56.33333333333333,0,0,466.0,315.0,302.0,1,315,1,302,-1,-1,0,8,0
6,1718,2,0,0.0,0.0,0.0,0.0,0.0,0.0,0.0,0.0,0.0,0.0,1164.144354,0.0,1718.0,1718.0,0.0,1718.0,0.0,0.0,0.0,0,40,0,1164.144354,0.0,0.0,0.0,0.0,0.0,0.0,0,1,0.0,0.0,0.0,2,0,0,0,32738,-1,0,20,1
6,1292,5,2,935.0,316.0,935.0,0.0,187.0,418.1447118,316.0,0.0,158.0,223.4457429,5417.956656,248.3285458,638.0,1292.0,443.7033544,961.0,638.0,0.0,638.0,0,124,40,3869.96904,1547.987616,0.0,935.0,156.375,333.4786082,111207.9821,0,0,178.7142857,187.0,158.0,5,935,2,316,65535,32768,1,20,0
6,879,3,4,161.0,488.0,161.0,0.0,53.6666666667,92.9533933395,488.0,0.0,122.0,244.0,7963.5949943117,89.7858563472,271.0,473.0,133.6431816443,331.0,608.0,174.0153249956,378.0,0,72,92,3412.9692832765,4550.6257110353,0.0,488.0,81.125,173.7875858627,30202.125,0,0,92.7142857143,53.6666666667,122.0,3,161,4,488,8192,149,1,20,0
6,4948327,5,3,935.0,357.0,935.0,0.0,187.0,418.1447118,357.0,0.0,119.0,206.1140461,1.616708031,1810008.981,4810955.0,4948327.0,2382813.931,4810962.0,75926.0,53335.65029,75677.0,0,168,104,1.010442519,0.606265512,0.0,935.0,143.5555556,319.4135686,102025.0278,0,1,161.5,187.0,119.0,5,935,3,357,219,211,1,32,0
6,13709,3,4,313.0,935.0,313.0,0.0,104.3333333,180.7106343,935.0,0.0,233.75,467.5,510.6134656,4966.569416,12397.0,12750.0,8516.394073,12397.0,13705.0,7099.397463,12750.0,0,72,92,218.8343424,291.7791232,0.0,935.0,156.0,333.2750901,111072.2857,0,0,178.2857143,104.3333333,233.75,3,313,4,935,65535,219,1,20,1
6,4788307,12,7,1144.0,1581.0,677.0,0.0,95.3333333333,195.0111107946,1173.0,0.0,225.8571428571,430.0986044197,3.9679995456,562249.98479214,2312630.0,4788307.0,696542.999855899,2312630.0,4452704.0,881102.269263374,2411965.0,0,252,152,2.5061049761,1.4618945694,0.0,1173.0,136.25,292.2770630394,85425.8815789474,0,0,143.4210526316,95.3333333333,225.8571428571,12,1144,7,1581,8192,62856,5,20,0
17,32298,2,2,82.0,114.0,41.0,41.0,41.0,0.0,57.0,57.0,57.0,0.0,123.84667781286768,17923.34924058559,31462.0,31936.0,0.0,31936.0,31824.0,0.0,31824.0,0,16,16,61.92333890643384,61.92333890643384,41.0,57.0,47.4,8.763560920082657,76.8,0,0,59.25,41.0,57.0,2,82,2,114,-1,-1,1,8,0
6,2,1,1,0.0,0.0,0.0,0.0,0.0,0.0,0.0,0.0,0.0,0.0,1000000.0,0.0,2.0,0.0,0.0,0.0,0.0,0.0,0.0,0,40,20,500000.0,500000.0,0.0,0.0,0.0,0.0,0.0,0,0,0.0,0.0,0.0,1,0,1,0,26883,0,0,40,1
6,68555780,33,44,2612.0,2344.0,517.0,0.0,79.15151515151514,120.669000061149,299.0,0.0,53.27272727272727,75.03963716515011,1.1231729841014135,6734351.219093368,58690187.0,68555780.0,10356391.8773225,58753077.0,68390122.0,8948112.778971352,58753271.0,0,672,892,0.4813598503291772,0.6418131337722363,0.0,517.0,63.53846153846156,97.02064210777516,9413.004995004998,0,0,64.36363636363636,79.15151515151516,53.27272727272727,33,2612,44,2344,8192,205,19,20,0
6,9865,2,1,38.0,0.0,38.0,0.0,19.0,26.8700576851,0.0,0.0,0.0,0.0,304.1054232134,6948.7383387202,9846.0,9865.0,0.0,9865.0,0.0,0.0,0.0,1,40,20,202.7369488089,101.3684744045,0.0,38.0,19.0,21.9393102292,481.3333333333,1,1,25.3333333333,19.0,0.0,2,38,1,0,123,0,0,20,0
17,1002,1,1,38.0,103.0,38.0,38.0,38.0,0.0,103.0,103.0,103.0,0.0,1996.007984031936,0.0,1002.0,0.0,0.0,0.0,0.0,0.0,0.0,0,8,8,998.003992015968,998.003992015968,38.0,103.0,59.66666666666667,37.52776749732568,1408.3333333333337,0,0,89.5,38.0,103.0,1,38,1,103,-1,-1,0,8,0
6,57306,3,4,436.0,860.0,436.0,0.0,145.33333333333334,251.72471736667683,860.0,0.0,215.0,430.0,122.15125815795902,11470.233511136554,24019.0,32877.0,9451.89634412058,23122.0,34220.0,19402.368137248952,33810.0,0,72,92,52.35053921055387,69.80071894740516,0.0,860.0,162.00000000000003,320.65646949433506,102820.57142857143,0,0,185.1428571428572,145.33333333333334,215.0,3,436,4,860,8192,31,1,20,0
6,139,2,0,0.0,0.0,0.0,0.0,0.0,0.0,0.0,0.0,0.0,0.0,14388.489208633096,0.0,139.0,139.0,0.0,139.0,0.0,0.0,0.0,0,40,0,14388.489208633096,0.0,0.0,0.0,0.0,0.0,0.0,0,1,0.0,0.0,0.0,2,0,0,0,257,-1,0,20,0
6,33457914,10,11,1295.0,5895.0,431.0,0.0,129.5,208.05514760381308,1460.0,0.0,535.9090909090909,632.5101508348233,0.6276541926672415,3494837.033095416,10015388.0,26052706.0,4456351.289838034,10046703.0,33426660.0,4446338.800512195,10046773.0,0,212,256,0.2988829488891626,0.3287712437780789,0.0,1460.0,326.81818181818187,505.5566132269354,255587.4891774892,0,0,342.3809523809524,129.5,535.9090909090909,10,1295,11,5895,8192,1013,5,20,0
6,15844,3,4,310.0,935.0,310.0,0.0,103.3333333,178.9785834,935.0,0.0,233.75,467.5,441.8076243,5992.822996,14861.0,15122.0,10323.75901,14861.0,15837.0,8527.744895,15118.0,0,72,92,189.3461247,252.4614996,0.0,935.0,155.625,333.0748254,110938.8393,0,0,177.8571429,103.3333333,233.75,3,310,4,935,65535,219,1,20,1
6,71869263,12,14,587.0,5242.0,200.0,0.0,48.91666666666667,75.1065404891107,1460.0,0.0,374.4285714285714,597.860507822006,0.361768006442476,11924758.580884736,58811031.0,71869244.0,17747805.52908448,58811031.0,71857672.0,16417332.32149493,58903240.0,0,252,292,0.1669698491272966,0.1947981573151793,0.0,1460.0,215.88888888888889,457.4926088796268,209299.4871794872,0,0,224.19230769230768,48.91666666666666,374.4285714285714,12,587,14,5242,8192,31,5,20,0
6,1632,2,1,38.0,0.0,38.0,0.0,19.0,26.8700576851,0.0,0.0,0.0,0.0,1838.2352941177,1087.5302294649,1585.0,1632.0,0.0,1632.0,0.0,0.0,0.0,1,40,20,1225.4901960784,612.7450980392,0.0,38.0,19.0,21.9393102292,481.3333333333,1,1,25.3333333333,19.0,0.0,2,38,1,0,123,0,0,20,0
6,1,2,0,0.0,0.0,0.0,0.0,0.0,0.0,0.0,0.0,0.0,0.0,2000000.0,0.0,1.0,1.0,0.0,1.0,0.0,0.0,0.0,0,40,0,2000000.0,0.0,0.0,0.0,0.0,0.0,0.0,0,1,0.0,0.0,0.0,2,0,0,0,180,-1,0,20,0
6,658,3,4,161.0,488.0,161.0,0.0,53.66666666666666,92.95339333952974,488.0,0.0,122.0,244.0,10638.297872340429,91.0552945559272,237.0,336.0,115.9655121145938,250.0,421.0,140.37568640378336,295.0,0,72,92,4559.270516717325,6079.0273556231,0.0,488.0,81.125,173.78758586274222,30202.125,0,0,92.71428571428572,53.66666666666666,122.0,3,161,4,488,8192,149,1,20,0
6,55348459,2,0,0.0,0.0,0.0,0.0,0.0,0.0,0.0,0.0,0.0,0.0,0.0361347006969064,0.0,55348459.0,55348459.0,0.0,55348459.0,0.0,0.0,0.0,0,40,0,0.0361347006969064,0.0,0.0,0.0,0.0,0.0,0.0,0,1,0.0,0.0,0.0,2,0,0,0,279,-1,0,20,0
17,282,1,1,37.0,69.0,37.0,37.0,37.0,0.0,69.0,69.0,69.0,0.0,7092.198581560283,0.0,282.0,0.0,0.0,0.0,0.0,0.0,0.0,0,8,8,3546.099290780141,3546.099290780141,37.0,69.0,47.66666666666666,18.475208614068023,341.3333333333333,0,0,71.5,37.0,69.0,1,37,1,69,-1,-1,0,8,0
6,4122535,14,8,1456.0,1731.0,741.0,0.0,104.0,195.0136089926,1179.0,0.0,216.375,405.4647906151,5.3365223097,279028.140776449,957454.0,4122535.0,358066.80271691,1190153.0,4050973.0,406939.362164626,1200035.0,0,292,172,3.3959687425,1.9405535672,0.0,1179.0,138.5652173913,280.3867176998,78616.7114624506,0,0,144.8636363636,104.0,216.375,14,1456,8,1731,8192,62629,7,20,0
6,59479175,12,16,1579.0,4671.0,1232.0,0.0,131.5833333333,353.2435313268,1460.0,0.0,291.9375,580.6418826035,0.4707529988,4180270.60116177,10005802.0,50251236.0,5213466.49911292,10015482.0,59467704.0,5005554.0592343,10017401.0,0,252,392,0.2017512852,0.2690017136,0.0,1460.0,215.5172413793,487.4933421296,237649.75862069,0,0,223.2142857143,131.5833333333,291.9375,12,1579,16,4671,8192,119,8,20,0
6,1144445,6,5,455.0,338.0,140.0,0.0,75.8333333333,62.9362110924,145.0,0.0,67.6,69.7588704037,9.6116458196,147437.003463438,287777.0,1144324.0,127953.948888653,288257.0,1144361.0,2323.9180098848,288122.0,0,128,108,5.2427159016,4.368929918,0.0,145.0,66.0833333333,63.40269328,4019.9015151515,0,0,72.0909090909,75.8333333333,67.6,6,455,5,338,8192,0,4,20,0
6,34,1,1,0.0,0.0,0.0,0.0,0.0,0.0,0.0,0.0,0.0,0.0,58823.52941176471,0.0,34.0,0.0,0.0,0.0,0.0,0.0,0.0,0,20,20,29411.76470588236,29411.76470588236,0.0,0.0,0.0,0.0,0.0,0,1,0.0,0.0,0.0,1,0,1,0,288,253,0,20,0
6,1589,5,2,935.0,315.0,935.0,0.0,187.0,418.1447118,315.0,0.0,157.5,222.7386361,4405.286344,387.007192,1006.0,1589.0,641.1663201,1349.0,1006.0,0.0,1006.0,0,124,40,3146.633103,1258.653241,0.0,935.0,156.25,333.4104078,111162.5,0,0,178.5714286,187.0,157.5,5,935,2,315,65535,32768,1,20,0
17,1697,1,1,35.0,83.0,35.0,35.0,35.0,0.0,83.0,83.0,83.0,0.0,1178.5503830288744,0.0,1697.0,0.0,0.0,0.0,0.0,0.0,0.0,0,8,8,589.2751915144372,589.2751915144372,35.0,83.0,51.0,27.712812921102035,768.0,0,0,76.5,35.0,83.0,1,35,1,83,-1,-1,0,8,0
17,1874,1,1,34.0,91.0,34.0,34.0,34.0,0.0,91.0,91.0,91.0,0.0,1067.2358591248667,0.0,1874.0,0.0,0.0,0.0,0.0,0.0,0.0,0,8,8,533.6179295624333,533.6179295624333,34.0,91.0,53.0,32.90896534380867,1083.0,0,0,79.5,34.0,91.0,1,34,1,91,-1,-1,0,8,0
17,981,1,1,31.0,78.0,31.0,31.0,31.0,0.0,78.0,78.0,78.0,0.0,2038.7359836901,0.0,981.0,0.0,0.0,0.0,0.0,0.0,0.0,0,8,8,1019.3679918451,1019.3679918451,31.0,78.0,46.6666666667,27.1354626519,736.3333333333,0,0,70.0,31.0,78.0,1,31,1,78,-1,-1,0,8,0
6,191185,3,1,0.0,0.0,0.0,0.0,0.0,0.0,0.0,0.0,0.0,0.0,20.922143473598872,110306.24102621451,191099.0,191185.0,135186.79574758772,191184.0,0.0,0.0,0.0,0,72,32,15.691607605199152,5.230535868399718,0.0,0.0,0.0,0.0,0.0,0,0,0.0,0.0,0.0,3,0,1,0,8192,8192,0,20,0
17,1681,1,1,42.0,106.0,42.0,42.0,42.0,0.0,106.0,106.0,106.0,0.0,1189.7679952409,0.0,1681.0,0.0,0.0,0.0,0.0,0.0,0.0,0,8,8,594.8839976205,594.8839976205,42.0,106.0,63.3333333333,36.9504172281,1365.3333333333,0,0,95.0,42.0,106.0,1,42,1,106,-1,-1,0,8,0
6,49,3,1,77.0,0.0,46.0,0.0,25.666666666666664,23.45918441321721,0.0,0.0,0.0,0.0,81632.6530612245,14.364307617610162,27.0,49.0,34.64823227814083,49.0,0.0,0.0,0.0,1,60,20,61224.48979591837,20408.163265306124,0.0,46.0,24.6,23.276597689524987,541.8,1,1,30.75,25.666666666666668,0.0,3,77,1,0,123,0,1,20,0
6,60487857,16,24,1241.0,17712.0,915.0,0.0,77.56250000000001,230.14313480962235,1460.0,0.0,738.0,675.0859526595565,0.6612897527515316,3651870.409084747,10009077.0,60487857.0,5055688.705207943,10015318.0,60476022.0,4487340.748209256,10020777.0,0,332,564,0.2645159011006126,0.396773851650919,0.0,1460.0,462.2682926829267,626.1563712200908,392071.8012195122,0,0,473.825,77.5625,738.0,16,1241,24,17712,8192,117,9,20,0
6,2,1,1,0.0,0.0,0.0,0.0,0.0,0.0,0.0,0.0,0.0,0.0,1000000.0,0.0,2.0,0.0,0.0,0.0,0.0,0.0,0.0,0,40,20,500000.0,500000.0,0.0,0.0,0.0,0.0,0.0,0,0,0.0,0.0,0.0,1,0,1,0,26883,0,0,40,1
6,10253183,9,11,805.0,6579.0,488.0,0.0,89.44444444444444,165.2642664878823,1420.0,0.0,598.0909090909091,665.5777121486949,1.950613775253987,2263123.6306319484,9884252.0,368881.0,57574.29413111749,161617.0,10230219.0,3155025.8148409445,10001207.0,0,192,232,0.8777761988642941,1.072837576389693,0.0,1420.0,351.61904761904765,550.405439307287,302946.14761904755,0,0,369.2,89.44444444444444,598.0909090909091,9,805,11,6579,8192,239,3,20,0
6,4245821,14,8,1436.0,1731.0,725.0,0.0,102.5714286,191.0918886,1179.0,0.0,216.375,405.4647906,5.181565591,271892.9654,953104.0,4245821.0,358091.4371,1241834.0,4125373.0,374180.3066,1039326.0,0,292,172,3.297359922,1.88420567,0.0,1179.0,137.6956522,278.9001833,77785.31225,0,0,143.9545455,102.5714286,216.375,14,1436,8,1731,8192,62649,7,20,0
6,3942,2,0,0.0,0.0,0.0,0.0,0.0,0.0,0.0,0.0,0.0,0.0,507.3566717,0.0,3942.0,3942.0,0.0,3942.0,0.0,0.0,0.0,0,40,0,507.3566717,0.0,0.0,0.0,0.0,0.0,0.0,0,1,0.0,0.0,0.0,2,0,0,0,32738,-1,0,20,1
6,117399647,16,18,1004.0,4828.0,259.0,0.0,62.75,84.9411561023277,1460.0,0.0,268.2222222222223,494.7656076729139,0.2896090479726911,14112491.242475996,58539286.0,117399647.0,20480032.054667767,58539286.0,117337827.0,19348084.74465877,58551108.0,0,332,372,0.1362866108106781,0.1533224371620129,0.0,1460.0,166.62857142857138,370.051910962128,136938.41680672267,0,0,171.52941176470588,62.75,268.22222222222223,16,1004,18,4828,8192,292,8,20,0
6,62686834,35,44,3973.0,6351.0,655.0,0.0,113.51428571428572,187.808314579547,1430.0,0.0,144.34090909090915,302.29763118888343,1.2602327308474377,6628519.261021587,58580247.0,62686834.0,10052409.449941712,58717870.0,62547000.0,8936807.283604829,58677413.0,0,712,892,0.558330956704561,0.7019017741428767,0.0,1430.0,129.04999999999995,255.67339232760185,65368.8835443038,0,0,130.68354430379748,113.51428571428572,144.3409090909091,35,3973,44,6351,8192,204,19,20,0
6,162677,3,1,0.0,0.0,0.0,0.0,0.0,0.0,0.0,0.0,0.0,0.0,24.5886019536,93848.8730051317,162593.0,162677.0,115030.009843084,162677.0,0.0,0.0,0.0,0,68,28,18.4414514652,6.1471504884,0.0,0.0,0.0,0.0,0.0,0,0,0.0,0.0,0.0,3,0,1,0,8192,8192,0,20,0
6,531048,18,27,3182.0,30272.0,890.0,0.0,176.7777777778,341.8652220764,1380.0,0.0,1121.1851851852,514.2180050282,84.7381027704,33510.4095492199,106637.0,531048.0,49492.0419977828,107125.0,426397.0,38459.3879195464,106814.0,0,372,552,33.8952411081,50.8428616622,0.0,1380.0,727.2608695652,650.3842431733,422999.663768116,0,0,743.4222222222,176.7777777778,1121.1851851852,18,3182,27,30272,8192,265,5,20,0
6,36875,2,0,0.0,0.0,0.0,0.0,0.0,0.0,0.0,0.0,0.0,0.0,54.23728814,0.0,36875.0,36875.0,0.0,36875.0,0.0,0.0,0.0,0,64,0,54.23728814,0.0,0.0,0.0,0.0,0.0,0.0,0,1,0.0,0.0,0.0,2,0,0,0,225,-1,0,32,1
17,1838,1,1,31.0,78.0,31.0,31.0,31.0,0.0,78.0,78.0,78.0,0.0,1088.139281828074,0.0,1838.0,0.0,0.0,0.0,0.0,0.0,0.0,0,8,8,544.069640914037,544.069640914037,31.0,78.0,46.66666666666666,27.13546265191241,736.3333333333333,0,0,70.0,31.0,78.0,1,31,1,78,-1,-1,0,8,0
6,1104,5,2,935.0,316.0,935.0,0.0,187.0,418.1447118,316.0,0.0,158.0,223.4457429,6340.57971,236.044911,617.0,1104.0,407.999183,875.0,617.0,0.0,617.0,0,124,40,4528.985507,1811.594203,0.0,935.0,156.375,333.4786082,111207.9821,0,0,178.7142857,187.0,158.0,5,935,2,316,65535,32768,1,20,0
6,12464177,15,21,2535.0,14081.0,561.0,0.0,169.0,246.1840194419,1460.0,0.0,670.5238095238,664.145889022,2.8882773407,1702312.69452316,10000083.0,12461060.0,2658923.34953548,10000083.0,12386048.0,2243496.40611945,10003211.0,0,312,432,1.203448892,1.6848284488,0.0,1460.0,449.0810810811,579.2336114009,335511.576576577,0,0,461.5555555556,169.0,670.5238095238,15,2535,21,14081,8192,315,7,20,0
6,567,2,0,0.0,0.0,0.0,0.0,0.0,0.0,0.0,0.0,0.0,0.0,3527.336861,0.0,567.0,567.0,0.0,567.0,0.0,0.0,0.0,0,40,0,3527.336861,0.0,0.0,0.0,0.0,0.0,0.0,0,1,0.0,0.0,0.0,2,0,0,0,32738,-1,0,20,1
6,3944254,13,7,1383.0,392.0,678.0,0.0,106.3846154,194.221325,291.0,0.0,56.0,105.3976597,5.070667356,287118.852,953209.0,3944254.0,389527.1623,1278392.0,3833864.0,372967.0292,1050043.0,0,272,152,3.295933781,1.774733574,0.0,678.0,84.52380952,164.0681624,26918.3619,0,0,88.75,106.3846154,56.0,13,1383,7,392,8192,62655,7,20,0
17,12540,1,1,79.0,160.0,79.0,79.0,79.0,0.0,160.0,160.0,160.0,0.0,159.48963317384369,0.0,12540.0,0.0,0.0,0.0,0.0,0.0,0.0,0,8,8,79.74481658692184,79.74481658692184,79.0,160.0,106.0,46.76537180435969,2187.0,0,0,159.0,79.0,160.0,1,79,1,160,-1,-1,0,8,0
17,1196,1,1,37.0,102.0,37.0,37.0,37.0,0.0,102.0,102.0,102.0,0.0,1672.240803,0.0,1196.0,0.0,0.0,0.0,0.0,0.0,0.0,0,8,8,836.1204013,836.1204013,37.0,102.0,58.66666667,37.5277675,1408.333333,0,0,88.0,37.0,102.0,1,37,1,102,-1,-1,0,8,0
17,36372,2,2,86.0,198.0,43.0,43.0,43.0,0.0,99.0,99.0,99.0,0.0,109.97470581766191,13721.93160600941,27021.0,27021.0,0.0,27021.0,1.0,0.0,1.0,0,16,16,54.98735290883096,54.98735290883096,43.0,99.0,65.4,30.672463220289305,940.8,0,0,81.75,43.0,99.0,2,86,2,198,-1,-1,1,8,0
6,45,1,1,0.0,0.0,0.0,0.0,0.0,0.0,0.0,0.0,0.0,0.0,44444.4444444444,0.0,45.0,0.0,0.0,0.0,0.0,0.0,0.0,0,20,20,22222.2222222222,22222.2222222222,0.0,0.0,0.0,0.0,0.0,0,1,0.0,0.0,0.0,1,0,1,0,180,254,0,20,0
17,569,1,1,44.0,72.0,44.0,44.0,44.0,0.0,72.0,72.0,72.0,0.0,3514.9384885764503,0.0,569.0,0.0,0.0,0.0,0.0,0.0,0.0,0,8,8,1757.4692442882251,1757.4692442882251,44.0,72.0,53.333333333333336,16.165807537309522,261.33333333333337,0,0,80.0,44.0,72.0,1,44,1,72,-1,-1,0,8,0
6,6262648,10,9,1048.0,2597.0,581.0,0.0,104.8,181.59344089965856,1149.0,0.0,288.5555555555555,490.3850811125658,3.033860437310224,631589.6829885951,2593919.0,6262648.0,946294.3876528036,2865344.0,5981478.0,810447.8518074788,2621413.0,0,236,192,1.5967686512159074,1.4370917860943166,0.0,1149.0,182.25000000000003,356.556170373728,127132.30263157896,0,0,191.8421052631579,104.8,288.55555555555554,10,1048,9,2597,8192,62952,5,20,0
0,116465722,24,0,0.0,0.0,0.0,0.0,0.0,0.0,0.0,0.0,0.0,0.0,0.2060692158,36938.9815992391,5202394.0,116465722.0,36938.9815992391,5202394.0,0.0,0.0,0.0,0,0,0,0.2060692158,0.0,0.0,0.0,0.0,0.0,0.0,0,0,0.0,0.0,0.0,24,0,0,0,-1,-1,0,0,0
6,29,2,0,0.0,0.0,0.0,0.0,0.0,0.0,0.0,0.0,0.0,0.0,68965.5172413793,0.0,29.0,29.0,0.0,29.0,0.0,0.0,0.0,0,40,0,68965.5172413793,0.0,0.0,0.0,0.0,0.0,0.0,0,1,0.0,0.0,0.0,2,0,0,0,260,-1,0,20,0
6,929493,5,4,286.0,170.0,103.0,0.0,57.2,52.48523601928451,131.0,0.0,42.5,61.7980582219215,9.682697986967089,160096.174776233,309814.0,929423.0,154634.15010355896,310109.0,929460.0,315.4155988533224,310057.0,0,112,92,5.37927665942616,4.303421327540928,0.0,131.0,45.6,52.98469380658699,2807.3777777777777,0,0,50.66666666666666,57.2,42.5,5,286,4,170,8192,0,3,20,0
17,105305,2,2,68.0,308.0,34.0,34.0,34.0,0.0,154.0,154.0,154.0,0.0,37.98490100185177,39421.47384780703,77752.0,27552.0,0.0,27552.0,1.0,0.0,1.0,0,16,16,18.992450500925884,18.992450500925884,34.0,154.0,82.0,65.72670690061993,4320.0,0,0,102.5,34.0,154.0,2,68,2,308,-1,-1,1,8,0
6,809,3,4,161.0,488.0,161.0,0.0,53.66666666666666,92.95339333952974,488.0,0.0,122.0,244.0,8652.65760197775,82.60609339913532,251.0,439.0,116.67261889578036,302.0,558.0,160.1499297533408,350.0,0,72,92,3708.281829419036,4944.375772558714,0.0,488.0,81.125,173.78758586274222,30202.125,0,0,92.71428571428572,53.66666666666666,122.0,3,161,4,488,8192,149,1,20,0
6,116534486,13,12,628.0,3870.0,195.0,0.0,48.30769230769231,71.04503808076561,1460.0,0.0,322.49999999999994,551.2965709043627,0.2145287704791524,16411208.220043978,58248704.0,116534486.0,22620785.28136131,58248704.0,116472306.0,23534675.774043474,58277993.0,0,272,252,0.1115549606491592,0.1029738098299931,0.0,1460.0,173.0,395.1725698982661,156161.36,0,0,179.92,48.30769230769231,322.5,13,628,12,3870,8192,123,6,20,0
6,7770,2,0,0.0,0.0,0.0,0.0,0.0,0.0,0.0,0.0,0.0,0.0,257.4002574,0.0,7770.0,7770.0,0.0,7770.0,0.0,0.0,0.0,0,64,0,257.4002574,0.0,0.0,0.0,0.0,0.0,0.0,0,1,0.0,0.0,0.0,2,0,0,0,225,-1,0,32,1
6,1359873,3,4,20.0,964.0,20.0,0.0,6.666666667,11.54700538,964.0,0.0,241.0,482.0,5.147539513,554991.4359,1359517.0,308.0,216.374675,307.0,1359868.0,784816.1942,1359517.0,0,72,92,2.206088363,2.94145115,0.0,964.0,123.0,339.8873763,115523.4286,0,0,140.5714286,6.666666667,241.0,3,20,4,964,8192,211,1,20,1
17,997,1,1,40.0,139.0,40.0,40.0,40.0,0.0,139.0,139.0,139.0,0.0,2006.0180541624875,0.0,997.0,0.0,0.0,0.0,0.0,0.0,0.0,0,8,8,1003.0090270812436,1003.0090270812436,40.0,139.0,73.0,57.15767664977295,3267.0,0,0,109.5,40.0,139.0,1,40,1,139,-1,-1,0,8,0
17,263,1,1,54.0,70.0,54.0,54.0,54.0,0.0,70.0,70.0,70.0,0.0,7604.5627376425855,0.0,263.0,0.0,0.0,0.0,0.0,0.0,0.0,0,8,8,3802.2813688212927,3802.2813688212927,54.0,70.0,59.333333333333336,9.237604307034012,85.33333333333333,0,0,89.0,54.0,70.0,1,54,1,70,-1,-1,0,8,0
6,1653773,10,7,1492.0,1731.0,773.0,0.0,149.2,229.22177519211,1179.0,0.0,247.28571428571428,427.64966747939616,10.279524457105056,235784.3268846112,967302.0,1653773.0,354538.240194944,1119044.0,1548739.0,347882.3139174607,967302.0,0,212,152,6.046779092414739,4.2327453646903175,0.0,1179.0,179.05555555555557,310.9521378381949,96691.23202614376,0,0,189.58823529411765,149.2,247.28571428571428,10,1492,7,1731,8192,62710,7,20,0
6,395624,22,20,1928.0,2665.0,640.0,0.0,87.6363636364,137.7805520365,976.0,0.0,133.25,268.7712537496,106.1614057792,33023.7200900777,205548.0,395576.0,45086.2109934692,205548.0,395600.0,56576.4596310689,244128.0,0,712,648,55.6083554082,50.5530503711,0.0,976.0,106.8139534884,207.2870399796,42967.9169435216,0,0,109.3571428571,87.6363636364,133.25,22,1928,20,2665,26883,230,16,32,1
17,2840,1,1,42.0,155.0,42.0,42.0,42.0,0.0,155.0,155.0,155.0,0.0,704.2253521127,0.0,2840.0,0.0,0.0,0.0,0.0,0.0,0.0,0,8,8,352.1126760563,352.1126760563,42.0,155.0,79.6666666667,65.2405804184,4256.3333333333,0,0,119.5,42.0,155.0,1,42,1,155,-1,-1,0,8,0
6,11293,3,4,275.0,935.0,275.0,0.0,91.66666667,158.771324,935.0,0.0,233.75,467.5,619.8530063,4101.616336,10235.0,10549.0,7015.206376,10235.0,11289.0,5886.426675,10548.0,0,72,92,265.6512884,354.2017179,0.0,935.0,151.25,330.9806857,109548.2143,0,0,172.8571429,91.66666667,233.75,3,275,4,935,65535,219,1,20,1
17,12945,1,1,39.0,167.0,39.0,39.0,39.0,0.0,167.0,167.0,167.0,0.0,154.4998068752,0.0,12945.0,0.0,0.0,0.0,0.0,0.0,0.0,0,8,8,77.2499034376,77.2499034376,39.0,167.0,81.6666666667,73.9008344563,5461.3333333333,0,0,122.5,39.0,167.0,1,39,1,167,-1,-1,0,8,0
6,1,1,1,0.0,0.0,0.0,0.0,0.0,0.0,0.0,0.0,0.0,0.0,2000000.0,0.0,1.0,0.0,0.0,0.0,0.0,0.0,0.0,0,40,20,1000000.0,1000000.0,0.0,0.0,0.0,0.0,0.0,0,0,0.0,0.0,0.0,1,0,1,0,26883,0,0,40,1
6,1812,2,0,0.0,0.0,0.0,0.0,0.0,0.0,0.0,0.0,0.0,0.0,1103.752759,0.0,1812.0,1812.0,0.0,1812.0,0.0,0.0,0.0,0,40,0,1103.752759,0.0,0.0,0.0,0.0,0.0,0.0,0,1,0.0,0.0,0.0,2,0,0,0,32738,-1,0,20,1
6,248567,4,2,42.0,19.0,42.0,0.0,10.5,21.0,19.0,0.0,9.5,13.4350288425,24.1383610857,66605.6860733376,122682.0,248567.0,71709.5011161933,125797.0,125832.0,0.0,125832.0,0,92,52,16.0922407238,8.0461203619,0.0,42.0,8.7142857143,16.2963624337,265.5714285714,0,0,10.1666666667,10.5,9.5,4,42,2,19,8192,63958,1,20,0
17,2203,1,1,35.0,83.0,35.0,35.0,35.0,0.0,83.0,83.0,83.0,0.0,907.8529278256922,0.0,2203.0,0.0,0.0,0.0,0.0,0.0,0.0,0,8,8,453.9264639128461,453.9264639128461,35.0,83.0,51.0,27.712812921102035,768.0,0,0,76.5,35.0,83.0,1,35,1,83,-1,-1,0,8,0
6,557,3,4,161.0,488.0,161.0,0.0,53.66666666666666,92.95339333952974,488.0,0.0,122.0,244.0,12567.324955116695,66.11933655646182,163.0,308.0,60.81118318204309,197.0,394.0,156.84493403783668,305.0,0,72,92,5385.996409335728,7181.32854578097,0.0,488.0,81.125,173.78758586274222,30202.125,0,0,92.71428571428572,53.66666666666666,122.0,3,161,4,488,8192,149,1,20,0
0,112634945,3,0,0.0,0.0,0.0,0.0,0.0,0.0,0.0,0.0,0.0,0.0,0.0266347180264526,67.17514421272202,56317520.0,112634945.0,67.17514421272202,56317520.0,0.0,0.0,0.0,0,0,0,0.0266347180264526,0.0,0.0,0.0,0.0,0.0,0.0,0,0,0.0,0.0,0.0,3,0,0,0,-1,-1,0,0,0
6,7277100,6,8,717.0,3695.0,387.0,0.0,119.5,160.5649401,1460.0,0.0,461.875,652.749446,1.923843289,1973314.228,7127005.0,76476.0,13631.15491,29769.0,7255394.0,2685819.236,7127005.0,0,132,172,0.824504267,1.099339022,0.0,1460.0,294.1333333,507.520002,257576.5524,0,0,315.1428571,119.5,461.875,6,717,8,3695,8192,7475,3,20,0
6,25496294,2,0,0.0,0.0,0.0,0.0,0.0,0.0,0.0,0.0,0.0,0.0,0.078442773,0.0,25500000.0,25500000.0,0.0,25500000.0,0.0,0.0,0.0,0,40,0,0.078442773,0.0,0.0,0.0,0.0,0.0,0.0,0,1,0.0,0.0,0.0,2,0,0,0,2049,-1,0,20,1
6,1336,5,2,935.0,291.0,935.0,0.0,187.0,418.1447118,291.0,0.0,145.5,205.7680733,5239.520958,276.1330597,713.0,1336.0,489.6999081,1049.0,713.0,0.0,713.0,0,124,40,3742.51497,1497.005988,0.0,935.0,153.25,331.8824017,110145.9286,0,0,175.1428571,187.0,145.5,5,935,2,291,65535,32768,1,20,0
17,324,1,1,43.0,59.0,43.0,43.0,43.0,0.0,59.0,59.0,59.0,0.0,6172.839506172839,0.0,324.0,0.0,0.0,0.0,0.0,0.0,0.0,0,8,8,3086.4197530864194,3086.4197530864194,43.0,59.0,48.333333333333336,9.237604307034012,85.33333333333333,0,0,72.5,43.0,59.0,1,43,1,59,-1,-1,0,8,0
6,20697199,6,8,677.0,3695.0,388.0,0.0,112.8333333333,155.7053841929,1460.0,0.0,461.875,652.7494460248,0.6764200315,5650442.76526632,20397299.0,139036.0,24633.9739425047,46405.0,20652559.0,7693587.47786046,20397299.0,0,132,172,0.2898942992,0.3865257323,0.0,1460.0,291.4666666667,507.9734057531,258036.980952381,0,0,312.2857142857,112.8333333333,461.875,6,677,8,3695,8192,7515,3,20,0
6,588361,2,2,1.0,31.0,1.0,0.0,0.5,0.7071067811865476,31.0,0.0,15.5,21.920310216782973,6.798547150473944,283211.92211899086,520844.0,588361.0,0.0,588361.0,520844.0,0.0,520844.0,0,40,40,3.399273575236972,3.399273575236972,0.0,31.0,6.6,13.64917579929279,186.3,0,1,8.25,0.5,15.5,2,1,2,31,63816,64240,0,20,0
6,1333226,3,4,20.0,964.0,20.0,0.0,6.666666667,11.54700538,964.0,0.0,241.0,482.0,5.250422659,544103.0497,1332850.0,346.0,243.2447327,345.0,1333220.0,769414.5133,1332850.0,0,72,92,2.25018114,3.000241519,0.0,964.0,123.0,339.8873763,115523.4286,0,0,140.5714286,6.666666667,241.0,3,20,4,964,8192,211,1,20,1
6,2269606,8,7,1128.0,1581.0,661.0,0.0,141.0,222.62332056,1173.0,0.0,225.8571428571,430.0986044197,6.6090766415,249235.769646527,953125.0,2269606.0,400051.587820811,1213725.0,2060392.0,299399.551969382,953125.0,0,172,152,3.5248408755,3.084235766,0.0,1173.0,169.3125,317.7312740352,100953.1625,0,0,180.6,141.0,225.8571428571,8,1128,7,1581,64240,62872,5,20,0
17,314,1,1,50.0,66.0,50.0,50.0,50.0,0.0,66.0,66.0,66.0,0.0,6369.426751592357,0.0,314.0,0.0,0.0,0.0,0.0,0.0,0.0,0,8,8,3184.7133757961783,3184.7133757961783,50.0,66.0,55.333333333333336,9.237604307034012,85.33333333333333,0,0,83.0,50.0,66.0,1,50,1,66,-1,-1,0,8,0
6,65,2,0,0.0,0.0,0.0,0.0,0.0,0.0,0.0,0.0,0.0,0.0,30769.23077,0.0,65.0,65.0,0.0,65.0,0.0,0.0,0.0,0,40,0,30769.23077,0.0,0.0,0.0,0.0,0.0,0.0,0,1,0.0,0.0,0.0,2,0,0,0,127,-1,0,20,1
6,4202588,5,4,935.0,369.0,935.0,0.0,187.0,418.1447118,369.0,0.0,92.25,184.5,2.141537548,1474608.102,4174725.0,4202588.0,2083490.45,4175829.0,4200911.0,2402753.53,4174725.0,0,168,136,1.189743082,0.951794466,0.0,935.0,130.4,305.5676684,93371.6,0,1,144.8888889,187.0,92.25,5,935,4,369,219,211,1,32,0
6,26660,2,0,0.0,0.0,0.0,0.0,0.0,0.0,0.0,0.0,0.0,0.0,75.01875469,0.0,26660.0,26660.0,0.0,26660.0,0.0,0.0,0.0,0,40,0,75.01875469,0.0,0.0,0.0,0.0,0.0,0.0,0,1,0.0,0.0,0.0,2,0,0,0,32738,-1,0,20,1
6,1150,3,0,77.0,0.0,46.0,0.0,25.666666666666664,23.45918441321721,0.0,0.0,0.0,0.0,2608.695652173913,794.7880220536795,1137.0,1150.0,794.7880220536795,1137.0,0.0,0.0,0.0,1,60,0,2608.695652173913,0.0,0.0,46.0,30.75,21.68524844220144,470.25,1,1,41.0,25.666666666666668,0.0,3,77,0,0,254,-1,1,20,0
6,158941,3,1,0.0,0.0,0.0,0.0,0.0,0.0,0.0,0.0,0.0,0.0,25.1665712434,86374.5563365354,152654.0,158941.0,103598.921618422,152726.0,0.0,0.0,0.0,0,72,32,18.8749284326,6.2916428109,0.0,0.0,0.0,0.0,0.0,0,0,0.0,0.0,0.0,3,0,1,0,8192,8192,0,20,0
17,447,1,1,45.0,61.0,45.0,45.0,45.0,0.0,61.0,61.0,61.0,0.0,4474.272930648769,0.0,447.0,0.0,0.0,0.0,0.0,0.0,0.0,0,8,8,2237.1364653243845,2237.1364653243845,45.0,61.0,50.333333333333336,9.237604307034012,85.33333333333333,0,0,75.5,45.0,61.0,1,45,1,61,-1,-1,0,8,0
6,115995347,27,34,922.0,28153.0,342.0,0.0,34.14814815,94.21485417,1460.0,0.0,828.0294118,710.7169443,0.525883163,4350376.776,20200000.0,116000000.0,5761241.295,20200000.0,111000000.0,5448036.777,20200000.0,0,552,812,0.232767957,0.293115206,0.0,1460.0,468.9516129,660.4510239,436195.555,0,0,476.6393443,34.14814815,828.0294118,27,922,34,28153,8192,1013,14,20,1
6,85846609,2,0,0.0,0.0,0.0,0.0,0.0,0.0,0.0,0.0,0.0,0.0,0.0232973675174519,0.0,85846609.0,85846609.0,0.0,85846609.0,0.0,0.0,0.0,0,40,0,0.0232973675174519,0.0,0.0,0.0,0.0,0.0,0.0,0,1,0.0,0.0,0.0,2,0,0,0,64000,-1,0,20,0
6,17980,5,2,935.0,266.0,935.0,0.0,187.0,418.1447118,266.0,0.0,133.0,188.0904038,389.3214683,7040.798298,17366.0,17980.0,8791.466734,17681.0,17366.0,0.0,17366.0,0,124,40,278.0867631,111.2347052,0.0,935.0,150.125,330.5149391,109240.125,0,0,171.5714286,187.0,133.0,5,935,2,266,65535,32768,1,20,0
6,255981,3,1,0.0,0.0,0.0,0.0,0.0,0.0,0.0,0.0,0.0,0.0,15.626159754044243,147738.74057944314,255921.0,255981.0,181004.48674135123,255980.0,0.0,0.0,0.0,0,72,32,11.719619815533184,3.906539938511061,0.0,0.0,0.0,0.0,0.0,0,0,0.0,0.0,0.0,3,0,1,0,8192,8192,0,20,0
6,3,1,1,0.0,0.0,0.0,0.0,0.0,0.0,0.0,0.0,0.0,0.0,666666.6667,0.0,3.0,0.0,0.0,0.0,0.0,0.0,0.0,0,40,20,333333.3333,333333.3333,0.0,0.0,0.0,0.0,0.0,0,0,0.0,0.0,0.0,1,0,1,0,26883,0,0,40,1
6,132,2,0,0.0,0.0,0.0,0.0,0.0,0.0,0.0,0.0,0.0,0.0,15151.5151515152,0.0,132.0,132.0,0.0,132.0,0.0,0.0,0.0,0,40,0,15151.5151515152,0.0,0.0,0.0,0.0,0.0,0.0,0,1,0.0,0.0,0.0,2,0,0,0,278,-1,0,20,0
0,100316762,62,0,0.0,0.0,0.0,0.0,0.0,0.0,0.0,0.0,0.0,0.0,0.6180422769227739,2398011.035342688,18391861.0,100316762.0,2398011.035342688,18391861.0,0.0,0.0,0.0,0,0,0,0.6180422769227739,0.0,0.0,0.0,0.0,0.0,0.0,0,0,0.0,0.0,0.0,62,0,0,0,-1,-1,0,0,0
6,77640904,2,0,0.0,0.0,0.0,0.0,0.0,0.0,0.0,0.0,0.0,0.0,0.025759618,0.0,77600000.0,77600000.0,0.0,77600000.0,0.0,0.0,0.0,0,40,0,0.025759618,0.0,0.0,0.0,0.0,0.0,0.0,0,1,0.0,0.0,0.0,2,0,0,0,2049,-1,0,20,1
6,21042992,1,4,0.0,0.0,0.0,0.0,0.0,0.0,0.0,0.0,0.0,0.0,0.2376087963156569,5129122.232495862,12015256.0,0.0,0.0,0.0,21042917.0,4583890.85514395,12015256.0,0,32,112,0.0475217592631313,0.1900870370525255,0.0,0.0,0.0,0.0,0.0,0,0,0.0,0.0,0.0,1,0,4,0,8192,0,0,32,0
6,1776175,8,7,1148.0,1581.0,677.0,0.0,143.5,228.12966237897004,1173.0,0.0,225.8571428571429,430.0986044197418,8.445113797908427,248835.89765750527,953200.0,1776175.0,385751.04040072026,1110485.0,1677789.0,336524.6452013582,953200.0,0,172,152,4.504060692217828,3.941053105690599,0.0,1173.0,170.56250000000003,319.4332415909987,102037.59583333335,0,0,181.9333333333333,143.5,225.8571428571429,8,1148,7,1581,8192,62852,5,20,0
6,303,2,0,0.0,0.0,0.0,0.0,0.0,0.0,0.0,0.0,0.0,0.0,6600.6600660066,0.0,303.0,303.0,0.0,303.0,0.0,0.0,0.0,0,40,0,6600.6600660066,0.0,0.0,0.0,0.0,0.0,0.0,0,1,0.0,0.0,0.0,2,0,0,0,65340,-1,0,20,0
6,32385,4,5,427.0,2266.0,427.0,0.0,106.75,213.5,1460.0,0.0,453.2,662.2470837988,277.9064381658,5533.0171938877,11616.0,32369.0,1807.8507497394,12004.0,20769.0,10101.914121426,20343.0,0,92,112,123.5139725181,154.3924656477,0.0,1460.0,269.3,498.702772757,248704.455555556,0,0,299.2222222222,106.75,453.2,4,427,5,2266,8192,237,1,20,0
17,1775,1,1,41.0,120.0,41.0,41.0,41.0,0.0,120.0,120.0,120.0,0.0,1126.760563,0.0,1775.0,0.0,0.0,0.0,0.0,0.0,0.0,0,8,8,563.3802817,563.3802817,41.0,120.0,67.33333333,45.61067127,2080.333333,0,0,101.0,41.0,120.0,1,41,1,120,-1,-1,0,8,0
6,1600,2,0,0.0,0.0,0.0,0.0,0.0,0.0,0.0,0.0,0.0,0.0,1250.0,0.0,1600.0,1600.0,0.0,1600.0,0.0,0.0,0.0,0,40,0,1250.0,0.0,0.0,0.0,0.0,0.0,0.0,0,1,0.0,0.0,0.0,2,0,0,0,32738,-1,0,20,1
6,17793,2,0,0.0,0.0,0.0,0.0,0.0,0.0,0.0,0.0,0.0,0.0,112.4037543,0.0,17793.0,17793.0,0.0,17793.0,0.0,0.0,0.0,0,64,0,112.4037543,0.0,0.0,0.0,0.0,0.0,0.0,0,1,0.0,0.0,0.0,2,0,0,0,225,-1,0,32,1
6,109217164,2,1,1.0,0.0,1.0,0.0,0.5,0.7071067811865476,0.0,0.0,0.0,0.0,0.0274682100333606,76924743.82543063,109002590.0,214574.0,0.0,214574.0,0.0,0.0,0.0,0,52,20,0.0183121400222404,0.0091560700111202,0.0,1.0,0.5,0.5773502691896257,0.3333333333333333,0,1,0.6666666666666666,0.5,0.0,2,1,1,0,251,0,0,20,0
6,2815727,9,9,1213.0,1874.0,661.0,0.0,134.7777778,209.0799953,1173.0,0.0,208.2222222,381.2200079,6.392665198,240565.5171,943181.0,2815727.0,376546.8014,1209187.0,2614302.0,274023.1645,943181.0,0,192,204,3.196332599,3.196332599,0.0,1173.0,162.4736842,294.8147005,86915.7076,0,0,171.5,134.7777778,208.2222222,9,1213,9,1874,8192,62872,6,20,0
6,64,2,1,31.0,0.0,31.0,0.0,15.5,21.920310216782973,0.0,0.0,0.0,0.0,46875.0,14.142135623730953,42.0,64.0,0.0,64.0,0.0,0.0,0.0,1,40,20,31250.0,15625.0,0.0,31.0,15.499999999999998,17.897858344878397,320.3333333333333,1,1,20.666666666666668,15.5,0.0,2,31,1,0,237,0,0,20,0
6,117036050,14,13,1093.0,5349.0,462.0,0.0,78.07142857142857,130.1469372468107,1460.0,0.0,411.4615384615385,608.4252371744365,0.2306981481346986,15870305.467914218,58856089.0,117036050.0,21927613.505581774,58856089.0,116974459.0,22747183.73321208,58867889.0,0,292,272,0.1196212619957696,0.1110768861389289,0.0,1460.0,230.0714285714285,449.9585107270018,202462.6613756614,0,0,238.59259259259252,78.07142857142857,411.46153846153845,14,1093,13,5349,8192,118,7,20,0
6,218,2,0,0.0,0.0,0.0,0.0,0.0,0.0,0.0,0.0,0.0,0.0,9174.311926605504,0.0,218.0,218.0,0.0,218.0,0.0,0.0,0.0,0,40,0,9174.311926605504,0.0,0.0,0.0,0.0,0.0,0.0,0,1,0.0,0.0,0.0,2,0,0,0,255,-1,0,20,0
6,54600,2,0,0.0,0.0,0.0,0.0,0.0,0.0,0.0,0.0,0.0,0.0,36.63003663,0.0,54600.0,54600.0,0.0,54600.0,0.0,0.0,0.0,0,64,0,36.63003663,0.0,0.0,0.0,0.0,0.0,0.0,0,1,0.0,0.0,0.0,2,0,0,0,225,-1,0,32,1
17,85268,2,2,74.0,410.0,37.0,37.0,37.0,0.0,205.0,205.0,205.0,0.0,46.910916170192806,28735.870359766963,57488.0,57488.0,0.0,57488.0,28.0,0.0,28.0,0,16,16,23.455458085096403,23.455458085096403,37.0,205.0,104.2,92.0173896608679,8467.2,0,0,130.25,37.0,205.0,2,74,2,410,-1,-1,1,8,0
6,28,2,0,0.0,0.0,0.0,0.0,0.0,0.0,0.0,0.0,0.0,0.0,71428.57142857143,0.0,28.0,28.0,0.0,28.0,0.0,0.0,0.0,0,40,0,71428.57142857143,0.0,0.0,0.0,0.0,0.0,0.0,0,1,0.0,0.0,0.0,2,0,0,0,64240,-1,0,20,0
17,25847,2,2,80.0,494.0,40.0,40.0,40.0,0.0,247.0,247.0,247.0,0.0,154.75683831779318,14042.608245384235,24821.0,24821.0,0.0,24821.0,28.0,0.0,28.0,0,16,16,77.37841915889659,77.37841915889659,40.0,247.0,122.8,113.3785694035694,12854.7,0,0,153.5,40.0,247.0,2,80,2,494,-1,-1,1,8,0
6,163,2,0,0.0,0.0,0.0,0.0,0.0,0.0,0.0,0.0,0.0,0.0,12269.938650306747,0.0,163.0,163.0,0.0,163.0,0.0,0.0,0.0,0,40,0,12269.938650306747,0.0,0.0,0.0,0.0,0.0,0.0,0,1,0.0,0.0,0.0,2,0,0,0,63779,-1,0,20,0
17,3394,1,1,42.0,139.0,42.0,42.0,42.0,0.0,139.0,139.0,139.0,0.0,589.2751915144,0.0,3394.0,0.0,0.0,0.0,0.0,0.0,0.0,0,8,8,294.6375957572,294.6375957572,42.0,139.0,74.3333333333,56.0029761114,3136.3333333333,0,0,111.5,42.0,139.0,1,42,1,139,-1,-1,0,8,0
6,88,2,0,0.0,0.0,0.0,0.0,0.0,0.0,0.0,0.0,0.0,0.0,22727.2727272727,0.0,88.0,88.0,0.0,88.0,0.0,0.0,0.0,0,40,0,22727.2727272727,0.0,0.0,0.0,0.0,0.0,0.0,0,1,0.0,0.0,0.0,2,0,0,0,279,-1,0,20,0
6,1613,5,2,935.0,275.0,935.0,0.0,187.0,418.1447118,275.0,0.0,137.5,194.4543648,4339.739616,335.1730399,845.0,1613.0,523.0477193,1124.0,845.0,0.0,845.0,0,124,40,3099.814011,1239.925604,0.0,935.0,151.25,330.9806857,109548.2143,0,0,172.8571429,187.0,137.5,5,935,2,275,65535,32768,1,20,0
6,781,3,4,148.0,243.0,148.0,0.0,49.333333333333336,85.44783984006462,243.0,0.0,60.75,121.5,8962.868117797696,85.55095947250776,234.0,455.0,88.38834764831844,290.0,547.0,192.7286520819708,384.0,0,72,92,3841.229193341869,5121.638924455826,0.0,243.0,48.875,93.99306585366512,8834.69642857143,0,0,55.85714285714285,49.333333333333336,60.75,3,148,4,243,8192,149,1,20,0
6,5393712,9,9,1032.0,1466.0,565.0,0.0,114.66666666666669,183.6926781338875,1149.0,0.0,162.88888888888889,373.3649168188023,3.3372193398535184,730428.2049331778,3007067.0,5393712.0,1087900.7558868332,3062528.0,5225791.0,988540.373755083,3007067.0,0,204,204,1.6686096699267592,1.6686096699267592,0.0,1149.0,131.47368421052633,280.26423413570365,78548.0409356725,0,0,138.77777777777777,114.66666666666669,162.88888888888889,9,1032,9,1466,8192,62968,5,20,0
6,80,2,0,0.0,0.0,0.0,0.0,0.0,0.0,0.0,0.0,0.0,0.0,25000.0,0.0,80.0,80.0,0.0,80.0,0.0,0.0,0.0,0,40,0,25000.0,0.0,0.0,0.0,0.0,0.0,0.0,0,1,0.0,0.0,0.0,2,0,0,0,278,-1,0,20,0
6,46249,3,4,335.0,935.0,335.0,0.0,111.6666667,193.4123402,935.0,0.0,233.75,467.5,151.3546239,16073.57417,40356.0,5863.0,1588.868937,4055.0,46242.0,21797.14676,40356.0,0,104,136,64.86626738,86.48835651,0.0,935.0,158.75,334.8427136,112119.6429,0,0,181.4285714,111.6666667,233.75,3,335,4,935,26883,219,1,32,1
6,34,1,1,0.0,0.0,0.0,0.0,0.0,0.0,0.0,0.0,0.0,0.0,58823.5294117647,0.0,34.0,0.0,0.0,0.0,0.0,0.0,0.0,0,20,20,29411.7647058824,29411.7647058824,0.0,0.0,0.0,0.0,0.0,0,1,0.0,0.0,0.0,1,0,1,0,31088,63948,0,20,0
17,12362,1,1,83.0,165.0,83.0,83.0,83.0,0.0,165.0,165.0,165.0,0.0,161.786118751,0.0,12362.0,0.0,0.0,0.0,0.0,0.0,0.0,0,8,8,80.8930593755,80.8930593755,83.0,165.0,110.3333333333,47.3427220735,2241.3333333333,0,0,165.5,83.0,165.0,1,83,1,165,-1,-1,0,8,0
6,35403075,2,0,0.0,0.0,0.0,0.0,0.0,0.0,0.0,0.0,0.0,0.0,0.056492268,0.0,35400000.0,35400000.0,0.0,35400000.0,0.0,0.0,0.0,0,40,0,0.056492268,0.0,0.0,0.0,0.0,0.0,0.0,0,1,0.0,0.0,0.0,2,0,0,0,2049,-1,0,20,1
6,118234632,29,42,610.0,25189.0,517.0,0.0,21.03448275862069,95.99683133112136,1460.0,0.0,599.7380952380952,694.3426109927187,0.6005008752427122,3675322.0036803633,10016329.0,118234632.0,4866784.663902947,10046662.0,112592476.0,4468956.79282949,10046619.0,0,592,984,0.2452750053808261,0.3552258698618861,0.0,1460.0,358.3194444444443,603.9769566164181,364788.1641236306,0,0,363.36619718309856,21.03448275862069,599.7380952380952,29,610,42,25189,8192,1403,14,20,0
6,2845723,8,7,1128.0,1581.0,661.0,0.0,141.00000000000003,222.62332055996032,1173.0,0.0,225.8571428571429,430.0986044197418,5.271068196026106,261640.3925515572,951638.0,2845723.0,417175.8843203622,1316525.0,2537641.0,259666.43676256403,951638.0,0,172,152,2.811236371213924,2.459831824812183,0.0,1173.0,169.3125,317.73127403515065,100953.1625,0,0,180.6,141.0,225.8571428571429,8,1128,7,1581,64240,62872,5,20,0
6,3091,2,0,0.0,0.0,0.0,0.0,0.0,0.0,0.0,0.0,0.0,0.0,647.0397929,0.0,3091.0,3091.0,0.0,3091.0,0.0,0.0,0.0,0,40,0,647.0397929,0.0,0.0,0.0,0.0,0.0,0.0,0,1,0.0,0.0,0.0,2,0,0,0,32738,-1,0,20,1
6,864,3,4,161.0,488.0,161.0,0.0,53.6666666667,92.9533933395,488.0,0.0,122.0,244.0,8101.8518518519,102.2056749892,318.0,511.0,167.5843071412,374.0,546.0,171.2571166404,367.0,0,72,92,3472.2222222222,4629.6296296296,0.0,488.0,81.125,173.7875858627,30202.125,0,0,92.7142857143,53.6666666667,122.0,3,161,4,488,8192,149,1,20,0
6,2612,5,2,935.0,314.0,935.0,0.0,187.0,418.1447118,314.0,0.0,157.0,222.0315293,2679.938744,779.7914251,2001.0,2612.0,1147.60998,2369.0,2001.0,0.0,2001.0,0,124,40,1914.24196,765.6967841,0.0,935.0,156.125,333.3425683,111117.2679,0,0,178.4285714,187.0,157.0,5,935,2,314,65535,32768,1,20,0
6,25,2,0,0.0,0.0,0.0,0.0,0.0,0.0,0.0,0.0,0.0,0.0,80000.0,0.0,25.0,25.0,0.0,25.0,0.0,0.0,0.0,0,40,0,80000.0,0.0,0.0,0.0,0.0,0.0,0.0,0,1,0.0,0.0,0.0,2,0,0,0,64952,-1,0,20,0
6,1939459,9,7,1148.0,1581.0,677.0,0.0,127.55555555555556,218.69105555046772,1173.0,0.0,225.8571428571429,430.0986044197418,8.249723247565429,243741.7966653198,972163.0,1939459.0,350319.33622051484,1087801.0,1875468.0,341298.1590879154,972163.0,0,188,148,4.640469326755554,3.6092539208098753,0.0,1173.0,160.5294117647059,312.04409096453395,97371.51470588232,0,0,170.5625,127.55555555555556,225.8571428571429,9,1148,7,1581,8192,62852,5,20,0
6,1487165,3,4,20.0,964.0,20.0,0.0,6.666666667,11.54700538,964.0,0.0,241.0,482.0,4.706942404,606928.2984,1486748.0,378.0,264.4579362,376.0,1487159.0,858255.7307,1486748.0,0,72,92,2.01726103,2.689681374,0.0,964.0,123.0,339.8873763,115523.4286,0,0,140.5714286,6.666666667,241.0,3,20,4,964,8192,211,1,20,1
6,119433564,20,21,1000.0,17602.0,294.0,0.0,50.0,83.33508770083141,1460.0,0.0,838.1904761904763,655.6123564308119,0.3432870846925409,12937618.525916314,58943604.0,119433564.0,18469208.34831791,58996663.0,119317219.0,18036773.42678877,58954741.0,0,412,432,0.1674571144841662,0.1758299702083746,0.0,1460.0,442.9047619047619,610.7455583546572,373010.137049942,0,0,453.7073170731707,50.0,838.1904761904761,20,1000,21,17602,8192,64,8,20,0
6,60553263,16,15,765.0,5711.0,441.0,0.0,47.8125,118.5046939999,1460.0,0.0,380.7333333333,591.120421218,0.5119459871,4056991.63018961,10003635.0,60553263.0,5044631.58069789,10015392.0,60541388.0,5115415.55945028,10017859.0,0,332,384,0.2642301869,0.2477158002,0.0,1460.0,202.375,440.0491724723,193643.274193548,0,0,208.9032258065,47.8125,380.7333333333,16,765,15,5711,8192,114,9,20,0
6,6015247,8,5,397.0,4208.0,194.0,0.0,49.625,78.5983233191,1460.0,0.0,841.6,741.4076476541,2.1611747614,1687579.31163909,5859727.0,6015247.0,2205162.46114733,5859727.0,72802.0,21737.7214767326,43277.0,0,172,112,1.3299536993,0.8312210621,0.0,1460.0,328.9285714286,574.3506653719,329878.686813187,0,0,354.2307692308,49.625,841.6,8,397,5,4208,8192,512,3,20,0
17,38893,1,1,42.0,155.0,42.0,42.0,42.0,0.0,155.0,155.0,155.0,0.0,51.4231352686,0.0,38893.0,0.0,0.0,0.0,0.0,0.0,0.0,0,8,8,25.7115676343,25.7115676343,42.0,155.0,79.6666666667,65.2405804184,4256.3333333333,0,0,119.5,42.0,155.0,1,42,1,155,-1,-1,0,8,0
17,1861,1,1,44.0,252.0,44.0,44.0,44.0,0.0,252.0,252.0,252.0,0.0,1074.69102632993,0.0,1861.0,0.0,0.0,0.0,0.0,0.0,0.0,0,8,8,537.345513164965,537.345513164965,44.0,252.0,113.33333333333331,120.08885599144216,14421.333333333332,0,0,170.0,44.0,252.0,1,44,1,252,-1,-1,0,8,0
6,3952842,13,8,1460.0,1731.0,741.0,0.0,112.3076923077,200.6391390097,1179.0,0.0,216.375,405.4647906151,5.3126332902,289218.569460774,953160.0,3952842.0,369363.235206828,1167102.0,3863078.0,382860.652916834,1079423.0,0,272,172,3.2887729892,2.023860301,0.0,1179.0,145.0454545455,285.3201171738,81407.5692640693,0,0,151.9523809524,112.3076923077,216.375,13,1460,8,1731,8192,62625,7,20,0
0,107044494,59,0,0.0,0.0,0.0,0.0,0.0,0.0,0.0,0.0,0.0,0.0,0.5511726740471117,3027415.362231113,22312522.0,107044494.0,3027415.362231113,22312522.0,0.0,0.0,0.0,0,0,0,0.5511726740471117,0.0,0.0,0.0,0.0,0.0,0.0,0,0,0.0,0.0,0.0,59,0,0,0,-1,-1,0,0,0
6,115060568,21,19,1205.0,6315.0,836.0,0.0,57.38095238095237,185.33765839420656,1460.0,0.0,332.3684210526316,575.1909065235371,0.3476429909506443,4546180.236666303,10014747.0,115060568.0,4954108.42013626,10030946.0,110372912.0,5028342.781312643,10031015.0,0,432,524,0.1825125702490883,0.165130420701556,0.0,1460.0,183.41463414634148,431.0155435485916,185774.39878048789,0,0,188.0,57.38095238095238,332.3684210526316,21,1205,19,6315,8192,125,15,20,0
17,1049,1,1,41.0,69.0,41.0,41.0,41.0,0.0,69.0,69.0,69.0,0.0,1906.577693040992,0.0,1049.0,0.0,0.0,0.0,0.0,0.0,0.0,0,8,8,953.2888465204956,953.2888465204956,41.0,69.0,50.333333333333336,16.165807537309522,261.33333333333337,0,0,75.5,41.0,69.0,1,41,1,69,-1,-1,0,8,0
17,30601,2,2,94.0,256.0,47.0,47.0,47.0,0.0,128.0,128.0,128.0,0.0,130.71468252671482,16224.529772333412,28930.0,30133.0,0.0,30133.0,29398.0,0.0,29398.0,0,16,16,65.35734126335741,65.35734126335741,47.0,128.0,79.4,44.36552715791846,1968.3,0,0,99.25,47.0,128.0,2,94,2,256,-1,-1,1,8,0
6,41,2,0,0.0,0.0,0.0,0.0,0.0,0.0,0.0,0.0,0.0,0.0,48780.487804878045,0.0,41.0,41.0,0.0,41.0,0.0,0.0,0.0,0,40,0,48780.487804878045,0.0,0.0,0.0,0.0,0.0,0.0,0,1,0.0,0.0,0.0,2,0,0,0,258,-1,0,20,0
17,13233,1,1,34.0,162.0,34.0,34.0,34.0,0.0,162.0,162.0,162.0,0.0,151.13730824454018,0.0,13233.0,0.0,0.0,0.0,0.0,0.0,0.0,0,8,8,75.56865412227009,75.56865412227009,34.0,162.0,76.66666666666666,73.9008344562721,5461.333333333333,0,0,115.0,34.0,162.0,1,34,1,162,-1,-1,0,8,0
6,60419735,18,18,2874.0,5857.0,954.0,0.0,159.6666666667,319.800489276,1460.0,0.0,325.3888888889,548.8652613924,0.5958318089,3814948.14328827,10001259.0,60419735.0,4908826.44521283,10012701.0,60408237.0,4917147.42613615,10012823.0,0,372,444,0.2979159045,0.2979159045,0.0,1460.0,235.972972973,446.1046518031,199009.36036036,0,0,242.5277777778,159.6666666667,325.3888888889,18,2874,18,5857,8192,129,11,20,0
6,86184830,2,0,0.0,0.0,0.0,0.0,0.0,0.0,0.0,0.0,0.0,0.0,0.0232059401,0.0,86184830.0,86184830.0,0.0,86184830.0,0.0,0.0,0.0,0,40,0,0.0232059401,0.0,0.0,0.0,0.0,0.0,0.0,0,1,0.0,0.0,0.0,2,0,0,0,62560,-1,0,20,0
6,273119,6,5,455.0,338.0,140.0,0.0,75.8333333333,62.9362110924,145.0,0.0,67.6,69.7588704037,40.2754843127,34032.1768541675,66869.0,273046.0,30608.4278622735,72149.0,273049.0,2572.3754747963,72119.0,0,132,112,21.9684459887,18.307038324,0.0,145.0,66.0833333333,63.40269328,4019.9015151515,0,0,72.0909090909,75.8333333333,67.6,6,455,5,338,8192,0,4,20,0
0,112640508,3,0,0.0,0.0,0.0,0.0,0.0,0.0,0.0,0.0,0.0,0.0,0.0266334026121402,193.747258045114,56320391.0,112640508.0,193.747258045114,56320391.0,0.0,0.0,0.0,0,0,0,0.0266334026121402,0.0,0.0,0.0,0.0,0.0,0.0,0,0,0.0,0.0,0.0,3,0,0,0,-1,-1,0,0,0
6,41,2,0,0.0,0.0,0.0,0.0,0.0,0.0,0.0,0.0,0.0,0.0,48780.487804878045,0.0,41.0,41.0,0.0,41.0,0.0,0.0,0.0,0,40,0,48780.487804878045,0.0,0.0,0.0,0.0,0.0,0.0,0,1,0.0,0.0,0.0,2,0,0,0,64860,-1,0,20,0
6,1631655,8,7,1144.0,1581.0,677.0,0.0,143.0,227.9699228282,1173.0,0.0,225.8571428571,430.0986044197,9.1931198691,245701.625944083,953181.0,1631655.0,390109.117065494,1113422.0,1529514.0,342815.92273697,953181.0,0,172,152,4.9029972635,4.2901226056,0.0,1173.0,170.3125,319.402717323,102018.095833333,0,0,181.6666666667,143.0,225.8571428571,8,1144,7,1581,8192,62856,5,20,0
6,320556,8,6,512.0,4404.0,194.0,0.0,64.0,86.2835855934,1430.0,0.0,734.0,710.7066905553,43.6741162231,39568.2402351645,93892.0,320556.0,45606.4158012674,94178.0,226290.0,60022.9916656942,125546.0,0,172,132,24.9566378418,18.7174783813,0.0,1430.0,327.7333333333,549.792229154,302271.495238095,0,0,351.1428571429,64.0,734.0,8,512,6,4404,8192,172,4,20,0
6,34,1,1,0.0,0.0,0.0,0.0,0.0,0.0,0.0,0.0,0.0,0.0,58823.52941176471,0.0,34.0,0.0,0.0,0.0,0.0,0.0,0.0,0,20,20,29411.76470588236,29411.76470588236,0.0,0.0,0.0,0.0,0.0,0,1,0.0,0.0,0.0,1,0,1,0,176,258,0,20,0
6,702,3,0,77.0,0.0,46.0,0.0,25.6666666667,23.4591844132,0.0,0.0,0.0,0.0,4273.5042735043,468.1046891455,682.0,702.0,468.1046891455,682.0,0.0,0.0,0.0,1,60,0,4273.5042735043,0.0,0.0,46.0,30.75,21.6852484422,470.25,1,1,41.0,25.6666666667,0.0,3,77,0,0,256,-1,1,20,0
17,618,1,1,43.0,71.0,43.0,43.0,43.0,0.0,71.0,71.0,71.0,0.0,3236.245954692557,0.0,618.0,0.0,0.0,0.0,0.0,0.0,0.0,0,8,8,1618.1229773462785,1618.1229773462785,43.0,71.0,52.333333333333336,16.165807537309522,261.33333333333337,0,0,78.5,43.0,71.0,1,43,1,71,-1,-1,0,8,0
6,2007288,8,7,1128.0,1581.0,661.0,0.0,141.00000000000003,222.62332055996032,1173.0,0.0,225.8571428571429,430.0986044197418,7.47276922892978,246271.35081463683,953154.0,2007288.0,389012.7002129267,1157175.0,1858255.0,316331.1294522983,953154.0,0,172,152,3.9854769220958826,3.487292306833897,0.0,1173.0,169.3125,317.73127403515065,100953.1625,0,0,180.6,141.0,225.8571428571429,8,1128,7,1581,8192,62872,5,20,0
6,102,3,1,31.0,0.0,31.0,0.0,10.3333333333,17.8978583449,0.0,0.0,0.0,0.0,39215.6862745098,54.6168472177,97.0,5.0,3.5355339059,5.0,0.0,0.0,0.0,0,60,20,29411.7647058824,9803.9215686275,0.0,31.0,6.2,13.8636214605,192.2,0,1,7.75,10.3333333333,0.0,3,31,1,0,980,0,1,20,0
17,938,1,1,41.0,57.0,41.0,41.0,41.0,0.0,57.0,57.0,57.0,0.0,2132.1961620469,0.0,938.0,0.0,0.0,0.0,0.0,0.0,0.0,0,8,8,1066.0980810235,1066.0980810235,41.0,57.0,46.3333333333,9.237604307,85.3333333333,0,0,69.5,41.0,57.0,1,41,1,57,-1,-1,0,8,0
17,1110,1,1,38.0,66.0,38.0,38.0,38.0,0.0,66.0,66.0,66.0,0.0,1801.8018018018,0.0,1110.0,0.0,0.0,0.0,0.0,0.0,0.0,0,8,8,900.9009009009,900.9009009009,38.0,66.0,47.3333333333,16.1658075373,261.3333333333,0,0,71.0,38.0,66.0,1,38,1,66,-1,-1,0,8,0
6,85953448,2,0,0.0,0.0,0.0,0.0,0.0,0.0,0.0,0.0,0.0,0.0,0.0232684092,0.0,85953448.0,85953448.0,0.0,85953448.0,0.0,0.0,0.0,0,40,0,0.0232684092,0.0,0.0,0.0,0.0,0.0,0.0,0,1,0.0,0.0,0.0,2,0,0,0,62560,-1,0,20,0
6,87348927,2,0,0.0,0.0,0.0,0.0,0.0,0.0,0.0,0.0,0.0,0.0,0.0228966750787906,0.0,87348927.0,87348927.0,0.0,87348927.0,0.0,0.0,0.0,0,40,0,0.0228966750787906,0.0,0.0,0.0,0.0,0.0,0.0,0,1,0.0,0.0,0.0,2,0,0,0,64000,-1,0,20,0
17,39901,2,2,120.0,282.0,60.0,60.0,60.0,0.0,141.0,141.0,141.0,0.0,100.24811408235382,22436.69816023145,39208.0,39560.0,0.0,39560.0,693.0,0.0,693.0,0,16,16,50.12405704117691,50.12405704117691,60.0,141.0,92.4,44.36552715791846,1968.3,0,0,115.5,60.0,141.0,2,120,2,282,-1,-1,1,8,0
6,82,2,0,0.0,0.0,0.0,0.0,0.0,0.0,0.0,0.0,0.0,0.0,24390.243902439,0.0,82.0,82.0,0.0,82.0,0.0,0.0,0.0,0,40,0,24390.243902439,0.0,0.0,0.0,0.0,0.0,0.0,0,1,0.0,0.0,0.0,2,0,0,0,279,-1,0,20,0
17,163246,1,1,39.0,91.0,39.0,39.0,39.0,0.0,91.0,91.0,91.0,0.0,12.25144873,0.0,163246.0,0.0,0.0,0.0,0.0,0.0,0.0,0,8,8,6.125724367,6.125724367,39.0,91.0,56.33333333,30.022214,901.3333333,0,0,84.5,39.0,91.0,1,39,1,91,-1,-1,0,8,0
6,8577,3,1,97.0,0.0,66.0,0.0,32.33333333333333,33.020195840323744,0.0,0.0,0.0,0.0,466.3635303719249,4938.947155011886,8562.0,8577.0,6063.440648674645,8576.0,0.0,0.0,0.0,1,60,20,349.7726477789437,116.59088259298125,0.0,66.0,32.6,33.01211898682058,1089.8,1,1,40.75,32.333333333333336,0.0,3,97,1,0,62,0,1,20,0
6,3961350,14,8,1439.0,1731.0,725.0,0.0,102.7857143,191.1971108,1179.0,0.0,216.375,405.4647906,5.553662262,248643.5754,953229.0,3961350.0,319276.9297,1177241.0,3870459.0,333232.7978,953229.0,0,292,172,3.534148712,2.01951355,0.0,1179.0,137.826087,278.9256421,77799.51383,0,0,144.0909091,102.7857143,216.375,14,1439,8,1731,8192,62561,7,20,0
17,928,1,1,40.0,139.0,40.0,40.0,40.0,0.0,139.0,139.0,139.0,0.0,2155.172414,0.0,928.0,0.0,0.0,0.0,0.0,0.0,0.0,0,8,8,1077.586207,1077.586207,40.0,139.0,73.0,57.15767665,3267.0,0,0,109.5,40.0,139.0,1,40,1,139,-1,-1,0,8,1
6,54151400,2,0,0.0,0.0,0.0,0.0,0.0,0.0,0.0,0.0,0.0,0.0,0.0369334864841906,0.0,54151400.0,54151400.0,0.0,54151400.0,0.0,0.0,0.0,0,40,0,0.0369334864841906,0.0,0.0,0.0,0.0,0.0,0.0,0,1,0.0,0.0,0.0,2,0,0,0,2239,-1,0,20,0
6,26102019,2,0,0.0,0.0,0.0,0.0,0.0,0.0,0.0,0.0,0.0,0.0,0.076622425,0.0,26100000.0,26100000.0,0.0,26100000.0,0.0,0.0,0.0,0,40,0,0.076622425,0.0,0.0,0.0,0.0,0.0,0.0,0,1,0.0,0.0,0.0,2,0,0,0,2049,-1,0,20,1
17,1218,1,1,45.0,106.0,45.0,45.0,45.0,0.0,106.0,106.0,106.0,0.0,1642.0361247948,0.0,1218.0,0.0,0.0,0.0,0.0,0.0,0.0,0,8,8,821.0180623974,821.0180623974,45.0,106.0,65.3333333333,35.2183664206,1240.3333333333,0,0,98.0,45.0,106.0,1,45,1,106,-1,-1,0,8,0
17,362,1,1,42.0,58.0,42.0,42.0,42.0,0.0,58.0,58.0,58.0,0.0,5524.861878453038,0.0,362.0,0.0,0.0,0.0,0.0,0.0,0.0,0,8,8,2762.430939226519,2762.430939226519,42.0,58.0,47.333333333333336,9.237604307034012,85.33333333333333,0,0,71.0,42.0,58.0,1,42,1,58,-1,-1,0,8,0
17,286,1,1,42.0,58.0,42.0,42.0,42.0,0.0,58.0,58.0,58.0,0.0,6993.006993006993,0.0,286.0,0.0,0.0,0.0,0.0,0.0,0.0,0,8,8,3496.5034965034965,3496.5034965034965,42.0,58.0,47.333333333333336,9.237604307034012,85.33333333333333,0,0,71.0,42.0,58.0,1,42,1,58,-1,-1,0,8,0
6,54815033,2,0,0.0,0.0,0.0,0.0,0.0,0.0,0.0,0.0,0.0,0.0,0.0364863413,0.0,54815033.0,54815033.0,0.0,54815033.0,0.0,0.0,0.0,0,40,0,0.0364863413,0.0,0.0,0.0,0.0,0.0,0.0,0,1,0.0,0.0,0.0,2,0,0,0,279,-1,0,20,0
6,1386,5,2,935.0,248.0,935.0,0.0,187.0,418.1447118,248.0,0.0,124.0,175.3624817,5050.505051,320.1118555,835.0,1386.0,542.7808029,1150.0,835.0,0.0,835.0,0,124,40,3607.503608,1443.001443,0.0,935.0,147.875,329.6736211,108684.6964,0,0,169.0,187.0,124.0,5,935,2,248,65535,32768,1,20,0
6,5640,2,0,0.0,0.0,0.0,0.0,0.0,0.0,0.0,0.0,0.0,0.0,354.6099291,0.0,5640.0,5640.0,0.0,5640.0,0.0,0.0,0.0,0,40,0,354.6099291,0.0,0.0,0.0,0.0,0.0,0.0,0,1,0.0,0.0,0.0,2,0,0,0,253,-1,0,20,0
6,5554,2,0,0.0,0.0,0.0,0.0,0.0,0.0,0.0,0.0,0.0,0.0,360.1008282,0.0,5554.0,5554.0,0.0,5554.0,0.0,0.0,0.0,0,40,0,360.1008282,0.0,0.0,0.0,0.0,0.0,0.0,0,1,0.0,0.0,0.0,2,0,0,0,32738,-1,0,20,1
6,1669541,8,7,1052.0,1429.0,581.0,0.0,131.5,196.37209577737872,1149.0,0.0,204.1428571428571,420.4990798925441,8.98450532212147,245580.74461364944,953142.0,1669541.0,389876.30274803337,1117724.0,1560834.0,340167.5068345006,953142.0,0,172,152,4.791736171798117,4.192769150323352,0.0,1149.0,155.06249999999997,302.89700532249134,91746.59583333335,0,0,165.4,131.5,204.1428571428572,8,1052,7,1429,8192,62948,5,20,0
17,257,1,1,41.0,73.0,41.0,41.0,41.0,0.0,73.0,73.0,73.0,0.0,7782.101167315174,0.0,257.0,0.0,0.0,0.0,0.0,0.0,0.0,0,8,8,3891.050583657587,3891.050583657587,41.0,73.0,51.66666666666666,18.475208614068023,341.3333333333333,0,0,77.5,41.0,73.0,1,41,1,73,-1,-1,0,8,0
17,13671,1,1,35.0,93.0,35.0,35.0,35.0,0.0,93.0,93.0,93.0,0.0,146.2950771706532,0.0,13671.0,0.0,0.0,0.0,0.0,0.0,0.0,0,8,8,73.1475385853266,73.1475385853266,35.0,93.0,54.33333333333333,33.48631561299829,1121.3333333333333,0,0,81.5,35.0,93.0,1,35,1,93,-1,-1,0,8,0
6,8,1,1,0.0,0.0,0.0,0.0,0.0,0.0,0.0,0.0,0.0,0.0,250000.0,0.0,8.0,0.0,0.0,0.0,0.0,0.0,0.0,0,20,20,125000.0,125000.0,0.0,0.0,0.0,0.0,0.0,0,1,0.0,0.0,0.0,1,0,1,0,31,256,0,20,0
6,119313774,15,16,873.0,5305.0,280.0,0.0,58.2,88.83950215336162,1460.0,0.0,331.56249999999994,568.3217361964378,0.2598191219732937,14895679.96075748,58789019.0,119313774.0,21289679.63149172,58789019.0,119235906.0,20654440.435262352,58826862.0,0,312,332,0.1257189299870776,0.1341001919862161,0.0,1460.0,193.0625,423.9729858634103,179753.09274193546,0,0,199.29032258064515,58.2,331.5625,15,873,16,5305,8192,32,7,20,0
6,5298910,9,16,875.0,10905.0,562.0,0.0,97.2222222222,187.6231447462,1330.0,0.0,681.5625,617.2194605649,4.7179514277,1019375.80629068,5005479.0,293431.0,34017.2670794344,75937.0,5226010.0,1288614.87345786,5005491.0,0,192,324,1.698462514,3.0194889138,0.0,1330.0,453.0769230769,571.8838989219,327051.193846154,0,0,471.2,97.2222222222,681.5625,9,875,16,10905,8192,40958,3,20,0
6,4470362,5,3,935.0,322.0,935.0,0.0,187.0,418.1447118,322.0,0.0,107.3333333,185.9067867,1.789564246,1652805.919,4386630.0,4470362.0,2179442.946,4386638.0,53810.0,32418.01749,49828.0,0,168,104,1.118477653,0.671086592,0.0,935.0,139.6666667,316.6914903,100293.5,0,1,157.125,187.0,107.3333333,5,935,3,322,237,211,1,32,0
6,11018,3,4,326.0,129.0,326.0,0.0,108.6666667,188.2161878,112.0,0.0,32.25,53.7672453,635.3240152,4062.595755,10119.0,564.0,336.5828278,520.0,10520.0,5729.922716,10119.0,0,72,92,272.2817208,363.0422944,0.0,326.0,56.875,115.4066568,13318.69643,0,0,65.0,108.6666667,32.25,3,326,4,129,8192,219,1,20,1
17,1272,1,1,40.0,139.0,40.0,40.0,40.0,0.0,139.0,139.0,139.0,0.0,1572.3270440251574,0.0,1272.0,0.0,0.0,0.0,0.0,0.0,0.0,0,8,8,786.1635220125787,786.1635220125787,40.0,139.0,73.0,57.15767664977295,3267.0,0,0,109.5,40.0,139.0,1,40,1,139,-1,-1,0,8,0
6,1,2,0,0.0,0.0,0.0,0.0,0.0,0.0,0.0,0.0,0.0,0.0,2000000.0,0.0,1.0,1.0,0.0,1.0,0.0,0.0,0.0,0,40,0,2000000.0,0.0,0.0,0.0,0.0,0.0,0.0,0,1,0.0,0.0,0.0,2,0,0,0,319,-1,0,20,0
0,98713655,59,0,0.0,0.0,0.0,0.0,0.0,0.0,0.0,0.0,0.0,0.0,0.597688334,1764358.326,11100000.0,98700000.0,1764358.326,11100000.0,0.0,0.0,0.0,0,0,0,0.597688334,0.0,0.0,0.0,0.0,0.0,0.0,0,0,0.0,0.0,0.0,59,0,0,0,-1,-1,0,0,0
17,70067,2,2,82.0,114.0,41.0,41.0,41.0,0.0,57.0,57.0,57.0,0.0,57.08821557,39730.94901,69233.0,69618.0,0.0,69618.0,69682.0,0.0,69682.0,0,16,16,28.54410778,28.54410778,41.0,57.0,47.4,8.76356092,76.8,0,0,59.25,41.0,57.0,2,82,2,114,-1,-1,1,8,0
17,282,1,1,42.0,58.0,42.0,42.0,42.0,0.0,58.0,58.0,58.0,0.0,7092.198581560283,0.0,282.0,0.0,0.0,0.0,0.0,0.0,0.0,0,8,8,3546.099290780141,3546.099290780141,42.0,58.0,47.333333333333336,9.237604307034012,85.33333333333333,0,0,71.0,42.0,58.0,1,42,1,58,-1,-1,0,8,0
17,351,1,1,42.0,58.0,42.0,42.0,42.0,0.0,58.0,58.0,58.0,0.0,5698.005698005698,0.0,351.0,0.0,0.0,0.0,0.0,0.0,0.0,0,8,8,2849.002849002849,2849.002849002849,42.0,58.0,47.333333333333336,9.237604307034012,85.33333333333333,0,0,71.0,42.0,58.0,1,42,1,58,-1,-1,0,8,0
6,9985059,9,6,711.0,1642.0,182.0,0.0,79.0,70.15696686716153,1175.0,0.0,273.66666666666663,460.29454338137305,1.5022445035126983,2480352.7429051064,9328605.0,9985059.0,3363710.34593731,9571651.0,9944831.0,4103336.2238307614,9328605.0,0,192,132,0.901346702107619,0.6008978014050793,0.0,1175.0,147.06250000000003,289.6230812049804,83881.52916666666,0,0,156.86666666666667,79.0,273.6666666666667,9,711,6,1642,8192,63491,6,20,0
6,344,2,0,0.0,0.0,0.0,0.0,0.0,0.0,0.0,0.0,0.0,0.0,5813.953488,0.0,344.0,344.0,0.0,344.0,0.0,0.0,0.0,0,64,0,5813.953488,0.0,0.0,0.0,0.0,0.0,0.0,0,1,0.0,0.0,0.0,2,0,0,0,225,-1,0,32,1
6,182,3,0,77.0,0.0,46.0,0.0,25.666666666666664,23.45918441321721,0.0,0.0,0.0,0.0,16483.516483516483,103.23759005323592,164.0,182.0,103.23759005323592,164.0,0.0,0.0,0.0,1,60,0,16483.516483516483,0.0,0.0,46.0,30.75,21.68524844220144,470.25,1,1,41.0,25.666666666666668,0.0,3,77,0,0,256,-1,1,20,0
6,4089125,14,8,1460.0,1731.0,741.0,0.0,104.2857142857,195.0906805216,1179.0,0.0,216.375,405.4647906151,5.3801241097,288372.838271378,1003051.0,4089125.0,403125.78842165,1320598.0,4005813.0,388657.411055032,1189775.0,0,292,172,3.4237153425,1.9564087672,0.0,1179.0,138.7391304348,280.3960214656,78621.9288537549,0,0,145.0454545455,104.2857142857,216.375,14,1460,8,1731,8192,62625,7,20,0
6,61515197,19,23,1207.0,17553.0,881.0,0.0,63.526315789473685,204.53235778261825,1460.0,0.0,763.1739130434783,699.3680038027783,0.6827581158522503,3566240.960898924,10003985.0,61515197.0,4801631.123605204,10015501.0,61503347.0,4534650.398813704,10020407.0,0,392,544,0.3088667666950656,0.3738913491571847,0.0,1460.0,436.27906976744185,632.4859993022769,400038.5393133998,0,0,446.6666666666667,63.526315789473685,763.1739130434783,19,1207,23,17553,8192,117,9,20,0
6,3756027,8,7,1144.0,1581.0,677.0,0.0,143.0,227.9699228282,1173.0,0.0,225.8571428571,430.0986044197,3.9935815158,297394.58105937,937541.0,3756027.0,462515.387888776,1509139.0,3247925.0,199341.590479676,937541.0,0,168,148,2.1299101418,1.863671374,0.0,1173.0,170.3125,319.402717323,102018.095833333,0,0,181.6666666667,143.0,225.8571428571,8,1144,7,1581,8192,62856,5,20,0
6,14533,3,4,365.0,129.0,365.0,0.0,121.6666667,210.7328483,112.0,0.0,32.25,53.7672453,481.6624235,5541.149571,13728.0,439.0,246.7802666,394.0,14159.0,7803.995921,13728.0,0,72,92,206.4267529,275.2356705,0.0,365.0,61.75,128.4820721,16507.64286,0,0,70.57142857,121.6666667,32.25,3,365,4,129,8192,219,1,20,1
6,7,1,1,0.0,0.0,0.0,0.0,0.0,0.0,0.0,0.0,0.0,0.0,285714.285714286,0.0,7.0,0.0,0.0,0.0,0.0,0.0,0.0,0,32,32,142857.142857143,142857.142857143,0.0,0.0,0.0,0.0,0.0,0,1,0.0,0.0,0.0,1,0,1,0,241,230,0,32,1
6,469,2,0,0.0,0.0,0.0,0.0,0.0,0.0,0.0,0.0,0.0,0.0,4264.392324,0.0,469.0,469.0,0.0,469.0,0.0,0.0,0.0,0,40,0,4264.392324,0.0,0.0,0.0,0.0,0.0,0.0,0,1,0.0,0.0,0.0,2,0,0,0,2052,-1,0,20,1
17,12543,1,1,40.0,101.0,40.0,40.0,40.0,0.0,101.0,101.0,101.0,0.0,159.4514868851,0.0,12543.0,0.0,0.0,0.0,0.0,0.0,0.0,0,8,8,79.7257434426,79.7257434426,40.0,101.0,60.3333333333,35.2183664206,1240.3333333333,0,0,90.5,40.0,101.0,1,40,1,101,-1,-1,0,8,0
17,233,1,1,40.0,56.0,40.0,40.0,40.0,0.0,56.0,56.0,56.0,0.0,8583.6909871245,0.0,233.0,0.0,0.0,0.0,0.0,0.0,0.0,0,8,8,4291.8454935622,4291.8454935622,40.0,56.0,45.3333333333,9.237604307,85.3333333333,0,0,68.0,40.0,56.0,1,40,1,56,-1,-1,0,8,0
17,1509,1,1,31.0,88.0,31.0,31.0,31.0,0.0,88.0,88.0,88.0,0.0,1325.381047051,0.0,1509.0,0.0,0.0,0.0,0.0,0.0,0.0,0,8,8,662.6905235255,662.6905235255,31.0,88.0,50.0,32.9089653438,1083.0,0,0,75.0,31.0,88.0,1,31,1,88,-1,-1,0,8,0
6,7583809,15,9,1460.0,1731.0,741.0,0.0,97.33333333333331,189.91263655641643,1179.0,0.0,192.3333333333333,386.0744746807279,3.164636662131127,386802.7126426282,1467802.0,7583809.0,412239.7376593843,1467802.0,7294180.0,492332.97999481147,1754308.0,0,312,192,1.9778979138319543,1.1867387482991727,0.0,1179.0,127.64000000000004,271.1933320222556,73545.82333333335,0,0,132.95833333333334,97.33333333333331,192.3333333333333,15,1460,9,1731,8192,64000,7,20,0
6,250,3,0,77.0,0.0,46.0,0.0,25.6666666667,23.4591844132,0.0,0.0,0.0,0.0,12000.0,147.0782104868,229.0,250.0,147.0782104868,229.0,0.0,0.0,0.0,1,60,0,12000.0,0.0,0.0,46.0,30.75,21.6852484422,470.25,1,1,41.0,25.6666666667,0.0,3,77,0,0,258,-1,1,20,0
6,1375165,3,3,0.0,0.0,0.0,0.0,0.0,0.0,0.0,0.0,0.0,0.0,4.36311279,205709.3815,501167.0,1250308.0,1141.270345,625961.0,1250402.0,1163.897762,626024.0,0,92,60,2.181556395,2.181556395,0.0,0.0,0.0,0.0,0.0,0,0,0.0,0.0,0.0,3,0,3,0,8192,0,0,28,0
6,115337014,19,16,1928.0,1233.0,1318.0,0.0,101.4736842105,317.3102877523,1081.0,0.0,77.0625,270.3882316842,0.3034585237,4708451.30927182,10016215.0,115337014.0,4790864.47066976,10046630.0,110476772.0,4579115.56041596,10046681.0,0,392,464,0.1647346272,0.1387238966,0.0,1318.0,87.8055555556,288.9437730221,83488.503968254,0,0,90.3142857143,101.4736842105,77.0625,19,1928,16,1233,8192,1029,15,20,0
6,1263119,3,3,0.0,0.0,0.0,0.0,0.0,0.0,0.0,0.0,0.0,0.0,4.750146264920407,330094.05141141213,630239.0,1251356.0,22992.28409706178,641936.0,1251422.0,22877.73279850956,641888.0,0,92,60,2.375073132460204,2.375073132460204,0.0,0.0,0.0,0.0,0.0,0,0,0.0,0.0,0.0,3,0,3,0,8192,0,0,28,0
6,1168913,3,4,20.0,964.0,20.0,0.0,6.666666667,11.54700538,964.0,0.0,241.0,482.0,5.988469629,476949.0837,1168387.0,484.0,339.411255,482.0,1168906.0,674418.7626,1168387.0,0,72,92,2.566486984,3.421982645,0.0,964.0,123.0,339.8873763,115523.4286,0,0,140.5714286,6.666666667,241.0,3,20,4,964,8192,211,1,20,1
6,638,3,0,77.0,0.0,46.0,0.0,25.6666666667,23.4591844132,0.0,0.0,0.0,0.0,4702.1943573668,418.6072144624,615.0,638.0,418.6072144624,615.0,0.0,0.0,0.0,1,60,0,4702.1943573668,0.0,0.0,46.0,30.75,21.6852484422,470.25,1,1,41.0,25.6666666667,0.0,3,77,0,0,258,-1,1,20,0
6,645,3,4,161.0,488.0,161.0,0.0,53.6666666667,92.9533933395,488.0,0.0,122.0,244.0,10852.7131782946,81.4782179481,222.0,363.0,103.9446968344,255.0,423.0,152.8037957644,304.0,0,72,92,4651.1627906977,6201.5503875969,0.0,488.0,81.125,173.7875858627,30202.125,0,0,92.7142857143,53.6666666667,122.0,3,161,4,488,8192,149,1,20,0
6,1655729,8,7,1144.0,1581.0,677.0,0.0,143.0,227.9699228,1173.0,0.0,225.8571429,430.0986044,9.05945357,241358.7676,937518.0,1655729.0,387246.5272,1109862.0,1547815.0,333866.9162,937518.0,0,172,152,4.831708571,4.227744999,0.0,1173.0,170.3125,319.4027173,102018.0958,0,0,181.6666667,143.0,225.8571429,8,1144,7,1581,8192,62856,5,20,0
17,18116,1,1,33.0,89.0,33.0,33.0,33.0,0.0,89.0,89.0,89.0,0.0,110.3996467211305,0.0,18116.0,0.0,0.0,0.0,0.0,0.0,0.0,0,8,8,55.19982336056525,55.19982336056525,33.0,89.0,51.66666666666667,32.331615074619044,1045.3333333333337,0,0,77.5,33.0,89.0,1,33,1,89,-1,-1,0,8,0
17,27934,2,2,60.0,238.0,30.0,30.0,30.0,0.0,119.0,119.0,119.0,0.0,143.1946731581585,11466.2542416141,22119.0,22119.0,0.0,22119.0,1.0,0.0,1.0,0,16,16,71.59733657907925,71.59733657907925,30.0,119.0,65.6,48.74730761795978,2376.3,0,0,82.0,30.0,119.0,2,60,2,238,-1,-1,1,8,0
6,225,1,1,0.0,0.0,0.0,0.0,0.0,0.0,0.0,0.0,0.0,0.0,8888.8888888889,0.0,225.0,0.0,0.0,0.0,0.0,0.0,0.0,0,24,20,4444.4444444445,4444.4444444445,0.0,0.0,0.0,0.0,0.0,0,0,0.0,0.0,0.0,1,0,1,0,1024,0,0,24,0
6,5086565,6,4,599.0,152.0,517.0,0.0,99.83333333333331,205.4511296310309,152.0,0.0,38.0,76.0,1.9659632777719345,1644385.7323282943,4949708.0,5086565.0,2238491.844678354,5021545.0,104758.0,36008.475867958274,72145.0,0,132,92,1.1795779666631607,0.7863853111087737,0.0,517.0,68.27272727272727,155.78259909828884,24268.21818181818,0,0,75.1,99.83333333333331,38.0,6,599,4,152,8192,946,3,20,0
6,64,2,0,0.0,0.0,0.0,0.0,0.0,0.0,0.0,0.0,0.0,0.0,31250.0,0.0,64.0,64.0,0.0,64.0,0.0,0.0,0.0,0,40,0,31250.0,0.0,0.0,0.0,0.0,0.0,0.0,0,1,0.0,0.0,0.0,2,0,0,0,256,-1,0,20,0
17,807,1,1,37.0,110.0,37.0,37.0,37.0,0.0,110.0,110.0,110.0,0.0,2478.3147459727384,0.0,807.0,0.0,0.0,0.0,0.0,0.0,0.0,0,8,8,1239.1573729863692,1239.1573729863692,37.0,110.0,61.33333333333333,42.14656965084268,1776.3333333333333,0,0,92.0,37.0,110.0,1,37,1,110,-1,-1,0,8,0
6,129,3,1,31.0,0.0,31.0,0.0,10.3333333333,17.8978583449,0.0,0.0,0.0,0.0,31007.7519379845,28.0,71.0,129.0,9.1923881554,71.0,0.0,0.0,0.0,0,60,20,23255.8139534884,7751.9379844961,0.0,31.0,6.2,13.8636214605,192.2,0,1,7.75,10.3333333333,0.0,3,31,1,0,980,0,1,20,0
6,106847758,14,3,2530.0,0.0,230.0,0.0,180.7142857143,97.9375221341,0.0,0.0,0.0,0.0,0.1591048827,13875609.1864315,53248925.0,106847755.0,15064670.03479,53248925.0,106847754.0,31716065.5175268,75850522.0,0,456,100,0.1310275504,0.0280773322,0.0,230.0,140.5555555556,115.375204912,13311.4379084967,0,0,148.8235294118,180.7142857143,0.0,14,2530,3,0,26883,0,11,32,1
17,1528508,3,0,150.0,0.0,50.0,50.0,50.0,0.0,0.0,0.0,0.0,0.0,1.962698265,1885.146679,765587.0,1528508.0,1885.146679,765587.0,0.0,0.0,0.0,0,24,0,1.962698265,0.0,50.0,50.0,50.0,0.0,0.0,0,0,66.66666667,50.0,0.0,3,150,0,0,-1,-1,2,8,0
6,2496091,8,7,1148.0,1581.0,677.0,0.0,143.5,228.12966237897004,1173.0,0.0,225.8571428571429,430.0986044197418,6.009396292042237,251819.6809199846,953182.0,2496091.0,404107.78433352703,1252606.0,2250620.0,283821.29384502966,953182.0,0,168,148,3.20501135575586,2.804384936286377,0.0,1173.0,170.56250000000003,319.4332415909987,102037.59583333335,0,0,181.9333333333333,143.5,225.8571428571429,8,1148,7,1581,8192,62852,5,20,0
6,92,2,0,0.0,0.0,0.0,0.0,0.0,0.0,0.0,0.0,0.0,0.0,21739.130434782608,0.0,92.0,92.0,0.0,92.0,0.0,0.0,0.0,0,40,0,21739.130434782608,0.0,0.0,0.0,0.0,0.0,0.0,0,1,0.0,0.0,0.0,2,0,0,0,256,-1,0,20,0
6,6,1,1,0.0,0.0,0.0,0.0,0.0,0.0,0.0,0.0,0.0,0.0,333333.333333333,0.0,6.0,0.0,0.0,0.0,0.0,0.0,0.0,0,32,32,166666.666666667,166666.666666667,0.0,0.0,0.0,0.0,0.0,0,1,0.0,0.0,0.0,1,0,1,0,241,230,0,32,1
6,942706,6,5,455.0,338.0,140.0,0.0,75.83333333,62.93621109,145.0,0.0,67.6,69.7588704,11.66853717,121570.9543,235701.0,942614.0,105385.8263,235805.0,942609.0,109.5486954,235793.0,0,132,112,6.364656637,5.303880531,0.0,145.0,66.08333333,63.40269328,4019.901515,0,0,72.09090909,75.83333333,67.6,6,455,5,338,8192,0,4,20,0
17,312,1,1,35.0,131.0,35.0,35.0,35.0,0.0,131.0,131.0,131.0,0.0,6410.25641025641,0.0,312.0,0.0,0.0,0.0,0.0,0.0,0.0,0,8,8,3205.128205128205,3205.128205128205,35.0,131.0,67.0,55.42562584220407,3072.0,0,0,100.5,35.0,131.0,1,35,1,131,-1,-1,0,8,0
6,460,2,0,0.0,0.0,0.0,0.0,0.0,0.0,0.0,0.0,0.0,0.0,4347.826087,0.0,460.0,460.0,0.0,460.0,0.0,0.0,0.0,0,40,0,4347.826087,0.0,0.0,0.0,0.0,0.0,0.0,0,1,0.0,0.0,0.0,2,0,0,0,2052,-1,0,20,1
17,40252,2,2,72.0,136.0,36.0,36.0,36.0,0.0,68.0,68.0,68.0,0.0,99.3739441518,22762.3539277759,39701.0,39939.0,0.0,39939.0,551.0,0.0,551.0,0,16,16,49.6869720759,49.6869720759,36.0,68.0,48.8,17.5271218402,307.2,0,0,61.0,36.0,68.0,2,72,2,136,-1,-1,1,8,0
6,40438737,17,18,2372.0,9403.0,1267.0,0.0,139.52941176470588,308.44248200577414,1460.0,0.0,522.3888888888889,582.293754336992,0.8655067540808704,3848376.71939824,14857928.0,40438737.0,5382995.140550788,14857928.0,29716558.0,4819510.412874907,14878870.0,0,352,372,0.4203889948392799,0.4451177592415905,0.0,1460.0,327.08333333333337,497.9354734443869,247939.7357142857,0,0,336.42857142857144,139.52941176470588,522.3888888888889,17,2372,18,9403,8192,1218,7,20,0
6,2282014,8,7,1148.0,1581.0,677.0,0.0,143.5,228.12966237897004,1173.0,0.0,225.8571428571429,430.0986044197418,6.573141093788206,248952.480615818,953147.0,2282014.0,404395.97587018594,1225478.0,2070871.0,299106.8444629221,953147.0,0,172,152,3.5056752500203765,3.0674658437678293,0.0,1173.0,170.56250000000003,319.4332415909987,102037.59583333335,0,0,181.9333333333333,143.5,225.8571428571429,8,1148,7,1581,64240,62852,5,20,0
17,24503,1,1,45.0,105.0,45.0,45.0,45.0,0.0,105.0,105.0,105.0,0.0,81.62265844998572,0.0,24503.0,0.0,0.0,0.0,0.0,0.0,0.0,0,8,8,40.81132922499286,40.81132922499286,45.0,105.0,65.0,34.64101615137755,1200.0,0,0,97.5,45.0,105.0,1,45,1,105,-1,-1,0,8,0
6,14582,3,4,248.0,935.0,248.0,0.0,82.66666667,143.1828668,935.0,0.0,233.75,467.5,480.0438897,4156.996063,10298.0,10596.0,7071.067812,10298.0,14580.0,5345.249199,10597.0,0,72,92,205.7330956,274.3107941,0.0,935.0,147.875,329.6736211,108684.6964,0,0,169.0,82.66666667,233.75,3,248,4,935,65535,219,1,20,1
17,1002,1,1,40.0,101.0,40.0,40.0,40.0,0.0,101.0,101.0,101.0,0.0,1996.0079840319,0.0,1002.0,0.0,0.0,0.0,0.0,0.0,0.0,0,8,8,998.003992016,998.003992016,40.0,101.0,60.3333333333,35.2183664206,1240.3333333333,0,0,90.5,40.0,101.0,1,40,1,101,-1,-1,0,8,0
17,230,1,1,43.0,59.0,43.0,43.0,43.0,0.0,59.0,59.0,59.0,0.0,8695.6521739131,0.0,230.0,0.0,0.0,0.0,0.0,0.0,0.0,0,8,8,4347.8260869565,4347.8260869565,43.0,59.0,48.3333333333,9.237604307,85.3333333333,0,0,72.5,43.0,59.0,1,43,1,59,-1,-1,0,8,0
6,36416687,2,0,0.0,0.0,0.0,0.0,0.0,0.0,0.0,0.0,0.0,0.0,0.054919878,0.0,36400000.0,36400000.0,0.0,36400000.0,0.0,0.0,0.0,0,40,0,0.054919878,0.0,0.0,0.0,0.0,0.0,0.0,0,1,0.0,0.0,0.0,2,0,0,0,2049,-1,0,20,1
6,60154882,4,2,148.0,252.0,74.0,0.0,37.0,42.72391992003231,126.0,126.0,126.0,0.0,0.099742527963067,26771390.73118872,59921077.0,60154882.0,34527964.21108413,59921077.0,60065399.0,0.0,60065399.0,1,80,40,0.0664950186420447,0.0332475093210223,0.0,126.0,67.71428571428571,51.77423518094139,2680.571428571429,1,1,79.0,37.0,126.0,4,148,2,252,256,7970,1,20,0
6,5011265,5,3,935.0,350.0,935.0,0.0,187.0,418.1447118,350.0,0.0,116.6666667,202.0725942,1.596403303,1819159.252,4838805.0,5011265.0,2392038.49,4838812.0,172152.0,121366.3937,171895.0,0,168,104,0.997752065,0.598651239,0.0,935.0,142.7777778,318.8368618,101656.9444,0,1,160.625,187.0,116.6666667,5,935,3,350,219,211,1,32,0
6,80,2,0,0.0,0.0,0.0,0.0,0.0,0.0,0.0,0.0,0.0,0.0,25000.0,0.0,80.0,80.0,0.0,80.0,0.0,0.0,0.0,0,40,0,25000.0,0.0,0.0,0.0,0.0,0.0,0.0,0,1,0.0,0.0,0.0,2,0,0,0,278,-1,0,20,0
17,1245,1,1,31.0,47.0,31.0,31.0,31.0,0.0,47.0,47.0,47.0,0.0,1606.425702811245,0.0,1245.0,0.0,0.0,0.0,0.0,0.0,0.0,0,8,8,803.2128514056225,803.2128514056225,31.0,47.0,36.333333333333336,9.237604307034012,85.33333333333333,0,0,54.5,31.0,47.0,1,31,1,47,-1,-1,0,8,0
17,654,1,1,36.0,52.0,36.0,36.0,36.0,0.0,52.0,52.0,52.0,0.0,3058.1039755351685,0.0,654.0,0.0,0.0,0.0,0.0,0.0,0.0,0,8,8,1529.0519877675845,1529.0519877675845,36.0,52.0,41.333333333333336,9.237604307034012,85.33333333333333,0,0,62.0,36.0,52.0,1,36,1,52,-1,-1,0,8,0
6,2,1,1,0.0,0.0,0.0,0.0,0.0,0.0,0.0,0.0,0.0,0.0,1000000.0,0.0,2.0,0.0,0.0,0.0,0.0,0.0,0.0,0,40,20,500000.0,500000.0,0.0,0.0,0.0,0.0,0.0,0,0,0.0,0.0,0.0,1,0,1,0,26883,0,0,40,1
6,1,2,0,0.0,0.0,0.0,0.0,0.0,0.0,0.0,0.0,0.0,0.0,2000000.0,0.0,1.0,1.0,0.0,1.0,0.0,0.0,0.0,0,40,0,2000000.0,0.0,0.0,0.0,0.0,0.0,0.0,0,1,0.0,0.0,0.0,2,0,0,0,31,-1,0,20,0
17,336,1,1,36.0,52.0,36.0,36.0,36.0,0.0,52.0,52.0,52.0,0.0,5952.380952380952,0.0,336.0,0.0,0.0,0.0,0.0,0.0,0.0,0,8,8,2976.190476190476,2976.190476190476,36.0,52.0,41.333333333333336,9.237604307034012,85.33333333333333,0,0,62.0,36.0,52.0,1,36,1,52,-1,-1,0,8,0
6,35,1,1,0.0,0.0,0.0,0.0,0.0,0.0,0.0,0.0,0.0,0.0,57142.8571428571,0.0,35.0,0.0,0.0,0.0,0.0,0.0,0.0,0,20,20,28571.4285714286,28571.4285714286,0.0,0.0,0.0,0.0,0.0,0,1,0.0,0.0,0.0,1,0,1,0,114,256,0,20,0
17,242,1,1,42.0,58.0,42.0,42.0,42.0,0.0,58.0,58.0,58.0,0.0,8264.4628099174,0.0,242.0,0.0,0.0,0.0,0.0,0.0,0.0,0,8,8,4132.2314049587,4132.2314049587,42.0,58.0,47.3333333333,9.237604307,85.3333333333,0,0,71.0,42.0,58.0,1,42,1,58,-1,-1,0,8,0
6,60975321,12,13,868.0,3540.0,431.0,0.0,72.3333333333,167.5336239431,1460.0,0.0,272.3076923077,539.400189194,0.4100019416,4408502.48049267,10073302.0,60470515.0,5218740.34209953,10073302.0,60944419.0,5188411.50567608,10104110.0,0,252,344,0.196800932,0.2132010096,0.0,1460.0,169.5384615385,403.9605159685,163184.098461538,0,0,176.32,72.3333333333,272.3076923077,12,868,13,3540,8192,980,8,20,0
6,896,3,4,161.0,488.0,161.0,0.0,53.6666666667,92.9533933395,488.0,0.0,122.0,244.0,7812.5,109.8301719322,315.0,572.0,124.4507934888,374.0,581.0,213.3760373925,423.0,0,72,92,3348.2142857143,4464.2857142857,0.0,488.0,81.125,173.7875858627,30202.125,0,0,92.7142857143,53.6666666667,122.0,3,161,4,488,8192,149,1,20,0
6,312472,8,5,515.0,2810.0,197.0,0.0,64.375,86.93336939452948,1430.0,0.0,562.0,660.9750373501256,41.60372769400138,40272.72558519731,93558.0,312472.0,44880.71621691054,93834.0,218722.0,64205.90124747102,124477.0,0,172,112,25.60229396553931,16.001433728462068,0.0,1430.0,237.5,449.1992448106536,201779.9615384616,0,0,255.7692307692308,64.375,562.0,8,515,5,2810,8192,172,4,20,0
6,86254951,2,0,0.0,0.0,0.0,0.0,0.0,0.0,0.0,0.0,0.0,0.0,0.0231870748,0.0,86254951.0,86254951.0,0.0,86254951.0,0.0,0.0,0.0,0,40,0,0.0231870748,0.0,0.0,0.0,0.0,0.0,0.0,0,1,0.0,0.0,0.0,2,0,0,0,62564,-1,0,20,0
6,208,3,0,77.0,0.0,46.0,0.0,25.666666666666664,23.45918441321721,0.0,0.0,0.0,0.0,14423.076923076924,120.20815280171308,189.0,208.0,120.20815280171308,189.0,0.0,0.0,0.0,1,60,0,14423.076923076924,0.0,0.0,46.0,30.75,21.68524844220144,470.25,1,1,41.0,25.666666666666668,0.0,3,77,0,0,254,-1,1,20,0
17,158399,2,2,62.0,414.0,31.0,31.0,31.0,0.0,207.0,207.0,207.0,0.0,25.25268467603962,63485.30603480882,123240.0,35158.0,0.0,35158.0,1.0,0.0,1.0,0,16,16,12.62634233801981,12.62634233801981,31.0,207.0,101.4,96.39917012090925,9292.8,0,0,126.75,31.0,207.0,2,62,2,414,-1,-1,1,8,0
0,112641161,3,0,0.0,0.0,0.0,0.0,0.0,0.0,0.0,0.0,0.0,0.0,0.0266332482137679,21.920310216782973,56320596.0,112641161.0,21.920310216782973,56320596.0,0.0,0.0,0.0,0,0,0,0.0266332482137679,0.0,0.0,0.0,0.0,0.0,0.0,0,0,0.0,0.0,0.0,3,0,0,0,-1,-1,0,0,0
6,3412342,10,8,1144.0,2754.0,677.0,0.0,114.4,209.89690591123804,1173.0,0.0,344.25,520.2819977116806,5.274969507745706,302165.73008760443,953156.0,3412342.0,416550.0314048255,1164359.0,3255547.0,396865.6975272737,1108222.0,0,224,172,2.930538615414281,2.344430892331425,0.0,1173.0,205.1578947368421,377.9033184938377,142810.91812865497,0,0,216.5555555555556,114.4,344.25,10,1144,8,2754,8192,62856,5,20,0
6,32,2,0,0.0,0.0,0.0,0.0,0.0,0.0,0.0,0.0,0.0,0.0,62500.0,0.0,32.0,32.0,0.0,32.0,0.0,0.0,0.0,0,40,0,62500.0,0.0,0.0,0.0,0.0,0.0,0.0,0,1,0.0,0.0,0.0,2,0,0,0,64240,-1,0,20,0
6,1689,5,2,935.0,316.0,935.0,0.0,187.0,418.1447118,316.0,0.0,158.0,223.4457429,4144.46418,411.7930305,1069.0,1689.0,680.8129332,1432.0,1069.0,0.0,1069.0,0,124,40,2960.331557,1184.132623,0.0,935.0,156.375,333.4786082,111207.9821,0,0,178.7142857,187.0,158.0,5,935,2,316,65535,32768,1,20,0
6,233,3,0,77.0,0.0,46.0,0.0,25.666666666666664,23.45918441321721,0.0,0.0,0.0,0.0,12875.536480686696,139.30003589374985,215.0,233.0,139.30003589374985,215.0,0.0,0.0,0.0,1,60,0,12875.536480686696,0.0,0.0,46.0,30.75,21.68524844220144,470.25,1,1,41.0,25.666666666666668,0.0,3,77,0,0,252,-1,1,20,0
6,1818127,8,7,1148.0,1581.0,677.0,0.0,143.5,228.12966237897004,1173.0,0.0,225.8571428571429,430.0986044197418,8.250248744999661,245678.1220879117,953099.0,1818127.0,405905.5602837756,1173577.0,1652880.0,332819.5826522232,953099.0,0,172,152,4.40013266399982,3.850116080999842,0.0,1173.0,170.56250000000003,319.4332415909987,102037.59583333335,0,0,181.9333333333333,143.5,225.8571428571429,8,1148,7,1581,8192,62852,5,20,0
6,4836699,5,3,935.0,357.0,935.0,0.0,187.0,418.1447118,357.0,0.0,119.0,206.1140461,1.654020645,1788656.439,4746964.0,4836699.0,2358628.364,4746970.0,49911.0,34749.34855,49527.0,0,168,104,1.033762903,0.620257742,0.0,935.0,143.5555556,319.4135686,102025.0278,0,1,161.5,187.0,119.0,5,935,3,357,219,211,1,32,0
6,52,2,0,0.0,0.0,0.0,0.0,0.0,0.0,0.0,0.0,0.0,0.0,38461.5384615385,0.0,52.0,52.0,0.0,52.0,0.0,0.0,0.0,0,40,0,38461.5384615385,0.0,0.0,0.0,0.0,0.0,0.0,0,1,0.0,0.0,0.0,2,0,0,0,256,-1,0,20,0
6,53805141,2,0,0.0,0.0,0.0,0.0,0.0,0.0,0.0,0.0,0.0,0.0,0.0371711692,0.0,53805141.0,53805141.0,0.0,53805141.0,0.0,0.0,0.0,0,40,0,0.0371711692,0.0,0.0,0.0,0.0,0.0,0.0,0,1,0.0,0.0,0.0,2,0,0,0,279,-1,0,20,0
6,21096,2,0,0.0,0.0,0.0,0.0,0.0,0.0,0.0,0.0,0.0,0.0,94.80470231,0.0,21096.0,21096.0,0.0,21096.0,0.0,0.0,0.0,0,40,0,94.80470231,0.0,0.0,0.0,0.0,0.0,0.0,0,1,0.0,0.0,0.0,2,0,0,0,32738,-1,0,20,1
6,1429688,8,7,1144.0,1581.0,677.0,0.0,143.0,227.9699228282,1173.0,0.0,225.8571428571,430.0986044197,10.4917996094,251635.456442209,968970.0,1429688.0,386363.820039018,1078413.0,1361780.0,363846.535111531,968970.0,0,172,152,5.5956264584,4.8961731511,0.0,1173.0,170.3125,319.402717323,102018.095833333,0,0,181.6666666667,143.0,225.8571428571,8,1144,7,1581,8192,62856,5,20,0
6,9,1,1,0.0,0.0,0.0,0.0,0.0,0.0,0.0,0.0,0.0,0.0,222222.22222222225,0.0,9.0,0.0,0.0,0.0,0.0,0.0,0.0,0,20,20,111111.11111111112,111111.11111111112,0.0,0.0,0.0,0.0,0.0,0,1,0.0,0.0,0.0,1,0,1,0,172,257,0,20,0
6,684081,5,4,286.0,170.0,103.0,0.0,57.2,52.48523602,131.0,0.0,42.5,61.79805822,13.15633675,117879.7111,227958.0,684018.0,114001.0016,228032.0,684048.0,225.8052258,228252.0,0,112,92,7.309075972,5.847260778,0.0,131.0,45.6,52.98469381,2807.377778,0,0,50.66666667,57.2,42.5,5,286,4,170,8192,0,3,20,0
17,1006,1,1,38.0,66.0,38.0,38.0,38.0,0.0,66.0,66.0,66.0,0.0,1988.0715705765408,0.0,1006.0,0.0,0.0,0.0,0.0,0.0,0.0,0,8,8,994.0357852882704,994.0357852882704,38.0,66.0,47.333333333333336,16.165807537309522,261.33333333333337,0,0,71.0,38.0,66.0,1,38,1,66,-1,-1,0,8,0
6,2468370,10,8,1052.0,2578.0,581.0,0.0,105.2,181.84291144953772,1149.0,0.0,322.25,512.9853102881491,7.292261694964693,245569.442117838,953230.0,2468370.0,351481.0769547203,1106718.0,2370699.0,321652.20001305465,953230.0,0,224,172,4.051256497202608,3.2410051977620857,0.0,1149.0,191.05263157894737,364.2030071393655,132643.83040935674,0,0,201.66666666666663,105.2,322.25,10,1052,8,2578,8192,62948,5,20,0
6,2,1,1,0.0,0.0,0.0,0.0,0.0,0.0,0.0,0.0,0.0,0.0,1000000.0,0.0,2.0,0.0,0.0,0.0,0.0,0.0,0.0,0,40,20,500000.0,500000.0,0.0,0.0,0.0,0.0,0.0,0,0,0.0,0.0,0.0,1,0,1,0,26883,0,0,40,1
6,2,1,1,0.0,0.0,0.0,0.0,0.0,0.0,0.0,0.0,0.0,0.0,1000000.0,0.0,2.0,0.0,0.0,0.0,0.0,0.0,0.0,0,40,20,500000.0,500000.0,0.0,0.0,0.0,0.0,0.0,0,0,0.0,0.0,0.0,1,0,1,0,26883,0,0,40,1
6,234067,2,1,74.0,126.0,74.0,0.0,37.0,52.32590180780452,126.0,126.0,126.0,0.0,12.816843040667845,99851.25567813356,187639.0,234067.0,0.0,234067.0,0.0,0.0,0.0,1,40,20,8.544562027111896,4.272281013555948,0.0,126.0,68.5,51.829849829353485,2686.333333333333,1,1,91.33333333333331,37.0,126.0,2,74,1,126,256,7602,0,20,0
17,20588,1,1,42.0,70.0,42.0,42.0,42.0,0.0,70.0,70.0,70.0,0.0,97.14396735962696,0.0,20588.0,0.0,0.0,0.0,0.0,0.0,0.0,0,8,8,48.571983679813485,48.571983679813485,42.0,70.0,51.333333333333336,16.165807537309522,261.33333333333337,0,0,77.0,42.0,70.0,1,42,1,70,-1,-1,0,8,0
6,8948236,2,0,0.0,0.0,0.0,0.0,0.0,0.0,0.0,0.0,0.0,0.0,0.2235077394,0.0,8948236.0,8948236.0,0.0,8948236.0,0.0,0.0,0.0,0,64,0,0.2235077394,0.0,0.0,0.0,0.0,0.0,0.0,0,1,0.0,0.0,0.0,2,0,0,0,221,-1,0,32,1
6,10177019,8,11,779.0,6545.0,461.0,0.0,97.375,164.49310667276347,1420.0,0.0,595.0,666.1460800755342,1.866951412786004,2324161.9017313463,9877384.0,299634.0,60584.83034948757,174313.0,10153461.0,3156928.4481301494,9999798.0,0,172,232,0.7860848053835804,1.0808666074024231,0.0,1420.0,366.2000000000001,557.9564782121877,311315.4315789474,0,0,385.4736842105263,97.375,595.0,8,779,11,6545,8192,239,3,20,0
17,342,1,1,38.0,54.0,38.0,38.0,38.0,0.0,54.0,54.0,54.0,0.0,5847.9532163743,0.0,342.0,0.0,0.0,0.0,0.0,0.0,0.0,0,8,8,2923.9766081871,2923.9766081871,38.0,54.0,43.3333333333,9.237604307,85.3333333333,0,0,65.0,38.0,54.0,1,38,1,54,-1,-1,0,8,0
6,6580913,10,8,1048.0,1488.0,581.0,0.0,104.8,181.59344089965856,1149.0,0.0,186.0,392.6739832772947,2.735182793025831,442508.75403390575,1264997.0,6580913.0,520831.8787937023,1362004.0,6303909.0,576250.0176745787,1688314.0,0,224,172,1.5195459961254616,1.2156367969003694,0.0,1149.0,133.4736842105263,281.2911438391532,79124.70760233917,0,0,140.88888888888889,104.8,186.0,10,1048,8,1488,8192,62952,5,20,0
17,195915,2,2,66.0,254.0,33.0,33.0,33.0,0.0,127.0,127.0,127.0,0.0,20.4170175841564,84350.82987143636,160555.0,35305.0,0.0,35305.0,55.0,0.0,55.0,0,16,16,10.208508792078195,10.208508792078195,33.0,127.0,70.6,51.485920405485615,2650.8,0,0,88.25,33.0,127.0,2,66,2,254,-1,-1,1,8,0
6,37,2,0,0.0,0.0,0.0,0.0,0.0,0.0,0.0,0.0,0.0,0.0,54054.05405405405,0.0,37.0,37.0,0.0,37.0,0.0,0.0,0.0,0,40,0,54054.05405405405,0.0,0.0,0.0,0.0,0.0,0.0,0,0,0.0,0.0,0.0,2,0,0,0,0,-1,0,20,0
6,2639,2,0,0.0,0.0,0.0,0.0,0.0,0.0,0.0,0.0,0.0,0.0,757.8628268,0.0,2639.0,2639.0,0.0,2639.0,0.0,0.0,0.0,0,64,0,757.8628268,0.0,0.0,0.0,0.0,0.0,0.0,0,1,0.0,0.0,0.0,2,0,0,0,225,-1,0,32,1
6,35400954,2,0,0.0,0.0,0.0,0.0,0.0,0.0,0.0,0.0,0.0,0.0,0.056495653,0.0,35400000.0,35400000.0,0.0,35400000.0,0.0,0.0,0.0,0,40,0,0.056495653,0.0,0.0,0.0,0.0,0.0,0.0,0,1,0.0,0.0,0.0,2,0,0,0,2049,-1,0,20,1
6,2655320,10,7,1148.0,1581.0,677.0,0.0,114.8,210.0924664152536,1173.0,0.0,225.8571428571429,430.0986044197418,6.402241537743096,237697.26964158984,953134.0,2655320.0,364417.53362081497,1230726.0,2435904.0,281152.17041737377,953134.0,0,212,152,3.766024433966528,2.6362171037765694,0.0,1173.0,151.61111111111114,305.08265782337605,93075.42810457516,0,0,160.52941176470588,114.8,225.8571428571429,10,1148,7,1581,8192,62852,5,20,0
6,1487216,8,7,1052.0,1429.0,581.0,0.0,131.5,196.37209577737872,1149.0,0.0,204.1428571428571,420.4990798925441,10.085959268862087,251849.68161902524,953118.0,1487216.0,366618.5252701856,1024818.0,1472876.0,353793.2786736722,953118.0,0,172,152,5.379178276726447,4.706780992135641,0.0,1149.0,155.06249999999997,302.89700532249134,91746.59583333335,0,0,165.4,131.5,204.1428571428572,8,1052,7,1429,8192,62948,5,20,0
6,1147,5,2,935.0,326.0,935.0,0.0,187.0,418.1447118,326.0,0.0,163.0,230.5168107,6102.877071,231.5300556,590.0,1147.0,421.823324,905.0,590.0,0.0,590.0,0,124,40,4359.197908,1743.679163,0.0,935.0,157.625,334.1804207,111676.5536,0,0,180.1428571,187.0,163.0,5,935,2,326,65535,32768,1,20,0
6,6044335,2,0,0.0,0.0,0.0,0.0,0.0,0.0,0.0,0.0,0.0,0.0,0.330888344,0.0,6044335.0,6044335.0,0.0,6044335.0,0.0,0.0,0.0,0,40,0,0.330888344,0.0,0.0,0.0,0.0,0.0,0.0,0,1,0.0,0.0,0.0,2,0,0,0,2049,-1,0,20,1
17,1037,1,1,52.0,112.0,52.0,52.0,52.0,0.0,112.0,112.0,112.0,0.0,1928.6403085824493,0.0,1037.0,0.0,0.0,0.0,0.0,0.0,0.0,0,8,8,964.3201542912248,964.3201542912248,52.0,112.0,72.0,34.64101615137755,1200.0,0,0,108.0,52.0,112.0,1,52,1,112,-1,-1,0,8,0
0,112639566,3,0,0.0,0.0,0.0,0.0,0.0,0.0,0.0,0.0,0.0,0.0,0.0266336253461772,11.31370849898476,56319791.0,112639566.0,11.31370849898476,56319791.0,0.0,0.0,0.0,0,0,0,0.0266336253461772,0.0,0.0,0.0,0.0,0.0,0.0,0,0,0.0,0.0,0.0,3,0,0,0,-1,-1,0,0,0
6,2559240,9,7,1052.0,1429.0,581.0,0.0,116.88888888888889,188.8467926947956,1149.0,0.0,204.1428571428571,420.4990798925441,6.2518560197558655,271144.4935253948,953156.0,2559240.0,374946.1274488072,1122447.0,2443384.0,368869.15606359206,953156.0,0,192,152,3.516669011112674,2.735187008643191,0.0,1149.0,145.94117647058823,295.68024760462004,87426.80882352941,0,0,155.0625,116.88888888888889,204.1428571428572,9,1052,7,1429,8192,62948,5,20,0
17,11670,1,1,47.0,132.0,47.0,47.0,47.0,0.0,132.0,132.0,132.0,0.0,171.3796058269066,0.0,11670.0,0.0,0.0,0.0,0.0,0.0,0.0,0,8,8,85.6898029134533,85.6898029134533,47.0,132.0,75.33333333333333,49.074772881118186,2408.333333333333,0,0,113.0,47.0,132.0,1,47,1,132,-1,-1,0,8,0
6,3599,3,1,31.0,0.0,31.0,0.0,10.33333333,17.89785834,0.0,0.0,0.0,0.0,1111.419839,2057.966553,3576.0,3599.0,2512.350394,3576.0,0.0,0.0,0.0,0,60,20,833.5648791,277.8549597,0.0,31.0,6.2,13.86362146,192.2,0,1,7.75,10.33333333,0.0,3,31,1,0,984,0,1,20,0
17,1140,1,1,55.0,83.0,55.0,55.0,55.0,0.0,83.0,83.0,83.0,0.0,1754.3859649123,0.0,1140.0,0.0,0.0,0.0,0.0,0.0,0.0,0,8,8,877.1929824561,877.1929824561,55.0,83.0,64.3333333333,16.1658075373,261.3333333333,0,0,96.5,55.0,83.0,1,55,1,83,-1,-1,0,8,0
17,862,1,1,45.0,73.0,45.0,45.0,45.0,0.0,73.0,73.0,73.0,0.0,2320.1856148492,0.0,862.0,0.0,0.0,0.0,0.0,0.0,0.0,0,8,8,1160.0928074246,1160.0928074246,45.0,73.0,54.3333333333,16.1658075373,261.3333333333,0,0,81.5,45.0,73.0,1,45,1,73,-1,-1,0,8,0
6,1462648,3,4,20.0,964.0,20.0,0.0,6.666666667,11.54700538,964.0,0.0,241.0,482.0,4.785840476,596876.6645,1462144.0,472.0,330.9259736,470.0,1462641.0,844025.7903,1462144.0,0,72,92,2.05107449,2.734765986,0.0,964.0,123.0,339.8873763,115523.4286,0,0,140.5714286,6.666666667,241.0,3,20,4,964,8192,211,1,20,1
6,52075,5,2,935.0,326.0,935.0,0.0,187.0,418.1447118,326.0,0.0,163.0,230.5168107,134.4215074,20760.5112,51053.0,52075.0,25569.38554,51370.0,51053.0,0.0,51053.0,0,124,40,96.01536246,38.40614498,0.0,935.0,157.625,334.1804207,111676.5536,0,0,180.1428571,187.0,163.0,5,935,2,326,65535,32768,1,20,0
6,1971608,9,8,1821.0,1581.0,677.0,0.0,202.3333333333333,277.77328885261807,1173.0,0.0,197.62500000000003,406.1217050167528,8.622403642103299,166901.93451565102,634822.0,1971608.0,240277.3485911645,789155.0,1817228.0,174650.2020630571,634822.0,0,192,184,4.564801928172335,4.057601713930964,0.0,1173.0,189.0,326.27343278479856,106454.35294117648,0,0,200.1176470588236,202.3333333333333,197.625,9,1821,8,1581,8192,62856,6,20,0
6,2,1,1,0.0,0.0,0.0,0.0,0.0,0.0,0.0,0.0,0.0,0.0,1000000.0,0.0,2.0,0.0,0.0,0.0,0.0,0.0,0.0,0,40,20,500000.0,500000.0,0.0,0.0,0.0,0.0,0.0,0,0,0.0,0.0,0.0,1,0,1,0,26883,0,0,40,1
6,7319,3,4,161.0,488.0,161.0,0.0,53.6666666667,92.9533933395,488.0,0.0,122.0,244.0,956.4148107665,2746.8079959594,6825.0,6993.0,4707.2098423589,6825.0,7185.0,4015.613029165,7031.0,0,72,92,409.8920617571,546.5227490094,0.0,488.0,81.125,173.7875858627,30202.125,0,0,92.7142857143,53.6666666667,122.0,3,161,4,488,8192,149,1,20,0
6,5559856,6,4,599.0,137.0,517.0,0.0,99.83333333333331,205.4511296310309,137.0,0.0,34.25,68.5,1.7986077337254778,1819054.9281975229,5468336.0,5559856.0,2466400.4505446195,5523979.0,74798.0,28257.49007490462,55848.0,0,132,92,1.0791646402352866,0.7194430934901911,0.0,517.0,66.9090909090909,155.0402880192465,24037.49090909091,0,0,73.6,99.83333333333331,34.25,6,599,4,137,8192,237,3,20,0
6,45265902,6,5,5.0,0.0,1.0,0.0,0.8333333333333334,0.408248290463863,0.0,0.0,0.0,0.0,0.2430085232809455,4967986.609371665,10002364.0,45265902.0,2135937.952358237,10013658.0,40033498.0,4599.834526009242,10013617.0,0,120,160,0.1325501036077885,0.110458419673157,0.0,1.0,0.4999999999999999,0.5222329678670934,0.2727272727272726,0,1,0.5454545454545454,0.8333333333333334,0.0,6,5,5,0,256,294,4,20,0
17,1573,1,1,42.0,142.0,42.0,42.0,42.0,0.0,142.0,142.0,142.0,0.0,1271.4558169103625,0.0,1573.0,0.0,0.0,0.0,0.0,0.0,0.0,0,8,8,635.7279084551813,635.7279084551813,42.0,142.0,75.33333333333334,57.735026918962575,3333.333333333333,0,0,113.0,42.0,142.0,1,42,1,142,-1,-1,0,8,0
6,111,2,0,0.0,0.0,0.0,0.0,0.0,0.0,0.0,0.0,0.0,0.0,18018.018018018,0.0,111.0,111.0,0.0,111.0,0.0,0.0,0.0,0,40,0,18018.018018018,0.0,0.0,0.0,0.0,0.0,0.0,0,1,0.0,0.0,0.0,2,0,0,0,278,-1,0,20,0
6,2370,2,0,0.0,0.0,0.0,0.0,0.0,0.0,0.0,0.0,0.0,0.0,843.8818565,0.0,2370.0,2370.0,0.0,2370.0,0.0,0.0,0.0,0,40,0,843.8818565,0.0,0.0,0.0,0.0,0.0,0.0,0,1,0.0,0.0,0.0,2,0,0,0,32738,-1,0,20,1
17,672,1,1,32.0,60.0,32.0,32.0,32.0,0.0,60.0,60.0,60.0,0.0,2976.190476190476,0.0,672.0,0.0,0.0,0.0,0.0,0.0,0.0,0,8,8,1488.095238095238,1488.095238095238,32.0,60.0,41.333333333333336,16.165807537309522,261.33333333333337,0,0,62.0,32.0,60.0,1,32,1,60,-1,-1,0,8,0
6,1691,3,4,333.0,935.0,333.0,0.0,111.0,192.2576396,935.0,0.0,233.75,467.5,4139.562389,451.3226857,1172.0,496.0,8.485281374,254.0,1687.0,579.3551012,1172.0,0,72,92,1774.098167,2365.464222,0.0,935.0,158.5,334.6930363,112019.4286,0,0,181.1428571,111.0,233.75,3,333,4,935,65535,219,1,20,1
6,14445,2,0,0.0,0.0,0.0,0.0,0.0,0.0,0.0,0.0,0.0,0.0,138.4562132,0.0,14445.0,14445.0,0.0,14445.0,0.0,0.0,0.0,0,64,0,138.4562132,0.0,0.0,0.0,0.0,0.0,0.0,0,1,0.0,0.0,0.0,2,0,0,0,225,-1,0,32,1
6,39355,3,4,273.0,935.0,273.0,0.0,91.0,157.6166235,935.0,0.0,233.75,467.5,177.8681235,10793.92248,25796.0,13519.0,9157.739923,13235.0,39353.0,12883.689,25796.0,0,72,92,76.22919578,101.6389277,0.0,935.0,151.0,330.8745986,109478.0,0,0,172.5714286,91.0,233.75,3,273,4,935,65535,219,1,20,1
17,12537,1,1,48.0,109.0,48.0,48.0,48.0,0.0,109.0,109.0,109.0,0.0,159.5277977187525,0.0,12537.0,0.0,0.0,0.0,0.0,0.0,0.0,0,8,8,79.76389885937625,79.76389885937625,48.0,109.0,68.33333333333333,35.21836642056717,1240.3333333333333,0,0,102.5,48.0,109.0,1,48,1,109,-1,-1,0,8,0
6,2281169,8,8,1128.0,1618.0,661.0,0.0,141.00000000000003,222.62332055996032,1173.0,0.0,202.25000000000003,403.753372387508,7.013947673320128,236977.02660549388,937529.0,2281169.0,515861.0681607061,1488010.0,2115638.0,286060.3723132584,937529.0,0,172,172,3.506973836660064,3.506973836660064,0.0,1173.0,161.52941176470588,309.311153542646,95673.38970588236,0,0,171.625,141.0,202.25,8,1128,8,1618,8192,62872,5,20,0
6,1635834,8,7,1128.0,1581.0,661.0,0.0,141.00000000000003,222.62332055996032,1173.0,0.0,225.8571428571429,430.0986044197418,9.169634571723048,245387.1393741321,951650.0,1635834.0,387110.3896938861,1107006.0,1531909.0,341703.65806026524,951650.0,0,172,152,4.890471771585625,4.279162800137423,0.0,1173.0,169.3125,317.73127403515065,100953.1625,0,0,180.6,141.0,225.8571428571429,8,1128,7,1581,8192,62872,5,20,0
17,1557,1,1,43.0,100.0,43.0,43.0,43.0,0.0,100.0,100.0,100.0,0.0,1284.521515735389,0.0,1557.0,0.0,0.0,0.0,0.0,0.0,0.0,0,8,8,642.2607578676943,642.2607578676943,43.0,100.0,62.0,32.90896534380867,1083.0,0,0,93.0,43.0,100.0,1,43,1,100,-1,-1,0,8,0
6,132,2,0,0.0,0.0,0.0,0.0,0.0,0.0,0.0,0.0,0.0,0.0,15151.51515151515,0.0,132.0,132.0,0.0,132.0,0.0,0.0,0.0,0,40,0,15151.51515151515,0.0,0.0,0.0,0.0,0.0,0.0,0,1,0.0,0.0,0.0,2,0,0,0,259,-1,0,20,0
17,1575,1,1,41.0,120.0,41.0,41.0,41.0,0.0,120.0,120.0,120.0,0.0,1269.84126984127,0.0,1575.0,0.0,0.0,0.0,0.0,0.0,0.0,0,8,8,634.9206349206349,634.9206349206349,41.0,120.0,67.33333333333333,45.61067126598043,2080.333333333333,0,0,101.0,41.0,120.0,1,41,1,120,-1,-1,0,8,0
6,891732,6,5,455.0,338.0,140.0,0.0,75.83333333333333,62.9362110923963,145.0,0.0,67.6,69.75887040369848,12.335544760084868,114380.409718137,223147.0,891667.0,98565.4993205026,224204.0,891657.0,1106.3457491519848,224291.0,0,132,112,6.728478960046292,5.607065800038577,0.0,145.0,66.08333333333333,63.402693279950775,4019.901515151516,0,0,72.0909090909091,75.83333333333333,67.6,6,455,5,338,8192,0,4,20,0
6,31,1,1,0.0,0.0,0.0,0.0,0.0,0.0,0.0,0.0,0.0,0.0,64516.12903225806,0.0,31.0,0.0,0.0,0.0,0.0,0.0,0.0,0,20,20,32258.06451612903,32258.06451612903,0.0,0.0,0.0,0.0,0.0,0,1,0.0,0.0,0.0,1,0,1,0,913,256,0,20,0
17,2448,1,1,38.0,86.0,38.0,38.0,38.0,0.0,86.0,86.0,86.0,0.0,816.9934640522875,0.0,2448.0,0.0,0.0,0.0,0.0,0.0,0.0,0,8,8,408.4967320261438,408.4967320261438,38.0,86.0,54.0,27.712812921102035,768.0,0,0,81.0,38.0,86.0,1,38,1,86,-1,-1,0,8,0
6,264461,3,1,0.0,0.0,0.0,0.0,0.0,0.0,0.0,0.0,0.0,0.0,15.125103512427165,152242.50403331305,263948.0,264461.0,186341.7287257473,263994.0,0.0,0.0,0.0,0,72,32,11.343827634320371,3.781275878106791,0.0,0.0,0.0,0.0,0.0,0,0,0.0,0.0,0.0,3,0,1,0,8192,8192,0,20,0
6,12052361,11,9,1148.0,2754.0,677.0,0.0,104.36363636363636,202.2944748268092,1173.0,0.0,306.0,500.024249411966,1.6594259000373457,2376802.5680618724,10410445.0,12052361.0,3279013.164632292,10488818.0,11926485.0,3616543.299598228,10410445.0,0,244,192,0.91268424502054,0.7467416550168055,0.0,1173.0,185.80952380952385,363.7945325383023,132346.4619047619,0,0,195.1,104.36363636363636,306.0,11,1148,9,2754,8192,62852,5,20,0
17,1302,1,1,42.0,102.0,42.0,42.0,42.0,0.0,102.0,102.0,102.0,0.0,1536.0983102918588,0.0,1302.0,0.0,0.0,0.0,0.0,0.0,0.0,0,8,8,768.0491551459294,768.0491551459294,42.0,102.0,62.0,34.64101615137755,1200.0,0,0,93.0,42.0,102.0,1,42,1,102,-1,-1,0,8,0
6,1,1,1,0.0,0.0,0.0,0.0,0.0,0.0,0.0,0.0,0.0,0.0,2000000.0,0.0,1.0,0.0,0.0,0.0,0.0,0.0,0.0,0,40,20,1000000.0,1000000.0,0.0,0.0,0.0,0.0,0.0,0,0,0.0,0.0,0.0,1,0,1,0,26883,0,0,40,1
6,4975461,2,0,0.0,0.0,0.0,0.0,0.0,0.0,0.0,0.0,0.0,0.0,0.4019728021182359,0.0,4975461.0,4975461.0,0.0,4975461.0,0.0,0.0,0.0,0,40,0,0.4019728021182359,0.0,0.0,0.0,0.0,0.0,0.0,0,1,0.0,0.0,0.0,2,0,0,0,237,-1,0,20,0
6,2027851,9,7,1128.0,1581.0,661.0,0.0,125.3333333333,213.4830204021,1173.0,0.0,225.8571428571,430.0986044197,7.8901260497,245201.331508989,964989.0,2027851.0,364697.172343982,1128449.0,1923528.0,347280.631825617,964989.0,0,192,152,4.438195903,3.4519301467,0.0,1173.0,159.3529411765,310.3705328266,96329.8676470588,0,0,169.3125,125.3333333333,225.8571428571,9,1128,7,1581,8192,62872,5,20,0
6,986153,6,5,455.0,338.0,140.0,0.0,75.83333333333333,62.9362110923963,145.0,0.0,67.6,69.75887040369848,11.154455748752984,127160.56504719624,246448.0,986083.0,110130.65576986271,246564.0,986087.0,63.91335280414153,246613.0,0,132,112,6.0842485902289,5.070207158524084,0.0,145.0,66.08333333333333,63.402693279950775,4019.901515151516,0,0,72.0909090909091,75.83333333333333,67.6,6,455,5,338,8192,0,4,20,0
6,17387504,11,13,1392.0,2810.0,677.0,0.0,126.54545454545452,198.77291748946263,1173.0,0.0,216.15384615384616,431.7846388640689,1.3803016235107697,1990087.10168399,9003043.0,17387504.0,2864081.043707318,9098163.0,17235268.0,2620224.261290324,9003043.0,0,244,308,0.6326382441091027,0.7476633794016668,0.0,1173.0,168.07999999999998,336.00805049879386,112901.41000000002,0,0,175.08333333333334,126.54545454545456,216.15384615384616,11,1392,13,2810,8192,62856,7,20,0
6,32,2,0,0.0,0.0,0.0,0.0,0.0,0.0,0.0,0.0,0.0,0.0,62500.0,0.0,32.0,32.0,0.0,32.0,0.0,0.0,0.0,0,40,0,62500.0,0.0,0.0,0.0,0.0,0.0,0.0,0,1,0.0,0.0,0.0,2,0,0,0,256,-1,0,20,0
6,1288,2,0,0.0,0.0,0.0,0.0,0.0,0.0,0.0,0.0,0.0,0.0,1552.795031,0.0,1288.0,1288.0,0.0,1288.0,0.0,0.0,0.0,0,64,0,1552.795031,0.0,0.0,0.0,0.0,0.0,0.0,0,1,0.0,0.0,0.0,2,0,0,0,225,-1,0,32,1
6,860,3,4,161.0,488.0,161.0,0.0,53.66666666666666,92.95339333952974,488.0,0.0,122.0,244.0,8139.53488372093,84.22984427545065,247.0,446.0,127.27922061357856,313.0,613.0,169.2522771880288,368.0,0,72,92,3488.372093023256,4651.162790697675,0.0,488.0,81.125,173.78758586274222,30202.125,0,0,92.71428571428572,53.66666666666666,122.0,3,161,4,488,8192,149,1,20,0
0,1399230,6,0,0.0,0.0,0.0,0.0,0.0,0.0,0.0,0.0,0.0,0.0,4.2880727257,471008.596260196,1120565.0,1399230.0,471008.596260196,1120565.0,0.0,0.0,0.0,0,0,0,4.2880727257,0.0,0.0,0.0,0.0,0.0,0.0,0,0,0.0,0.0,0.0,6,0,0,0,-1,-1,0,0,0
17,266,1,1,35.0,131.0,35.0,35.0,35.0,0.0,131.0,131.0,131.0,0.0,7518.796992481202,0.0,266.0,0.0,0.0,0.0,0.0,0.0,0.0,0,8,8,3759.398496240601,3759.398496240601,35.0,131.0,67.0,55.42562584220407,3072.0,0,0,100.5,35.0,131.0,1,35,1,131,-1,-1,0,8,0
17,954,1,1,42.0,102.0,42.0,42.0,42.0,0.0,102.0,102.0,102.0,0.0,2096.436059,0.0,954.0,0.0,0.0,0.0,0.0,0.0,0.0,0,8,8,1048.218029,1048.218029,42.0,102.0,62.0,34.64101615,1200.0,0,0,93.0,42.0,102.0,1,42,1,102,-1,-1,0,8,0
6,11,1,1,0.0,0.0,0.0,0.0,0.0,0.0,0.0,0.0,0.0,0.0,181818.18181818185,0.0,11.0,0.0,0.0,0.0,0.0,0.0,0.0,0,20,20,90909.09090909093,90909.09090909093,0.0,0.0,0.0,0.0,0.0,0,1,0.0,0.0,0.0,1,0,1,0,185,257,0,20,0
6,5100410,9,7,351.0,5509.0,194.0,0.0,39.0,71.4002801115,1460.0,0.0,787.0,672.2080531105,3.1370027115,1250631.73775454,4858938.0,5100410.0,1706653.86391883,4858938.0,72000.0,18087.2391701995,38280.0,0,192,152,1.7645640252,1.3724386863,0.0,1460.0,344.7058823529,563.5413432821,317578.845588235,0,0,366.25,39.0,787.0,9,351,7,5509,8192,946,3,20,0
17,250,1,1,28.0,44.0,28.0,28.0,28.0,0.0,44.0,44.0,44.0,0.0,8000.0,0.0,250.0,0.0,0.0,0.0,0.0,0.0,0.0,0,8,8,4000.0,4000.0,28.0,44.0,33.333333333333336,9.237604307034012,85.33333333333333,0,0,50.0,28.0,44.0,1,28,1,44,-1,-1,0,8,0
6,2627311,8,9,1144.0,1618.0,677.0,0.0,143.0,227.9699228282,1173.0,0.0,179.7777777778,383.6465749156,6.4704939765,238140.915510535,955476.0,2627311.0,539327.066879158,1582964.0,2424500.0,282937.673944028,955476.0,0,172,192,3.0449383419,3.4255556346,0.0,1173.0,153.4444444444,304.0828490477,92466.3790849673,0,0,162.4705882353,143.0,179.7777777778,8,1144,9,1618,8192,62856,5,20,0
6,132246,10,8,553.0,3782.0,202.0,0.0,55.3,84.784760161,1460.0,0.0,472.75,635.2258878316,136.1099768613,15526.007130116,57235.0,132246.0,19646.9121301542,57257.0,122098.0,38785.8723543214,104945.0,0,212,172,75.6166538118,60.4933230495,0.0,1460.0,228.1578947368,454.528848022,206596.473684211,0,0,240.8333333333,55.3,472.75,10,553,8,3782,8192,123,4,20,0
17,3213,1,1,40.0,139.0,40.0,40.0,40.0,0.0,139.0,139.0,139.0,0.0,622.4712107065,0.0,3213.0,0.0,0.0,0.0,0.0,0.0,0.0,0,8,8,311.2356053533,311.2356053533,40.0,139.0,73.0,57.1576766498,3267.0,0,0,109.5,40.0,139.0,1,40,1,139,-1,-1,0,8,0
6,676,2,0,0.0,0.0,0.0,0.0,0.0,0.0,0.0,0.0,0.0,0.0,2958.579882,0.0,676.0,676.0,0.0,676.0,0.0,0.0,0.0,0,64,0,2958.579882,0.0,0.0,0.0,0.0,0.0,0.0,0,1,0.0,0.0,0.0,2,0,0,0,225,-1,0,32,1
17,1670,1,1,40.0,105.0,40.0,40.0,40.0,0.0,105.0,105.0,105.0,0.0,1197.6047904191616,0.0,1670.0,0.0,0.0,0.0,0.0,0.0,0.0,0,8,8,598.8023952095808,598.8023952095808,40.0,105.0,61.66666666666667,37.52776749732568,1408.3333333333337,0,0,92.5,40.0,105.0,1,40,1,105,-1,-1,0,8,0
6,95138815,5,5,320.0,75.0,80.0,0.0,64.0,35.77708763999664,75.0,0.0,15.0,33.54101966249684,0.1051095706836373,15345541.887657683,31019660.0,95138815.0,14482071.86469651,31031345.0,95071287.0,14515786.50585675,31031287.0,1,100,100,0.0525547853418186,0.0525547853418186,0.0,80.0,43.18181818181818,41.36863106707347,1711.3636363636365,1,1,47.5,64.0,15.0,5,320,5,75,255,133,3,20,0
6,114214861,4,5,0.0,5.0,0.0,0.0,0.0,0.0,1.0,1.0,1.0,0.0,0.0787988526291688,17728440.2202955,41998354.0,114214861.0,48452490.5875504,94019690.0,104042766.0,18460914.53764796,41998354.0,0,80,100,0.0350217122796305,0.0437771403495382,0.0,1.0,0.5,0.5270462766947299,0.2777777777777778,0,1,0.5555555555555556,0.0,1.0,4,0,5,5,30016,64240,0,20,0
6,3770186,14,8,1441.0,1731.0,725.0,0.0,102.9285714286,191.1489408352,1179.0,0.0,216.375,405.4647906151,5.8352558733,250304.05937466,953173.0,3770186.0,358752.239052335,1304803.0,3752157.0,360472.593736268,953173.0,0,292,172,3.7133446467,2.1219112267,0.0,1179.0,137.9130434783,278.894719961,77782.2648221344,0,0,144.1818181818,102.9285714286,216.375,14,1441,8,1731,8192,62559,7,20,0
6,10781,3,4,323.0,935.0,323.0,0.0,107.6666667,186.4841369,935.0,0.0,233.75,467.5,649.2904183,3962.235602,9873.0,10246.0,6717.514421,9873.0,10776.0,5767.570372,10246.0,0,72,92,278.2673221,371.0230962,0.0,935.0,157.25,333.9661018,111533.3571,0,0,179.7142857,107.6666667,233.75,3,323,4,935,65535,219,1,20,1
6,296572,2,1,73.0,125.0,73.0,0.0,36.5,51.61879502661797,125.0,125.0,125.0,0.0,10.115587445881609,100638.2655255942,219448.0,296572.0,0.0,296572.0,0.0,0.0,0.0,1,40,20,6.743724963921071,3.371862481960536,0.0,125.0,67.75,51.38984984086514,2640.9166666666665,1,1,90.33333333333331,36.5,125.0,2,73,1,125,258,7536,0,20,0
6,80,2,0,0.0,0.0,0.0,0.0,0.0,0.0,0.0,0.0,0.0,0.0,25000.0,0.0,80.0,80.0,0.0,80.0,0.0,0.0,0.0,0,40,0,25000.0,0.0,0.0,0.0,0.0,0.0,0.0,0,1,0.0,0.0,0.0,2,0,0,0,278,-1,0,20,0
6,1669542,8,7,1144.0,1581.0,677.0,0.0,143.0,227.9699228,1173.0,0.0,225.8571429,430.0986044,8.984499941,245516.1104,953153.0,1669542.0,390888.0899,1120082.0,1561356.0,340229.1028,953153.0,0,172,152,4.791733302,4.192766639,0.0,1173.0,170.3125,319.4027173,102018.0958,0,0,181.6666667,143.0,225.8571429,8,1144,7,1581,8192,62856,5,20,0
6,4155019,5,3,935.0,405.0,935.0,0.0,187.0,418.1447118,405.0,0.0,135.0,233.826859,1.925382291,1544235.144,4095355.0,4155019.0,2037835.934,4095362.0,47193.0,32926.42727,46879.0,0,168,104,1.203363932,0.722018359,0.0,935.0,148.8888889,323.7937015,104842.3611,0,1,167.5,187.0,135.0,5,935,3,405,219,211,1,32,0
6,118533959,20,16,1319.0,2364.0,436.0,0.0,65.95,159.4911233,788.0,0.0,147.75,317.6529553,0.303710433,4645511.182,10000000.0,119000000.0,4702906.406,10000000.0,113000000.0,4290747.592,10000000.0,0,412,464,0.168728018,0.134982415,0.0,788.0,99.54054054,239.5901123,57403.42192,0,0,102.3055556,65.95,147.75,20,1319,16,2364,8192,292,14,20,1
17,298,1,1,40.0,56.0,40.0,40.0,40.0,0.0,56.0,56.0,56.0,0.0,6711.4093959731545,0.0,298.0,0.0,0.0,0.0,0.0,0.0,0.0,0,8,8,3355.704697986577,3355.704697986577,40.0,56.0,45.333333333333336,9.237604307034012,85.33333333333333,0,0,68.0,40.0,56.0,1,40,1,56,-1,-1,0,8,0
17,970,1,1,40.0,119.0,40.0,40.0,40.0,0.0,119.0,119.0,119.0,0.0,2061.85567,0.0,970.0,0.0,0.0,0.0,0.0,0.0,0.0,0,8,8,1030.927835,1030.927835,40.0,119.0,66.33333333,45.61067127,2080.333333,0,0,99.5,40.0,119.0,1,40,1,119,-1,-1,0,8,1
6,4147986,5,3,935.0,347.0,935.0,0.0,187.0,418.1447118,347.0,0.0,115.6666667,200.3405434,1.928646818,1523135.779,4046457.0,4147986.0,2006451.978,4046460.0,52657.0,6392.952409,30849.0,0,168,104,1.205404261,0.723242557,0.0,935.0,142.4444444,318.5946135,101502.5278,0,1,160.25,187.0,115.6666667,5,935,3,347,219,211,1,32,0
17,324,1,1,37.0,149.0,37.0,37.0,37.0,0.0,149.0,149.0,149.0,0.0,6172.839506172839,0.0,324.0,0.0,0.0,0.0,0.0,0.0,0.0,0,8,8,3086.4197530864194,3086.4197530864194,37.0,149.0,74.33333333333334,64.66323014923809,4181.333333333334,0,0,111.5,37.0,149.0,1,37,1,149,-1,-1,0,8,0
6,1205,2,0,0.0,0.0,0.0,0.0,0.0,0.0,0.0,0.0,0.0,0.0,1659.7510373444,0.0,1205.0,1205.0,0.0,1205.0,0.0,0.0,0.0,0,40,0,1659.7510373444,0.0,0.0,0.0,0.0,0.0,0.0,0,1,0.0,0.0,0.0,2,0,0,0,131,-1,0,20,0
6,61,2,0,0.0,0.0,0.0,0.0,0.0,0.0,0.0,0.0,0.0,0.0,32786.88524590164,0.0,61.0,61.0,0.0,61.0,0.0,0.0,0.0,0,40,0,32786.88524590164,0.0,0.0,0.0,0.0,0.0,0.0,0,1,0.0,0.0,0.0,2,0,0,0,2239,-1,0,20,0
6,2844,2,0,0.0,0.0,0.0,0.0,0.0,0.0,0.0,0.0,0.0,0.0,703.2348805,0.0,2844.0,2844.0,0.0,2844.0,0.0,0.0,0.0,0,64,0,703.2348805,0.0,0.0,0.0,0.0,0.0,0.0,0,1,0.0,0.0,0.0,2,0,0,0,225,-1,0,32,1
6,54590934,2,0,0.0,0.0,0.0,0.0,0.0,0.0,0.0,0.0,0.0,0.0,0.03663612,0.0,54600000.0,54600000.0,0.0,54600000.0,0.0,0.0,0.0,0,40,0,0.03663612,0.0,0.0,0.0,0.0,0.0,0.0,0,1,0.0,0.0,0.0,2,0,0,0,279,-1,0,20,0
17,598,1,1,51.0,79.0,51.0,51.0,51.0,0.0,79.0,79.0,79.0,0.0,3344.4816053511704,0.0,598.0,0.0,0.0,0.0,0.0,0.0,0.0,0,8,8,1672.2408026755852,1672.2408026755852,51.0,79.0,60.333333333333336,16.165807537309522,261.33333333333337,0,0,90.5,51.0,79.0,1,51,1,79,-1,-1,0,8,0
6,62702780,13,13,773.0,6541.0,222.0,0.0,59.46153846153845,84.49222388738443,1460.0,0.0,503.1538461538461,668.5307081146742,0.4146546612446848,11580714.954770822,57929149.0,62702780.0,16648398.859751236,57929149.0,62640983.0,16682909.753431749,58036417.0,0,272,272,0.2073273306223424,0.2073273306223424,0.0,1460.0,270.88888888888886,511.5842161916356,261718.41025641013,0,0,281.3076923076923,59.46153846153846,503.1538461538461,13,773,13,6541,8192,64,6,20,0
0,93881070,65,0,0.0,0.0,0.0,0.0,0.0,0.0,0.0,0.0,0.0,0.0,0.6923653511831512,1544210.2389583047,10217781.0,93881070.0,1544210.2389583047,10217781.0,0.0,0.0,0.0,0,0,0,0.6923653511831512,0.0,0.0,0.0,0.0,0.0,0.0,0,0,0.0,0.0,0.0,65,0,0,0,-1,-1,0,0,0
17,12584,1,1,47.0,132.0,47.0,47.0,47.0,0.0,132.0,132.0,132.0,0.0,158.9319771,0.0,12584.0,0.0,0.0,0.0,0.0,0.0,0.0,0,8,8,79.46598856,79.46598856,47.0,132.0,75.33333333,49.07477288,2408.333333,0,0,113.0,47.0,132.0,1,47,1,132,-1,-1,0,8,0
17,971,1,1,40.0,102.0,40.0,40.0,40.0,0.0,102.0,102.0,102.0,0.0,2059.7322348095,0.0,971.0,0.0,0.0,0.0,0.0,0.0,0.0,0,8,8,1029.8661174047,1029.8661174047,40.0,102.0,60.6666666667,35.7957166898,1281.3333333333,0,0,91.0,40.0,102.0,1,40,1,102,-1,-1,0,8,0
17,982,1,1,45.0,73.0,45.0,45.0,45.0,0.0,73.0,73.0,73.0,0.0,2036.6598778004,0.0,982.0,0.0,0.0,0.0,0.0,0.0,0.0,0,8,8,1018.3299389002,1018.3299389002,45.0,73.0,54.3333333333,16.1658075373,261.3333333333,0,0,81.5,45.0,73.0,1,45,1,73,-1,-1,0,8,0
17,281,1,1,32.0,64.0,32.0,32.0,32.0,0.0,64.0,64.0,64.0,0.0,7117.437722,0.0,281.0,0.0,0.0,0.0,0.0,0.0,0.0,0,8,8,3558.718861,3558.718861,32.0,64.0,42.66666667,18.47520861,341.3333333,0,0,64.0,32.0,64.0,1,32,1,64,-1,-1,0,8,0
17,294,1,1,45.0,61.0,45.0,45.0,45.0,0.0,61.0,61.0,61.0,0.0,6802.7210884354,0.0,294.0,0.0,0.0,0.0,0.0,0.0,0.0,0,8,8,3401.3605442177,3401.3605442177,45.0,61.0,50.3333333333,9.237604307,85.3333333333,0,0,75.5,45.0,61.0,1,45,1,61,-1,-1,0,8,0
6,1964107,10,7,670.0,301.0,187.0,0.0,67.0,68.1599426187,197.0,0.0,43.0,74.6681547471,8.6553329325,228287.430580754,869877.0,1964107.0,297044.217208669,930110.0,1094140.0,240362.935582562,665307.0,0,212,152,5.0913723132,3.5639606193,0.0,197.0,53.9444444444,68.9061358339,4748.0555555556,0,0,57.1176470588,67.0,43.0,10,670,7,301,8192,63330,6,20,0
6,2862770,9,9,1187.0,1600.0,677.0,0.0,131.8888889,215.835843,1173.0,0.0,177.7777778,384.5298356,6.287616539,259138.9072,954481.0,2862770.0,429223.4495,1209500.0,2663210.0,305707.9397,954481.0,0,192,204,3.14380827,3.14380827,0.0,1173.0,146.6842105,297.0011322,88209.67251,0,0,154.8333333,131.8888889,177.7777778,9,1187,9,1600,8192,62856,6,20,0
6,1,2,0,0.0,0.0,0.0,0.0,0.0,0.0,0.0,0.0,0.0,0.0,2000000.0,0.0,1.0,1.0,0.0,1.0,0.0,0.0,0.0,0,40,0,2000000.0,0.0,0.0,0.0,0.0,0.0,0.0,0,1,0.0,0.0,0.0,2,0,0,0,180,-1,0,20,0
6,5009,2,0,0.0,0.0,0.0,0.0,0.0,0.0,0.0,0.0,0.0,0.0,399.2812937,0.0,5009.0,5009.0,0.0,5009.0,0.0,0.0,0.0,0,64,0,399.2812937,0.0,0.0,0.0,0.0,0.0,0.0,0,1,0.0,0.0,0.0,2,0,0,0,225,-1,0,32,1
6,9829,3,4,326.0,129.0,326.0,0.0,108.6666667,188.2161878,112.0,0.0,32.25,53.7672453,712.178248,3584.194661,8944.0,565.0,311.8340905,503.0,9346.0,5051.694501,8944.0,0,72,92,305.2192492,406.9589989,0.0,326.0,56.875,115.4066568,13318.69643,0,0,65.0,108.6666667,32.25,3,326,4,129,8192,219,1,20,1
6,244,1,1,0.0,0.0,0.0,0.0,0.0,0.0,0.0,0.0,0.0,0.0,8196.7213114754,0.0,244.0,0.0,0.0,0.0,0.0,0.0,0.0,0,24,20,4098.3606557377,4098.3606557377,0.0,0.0,0.0,0.0,0.0,0,0,0.0,0.0,0.0,1,0,1,0,1024,0,0,24,0
6,465,2,0,0.0,0.0,0.0,0.0,0.0,0.0,0.0,0.0,0.0,0.0,4301.075269,0.0,465.0,465.0,0.0,465.0,0.0,0.0,0.0,0,40,0,4301.075269,0.0,0.0,0.0,0.0,0.0,0.0,0,1,0.0,0.0,0.0,2,0,0,0,2052,-1,0,20,1
6,59,2,0,0.0,0.0,0.0,0.0,0.0,0.0,0.0,0.0,0.0,0.0,33898.30508474576,0.0,59.0,59.0,0.0,59.0,0.0,0.0,0.0,0,40,0,33898.30508474576,0.0,0.0,0.0,0.0,0.0,0.0,0,1,0.0,0.0,0.0,2,0,0,0,2239,-1,0,20,0
6,46735,3,4,436.0,859.0,436.0,0.0,145.33333333333334,251.72471736667683,859.0,0.0,214.75,429.5,149.78067829250028,11908.773814573298,23221.0,23266.0,16242.242763854996,23118.0,23630.0,13428.244946132512,23382.0,0,72,92,64.1917192682144,85.58895902428587,0.0,859.0,161.875,320.34554446276115,102621.26785714288,0,0,185.0,145.33333333333334,214.75,3,436,4,859,8192,31,1,20,0
17,367,1,1,43.0,59.0,43.0,43.0,43.0,0.0,59.0,59.0,59.0,0.0,5449.591280653951,0.0,367.0,0.0,0.0,0.0,0.0,0.0,0.0,0,8,8,2724.7956403269754,2724.7956403269754,43.0,59.0,48.333333333333336,9.237604307034012,85.33333333333333,0,0,72.5,43.0,59.0,1,43,1,59,-1,-1,0,8,0
17,49147,2,2,70.0,264.0,35.0,35.0,35.0,0.0,132.0,132.0,132.0,0.0,81.3884875984292,14164.69757295698,25111.0,23997.0,0.0,23997.0,39.0,0.0,39.0,0,16,16,40.6942437992146,40.6942437992146,35.0,132.0,73.8,53.12908807800111,2822.7,0,0,92.25,35.0,132.0,2,70,2,264,-1,-1,1,8,0
6,1406158,3,4,20.0,964.0,20.0,0.0,6.666666667,11.54700538,964.0,0.0,241.0,482.0,4.978103456,573895.0464,1405818.0,310.0,216.374675,308.0,1406153.0,811552.7071,1405818.0,0,72,92,2.13347291,2.844630546,0.0,964.0,123.0,339.8873763,115523.4286,0,0,140.5714286,6.666666667,241.0,3,20,4,964,8192,211,1,20,1
17,453,1,1,32.0,48.0,32.0,32.0,32.0,0.0,48.0,48.0,48.0,0.0,4415.0110375275935,0.0,453.0,0.0,0.0,0.0,0.0,0.0,0.0,0,8,8,2207.5055187637968,2207.5055187637968,32.0,48.0,37.333333333333336,9.237604307034012,85.33333333333333,0,0,56.0,32.0,48.0,1,32,1,48,-1,-1,0,8,0
6,115361066,17,15,883.0,1576.0,436.0,0.0,51.9411764706,144.5551238232,788.0,0.0,105.0666666667,277.2702309163,0.2773899471,4817640.40990463,10004074.0,115349693.0,4444267.85020755,10015390.0,115349820.0,3718629.44795151,10023093.0,0,352,444,0.1473634094,0.1300265377,0.0,788.0,74.5151515152,212.0479192913,44964.3200757576,0,0,76.84375,51.9411764706,105.0666666667,17,883,15,1576,8192,290,13,20,0
6,1700616,8,7,1132.0,1581.0,661.0,0.0,141.5,222.79202345300808,1173.0,0.0,225.8571428571429,430.0986044197418,8.820333338037512,244989.85721036704,951639.0,1700616.0,392240.5981934339,1127125.0,1588728.0,337365.10879698273,951639.0,0,172,152,4.704177780286673,4.116155557750838,0.0,1173.0,169.56250000000003,317.7627980637969,100973.19583333336,0,0,180.86666666666667,141.5,225.8571428571429,8,1132,7,1581,8192,62868,5,20,0
17,11956,1,1,60.0,188.0,60.0,60.0,60.0,0.0,188.0,188.0,188.0,0.0,167.2800267648043,0.0,11956.0,0.0,0.0,0.0,0.0,0.0,0.0,0,8,8,83.64001338240215,83.64001338240215,60.0,188.0,102.66666666666666,73.9008344562721,5461.333333333333,0,0,154.0,60.0,188.0,1,60,1,188,-1,-1,0,8,0
6,208,2,0,0.0,0.0,0.0,0.0,0.0,0.0,0.0,0.0,0.0,0.0,9615.384615384615,0.0,208.0,208.0,0.0,208.0,0.0,0.0,0.0,0,40,0,9615.384615384615,0.0,0.0,0.0,0.0,0.0,0.0,0,1,0.0,0.0,0.0,2,0,0,0,253,-1,0,20,0
6,36,1,1,0.0,0.0,0.0,0.0,0.0,0.0,0.0,0.0,0.0,0.0,55555.5555555556,0.0,36.0,0.0,0.0,0.0,0.0,0.0,0.0,0,20,20,27777.7777777778,27777.7777777778,0.0,0.0,0.0,0.0,0.0,0,1,0.0,0.0,0.0,1,0,1,0,508,258,0,20,0
6,5100391,9,7,349.0,5164.0,192.0,0.0,38.77777777777778,70.85862293641081,1460.0,0.0,737.7142857142857,650.9136436030293,3.137014397523641,1272000.1288960215,4937631.0,5100391.0,1737714.1547132246,4937631.0,79797.0,20847.367083159446,48014.0,0,192,152,1.764570598607048,1.3724437989165927,0.0,1460.0,324.29411764705884,537.2124538655403,288597.22058823524,0,0,344.5625,38.77777777777778,737.7142857142857,9,349,7,5164,8192,946,3,20,0
6,10359328,6,11,568.0,4670.0,517.0,0.0,94.66666666666666,207.9035032573205,1460.0,0.0,424.54545454545456,593.9153750554642,1.6410330863160236,2494927.7316806326,9999128.0,360200.0,131622.27976106477,307094.0,10342939.0,3151358.382030498,9999138.0,0,132,232,0.5791881481115377,1.061844938204486,0.0,1460.0,291.00000000000006,500.3301263107366,250330.23529411765,0,0,308.11764705882354,94.66666666666669,424.54545454545456,6,568,11,4670,8192,66,2,20,0
6,5887990,4,4,97.0,231.0,97.0,0.0,24.25,48.5,231.0,0.0,57.75,115.5,1.358697959745176,2198185.267638578,5825888.0,62102.0,35575.77469758506,61780.0,5887840.0,3398882.6856201338,5887305.0,0,92,92,0.679348979872588,0.679348979872588,0.0,231.0,36.44444444444444,79.6996096463325,6352.027777777778,0,0,41.0,24.25,57.75,4,97,4,231,8192,141,1,20,0
6,2,1,1,0.0,0.0,0.0,0.0,0.0,0.0,0.0,0.0,0.0,0.0,1000000.0,0.0,2.0,0.0,0.0,0.0,0.0,0.0,0.0,0,40,20,500000.0,500000.0,0.0,0.0,0.0,0.0,0.0,0,0,0.0,0.0,0.0,1,0,1,0,26883,0,0,40,1
6,578,3,0,77.0,0.0,46.0,0.0,25.666666666666664,23.45918441321721,0.0,0.0,0.0,0.0,5190.311418685122,381.8376618407357,559.0,578.0,381.8376618407357,559.0,0.0,0.0,0.0,1,60,0,5190.311418685122,0.0,0.0,46.0,30.75,21.68524844220144,470.25,1,1,41.0,25.666666666666668,0.0,3,77,0,0,256,-1,1,20,0
17,36956,1,1,39.0,71.0,39.0,39.0,39.0,0.0,71.0,71.0,71.0,0.0,54.1184110835,0.0,36956.0,0.0,0.0,0.0,0.0,0.0,0.0,0,8,8,27.0592055417,27.0592055417,39.0,71.0,49.6666666667,18.4752086141,341.3333333333,0,0,74.5,39.0,71.0,1,39,1,71,-1,-1,0,8,0
6,5328588,4,4,97.0,231.0,97.0,0.0,24.25,48.5,231.0,0.0,57.75,115.5,1.5013358135,1986812.14604967,5266597.0,61991.0,35497.8598556777,61653.0,5328395.0,3075901.68723601,5327877.0,0,92,92,0.7506679068,0.7506679068,0.0,231.0,36.4444444444,79.6996096463,6352.0277777778,0,0,41.0,24.25,57.75,4,97,4,231,8192,141,1,20,0
6,12541,2,0,0.0,0.0,0.0,0.0,0.0,0.0,0.0,0.0,0.0,0.0,159.4769157,0.0,12541.0,12541.0,0.0,12541.0,0.0,0.0,0.0,0,40,0,159.4769157,0.0,0.0,0.0,0.0,0.0,0.0,0,1,0.0,0.0,0.0,2,0,0,0,32738,-1,0,20,1
17,357,1,1,40.0,56.0,40.0,40.0,40.0,0.0,56.0,56.0,56.0,0.0,5602.240896358543,0.0,357.0,0.0,0.0,0.0,0.0,0.0,0.0,0,8,8,2801.1204481792715,2801.1204481792715,40.0,56.0,45.333333333333336,9.237604307034012,85.33333333333333,0,0,68.0,40.0,56.0,1,40,1,56,-1,-1,0,8,0
17,301,1,1,51.0,67.0,51.0,51.0,51.0,0.0,67.0,67.0,67.0,0.0,6644.518272425249,0.0,301.0,0.0,0.0,0.0,0.0,0.0,0.0,0,8,8,3322.2591362126245,3322.2591362126245,51.0,67.0,56.333333333333336,9.237604307034012,85.33333333333333,0,0,84.5,51.0,67.0,1,51,1,67,-1,-1,0,8,0
6,506,2,0,0.0,0.0,0.0,0.0,0.0,0.0,0.0,0.0,0.0,0.0,3952.56917,0.0,506.0,506.0,0.0,506.0,0.0,0.0,0.0,0,40,0,3952.56917,0.0,0.0,0.0,0.0,0.0,0.0,0,1,0.0,0.0,0.0,2,0,0,0,2052,-1,0,20,1
6,3150330,2,2,0.0,0.0,0.0,0.0,0.0,0.0,0.0,0.0,0.0,0.0,1.269708252786216,1694704.440700797,3005196.0,3150330.0,0.0,3150330.0,3005196.0,0.0,3005196.0,0,52,64,0.634854126393108,0.634854126393108,0.0,0.0,0.0,0.0,0.0,0,0,0.0,0.0,0.0,2,0,2,0,8192,8192,0,20,0
6,627983,6,5,373.0,305.0,140.0,0.0,62.16666666666666,69.85246356905866,133.0,0.0,61.0,67.62765706425145,17.516397736881412,99643.77146286888,321095.0,627920.0,146452.31863476933,376868.0,627914.0,116517.1674604219,321095.0,0,144,112,9.55439876557168,7.961998971309733,0.0,140.0,56.5,64.79127326198406,4197.909090909091,0,0,61.63636363636363,62.16666666666666,61.0,6,373,5,305,8192,0,3,20,0
6,2075395,10,7,674.0,301.0,187.0,0.0,67.4,68.001960756,197.0,0.0,43.0,74.6681547471,8.1912117934,234117.653678435,922093.0,2075395.0,291282.073391975,922093.0,1904791.0,433739.702162215,1148991.0,0,212,152,4.8183598785,3.3728519149,0.0,197.0,54.1666666667,68.8683740274,4742.8529411765,0,0,57.3529411765,67.4,43.0,10,674,7,301,8192,63326,6,20,0
17,29808,2,2,102.0,134.0,51.0,51.0,51.0,0.0,67.0,67.0,67.0,0.0,134.1921631776704,16513.373489387322,29004.0,29400.0,0.0,29400.0,29412.0,0.0,29412.0,0,16,16,67.0960815888352,67.0960815888352,51.0,67.0,57.4,8.763560920082657,76.8,0,0,71.75,51.0,67.0,2,102,2,134,-1,-1,1,8,0
6,1,1,1,0.0,0.0,0.0,0.0,0.0,0.0,0.0,0.0,0.0,0.0,2000000.0,0.0,1.0,0.0,0.0,0.0,0.0,0.0,0.0,0,40,20,1000000.0,1000000.0,0.0,0.0,0.0,0.0,0.0,0,0,0.0,0.0,0.0,1,0,1,0,26883,0,0,40,1
6,1966406,8,7,1160.0,1581.0,693.0,0.0,145.0,233.3311564524,1173.0,0.0,225.8571428571,430.0986044197,7.6281296945,246046.623325028,953195.0,1966406.0,392718.871976052,1160931.0,1811887.0,319590.962072094,953195.0,0,172,152,4.0683358371,3.5597938574,0.0,1173.0,171.3125,321.1152895249,103115.029166667,0,0,182.7333333333,145.0,225.8571428571,8,1160,7,1581,8192,62840,5,20,0
6,1210,2,0,0.0,0.0,0.0,0.0,0.0,0.0,0.0,0.0,0.0,0.0,1652.892562,0.0,1210.0,1210.0,0.0,1210.0,0.0,0.0,0.0,0,64,0,1652.892562,0.0,0.0,0.0,0.0,0.0,0.0,0,1,0.0,0.0,0.0,2,0,0,0,225,-1,0,32,1
17,1038,1,1,37.0,99.0,37.0,37.0,37.0,0.0,99.0,99.0,99.0,0.0,1926.7822736031,0.0,1038.0,0.0,0.0,0.0,0.0,0.0,0.0,0,8,8,963.3911368015,963.3911368015,37.0,99.0,57.6666666667,35.7957166898,1281.3333333333,0,0,86.5,37.0,99.0,1,37,1,99,-1,-1,0,8,0
6,3246619,11,7,1148.0,1581.0,677.0,0.0,104.36363636363636,202.2944748268092,1173.0,0.0,225.8571428571429,430.0986044197418,5.544229242790731,429226.50286155136,1612291.0,3246619.0,544609.8950646437,1612291.0,3229469.0,648494.1249110639,1681281.0,0,232,152,3.388140092816558,2.156089149974173,0.0,1173.0,143.6315789473684,298.52027858278944,89114.35672514622,0,0,151.61111111111111,104.36363636363636,225.8571428571429,11,1148,7,1581,8192,62852,5,20,0
6,1476258,3,4,20.0,964.0,20.0,0.0,6.666666667,11.54700538,964.0,0.0,241.0,482.0,4.741718588,602462.8016,1475815.0,419.0,292.0351006,416.0,1476253.0,851935.7718,1475815.0,0,72,92,2.032165109,2.709553479,0.0,964.0,123.0,339.8873763,115523.4286,0,0,140.5714286,6.666666667,241.0,3,20,4,964,8192,211,1,20,1
6,38566,5,6,941.0,478.0,517.0,0.0,188.2,240.7918188,182.0,0.0,79.66666667,88.4232247,285.225328,5894.99123,12475.0,26013.0,7300.758151,13201.0,26193.0,6847.523297,12817.0,0,112,132,129.6478764,155.5774516,0.0,517.0,118.25,170.1326354,28945.11364,0,0,129.0,188.2,79.66666667,5,941,6,478,8192,245,3,20,0
6,1394,5,2,935.0,341.0,935.0,0.0,187.0,418.1447118,341.0,0.0,170.5,241.1234124,5021.520803,322.299033,844.0,1394.0,523.2325805,1116.0,844.0,0.0,844.0,0,124,40,3586.800574,1434.72023,0.0,935.0,159.5,335.3002918,112426.2857,0,0,182.2857143,187.0,170.5,5,935,2,341,65535,32768,1,20,0
17,374,1,1,38.0,54.0,38.0,38.0,38.0,0.0,54.0,54.0,54.0,0.0,5347.593582887701,0.0,374.0,0.0,0.0,0.0,0.0,0.0,0.0,0,8,8,2673.7967914438505,2673.7967914438505,38.0,54.0,43.333333333333336,9.237604307034012,85.33333333333333,0,0,65.0,38.0,54.0,1,38,1,54,-1,-1,0,8,0
6,2167320,10,8,1148.0,2754.0,677.0,0.0,114.8,210.0924664152536,1173.0,0.0,344.25,520.2819977116806,8.305187974087813,250172.8239907512,951621.0,2167320.0,344379.6928849028,1041405.0,2130546.0,334492.7487558409,951621.0,0,224,172,4.613993318937674,3.691194655150139,0.0,1173.0,205.3684210526316,377.9043398248815,142811.69005847952,0,0,216.77777777777777,114.8,344.25,10,1148,8,2754,8192,62852,5,20,0
6,40516,1,1,0.0,0.0,0.0,0.0,0.0,0.0,0.0,0.0,0.0,0.0,49.3632145325,0.0,40516.0,0.0,0.0,0.0,0.0,0.0,0.0,0,20,20,24.6816072663,24.6816072663,0.0,0.0,0.0,0.0,0.0,0,1,0.0,0.0,0.0,1,0,1,0,0,66,0,20,0
6,411,2,0,0.0,0.0,0.0,0.0,0.0,0.0,0.0,0.0,0.0,0.0,4866.1800486618,0.0,411.0,411.0,0.0,411.0,0.0,0.0,0.0,0,40,0,4866.1800486618,0.0,0.0,0.0,0.0,0.0,0.0,0,1,0.0,0.0,0.0,2,0,0,0,251,-1,0,20,0
6,32,1,1,0.0,0.0,0.0,0.0,0.0,0.0,0.0,0.0,0.0,0.0,62500.0,0.0,32.0,0.0,0.0,0.0,0.0,0.0,0.0,0,20,20,31250.0,31250.0,0.0,0.0,0.0,0.0,0.0,0,1,0.0,0.0,0.0,1,0,1,0,122,251,0,20,0
6,44,2,0,0.0,0.0,0.0,0.0,0.0,0.0,0.0,0.0,0.0,0.0,45454.545454545456,0.0,44.0,44.0,0.0,44.0,0.0,0.0,0.0,0,40,0,45454.545454545456,0.0,0.0,0.0,0.0,0.0,0.0,0,1,0.0,0.0,0.0,2,0,0,0,2238,-1,0,20,0
17,295,1,1,30.0,46.0,30.0,30.0,30.0,0.0,46.0,46.0,46.0,0.0,6779.6610169492,0.0,295.0,0.0,0.0,0.0,0.0,0.0,0.0,0,8,8,3389.8305084746,3389.8305084746,30.0,46.0,35.3333333333,9.237604307,85.3333333333,0,0,53.0,30.0,46.0,1,30,1,46,-1,-1,0,8,0
6,1042498,3,3,0.0,0.0,0.0,0.0,0.0,0.0,0.0,0.0,0.0,0.0,5.755406725000912,269592.63051741605,503994.0,1030854.0,230.5168106668145,515590.0,1030887.0,275.064537881567,515638.0,0,92,60,2.877703362500456,2.877703362500456,0.0,0.0,0.0,0.0,0.0,0,0,0.0,0.0,0.0,3,0,3,0,8192,0,0,28,0
6,2802274,9,9,1187.0,1581.0,677.0,0.0,131.8888889,215.835843,1173.0,0.0,175.6666667,385.5612792,6.423354747,240219.7808,1028808.0,2802274.0,398651.5841,1277655.0,2690694.0,285628.4497,1028808.0,0,192,204,3.211677373,3.211677373,0.0,1173.0,145.6842105,297.4865175,88498.22807,0,0,153.7777778,131.8888889,175.6666667,9,1187,9,1581,8192,62856,6,20,0
6,18,1,1,0.0,0.0,0.0,0.0,0.0,0.0,0.0,0.0,0.0,0.0,111111.11111111112,0.0,18.0,0.0,0.0,0.0,0.0,0.0,0.0,0,20,20,55555.55555555556,55555.55555555556,0.0,0.0,0.0,0.0,0.0,0,1,0.0,0.0,0.0,1,0,1,0,66,253,0,20,0
6,3051921,11,7,1148.0,1581.0,677.0,0.0,104.36363636363636,202.2944748268092,1173.0,0.0,225.8571428571429,430.0986044197418,5.897924618625449,407425.4012286374,1495592.0,3051921.0,519803.2378180228,1495592.0,3030359.0,618709.6590596972,1563191.0,0,232,152,3.6042872669377743,2.2936373516876745,0.0,1173.0,143.6315789473684,298.52027858278944,89114.35672514622,0,0,151.61111111111111,104.36363636363636,225.8571428571429,11,1148,7,1581,8192,62852,5,20,0
6,31,1,1,0.0,0.0,0.0,0.0,0.0,0.0,0.0,0.0,0.0,0.0,64516.1290322581,0.0,31.0,0.0,0.0,0.0,0.0,0.0,0.0,0,20,20,32258.064516129,32258.064516129,0.0,0.0,0.0,0.0,0.0,0,1,0.0,0.0,0.0,1,0,1,0,153,256,0,20,0
6,1999734,8,7,1144.0,1581.0,677.0,0.0,143.0,227.96992282817865,1173.0,0.0,225.8571428571429,430.0986044197418,7.500997632685148,246217.78439324093,953200.0,1999734.0,394437.7688942048,1169100.0,1837336.0,317659.01649955835,953200.0,0,172,152,4.000532070765412,3.500465561919736,0.0,1173.0,170.3125,319.4027173230268,102018.09583333334,0,0,181.66666666666663,143.0,225.8571428571429,8,1144,7,1581,8192,62856,5,20,0
6,103,2,0,0.0,0.0,0.0,0.0,0.0,0.0,0.0,0.0,0.0,0.0,19417.47572815534,0.0,103.0,103.0,0.0,103.0,0.0,0.0,0.0,0,40,0,19417.47572815534,0.0,0.0,0.0,0.0,0.0,0.0,0,1,0.0,0.0,0.0,2,0,0,0,278,-1,0,20,0
17,1991,1,1,35.0,87.0,35.0,35.0,35.0,0.0,87.0,87.0,87.0,0.0,1004.5203415369,0.0,1991.0,0.0,0.0,0.0,0.0,0.0,0.0,0,8,8,502.2601707685,502.2601707685,35.0,87.0,52.3333333333,30.0222139979,901.3333333333,0,0,78.5,35.0,87.0,1,35,1,87,-1,-1,0,8,0
6,2134002,9,7,1138.0,1581.0,677.0,0.0,126.4444444444,218.2504931902,1173.0,0.0,225.8571428571,430.0986044197,7.4976499553,253752.573382081,953126.0,2134002.0,351878.668210568,1069815.0,2071000.0,382209.61012652,953126.0,0,192,152,4.2174280999,3.2802218555,0.0,1173.0,159.9411764706,311.9564213533,97316.8088235294,0,0,169.9375,126.4444444444,225.8571428571,9,1138,7,1581,8192,62862,5,20,0
6,200,3,0,77.0,0.0,46.0,0.0,25.666666666666664,23.45918441321721,0.0,0.0,0.0,0.0,15000.0,118.79393923933998,184.0,200.0,118.79393923933998,184.0,0.0,0.0,0.0,1,60,0,15000.0,0.0,0.0,46.0,30.75,21.68524844220144,470.25,1,1,41.0,25.666666666666668,0.0,3,77,0,0,254,-1,1,20,0
6,2340296,8,7,1148.0,1581.0,677.0,0.0,143.5,228.12966237897004,1173.0,0.0,225.8571428571429,430.0986044197418,6.409445642773393,249899.4021210566,953203.0,2340296.0,403581.5884956432,1230073.0,2123639.0,294495.07193596073,953203.0,0,172,152,3.418371009479143,2.99107463329425,0.0,1173.0,170.56250000000003,319.4332415909987,102037.59583333335,0,0,181.9333333333333,143.5,225.8571428571429,8,1148,7,1581,8192,62852,5,20,0
17,288,1,1,51.0,67.0,51.0,51.0,51.0,0.0,67.0,67.0,67.0,0.0,6944.4444444445,0.0,288.0,0.0,0.0,0.0,0.0,0.0,0.0,0,8,8,3472.2222222222,3472.2222222222,51.0,67.0,56.3333333333,9.237604307,85.3333333333,0,0,84.5,51.0,67.0,1,51,1,67,-1,-1,0,8,0
6,2083115,10,7,1052.0,1429.0,581.0,0.0,105.2,181.84291144953772,1149.0,0.0,204.1428571428571,420.4990798925441,8.160855257631,226794.89418641932,937499.0,2083115.0,341516.7855848296,1126670.0,1957642.0,304190.3804091554,937499.0,0,212,152,4.800503092724118,3.3603521649068826,0.0,1149.0,137.83333333333334,288.9071192085992,83467.32352941175,0,0,145.94117647058823,105.2,204.1428571428572,10,1052,7,1429,8192,62948,5,20,0
6,1001742,2,0,0.0,0.0,0.0,0.0,0.0,0.0,0.0,0.0,0.0,0.0,1.9965220585739645,0.0,1001742.0,1001742.0,0.0,1001742.0,0.0,0.0,0.0,0,80,0,1.9965220585739645,0.0,0.0,0.0,0.0,0.0,0.0,0,0,0.0,0.0,0.0,2,0,0,0,14600,-1,0,40,0
6,93,2,0,0.0,0.0,0.0,0.0,0.0,0.0,0.0,0.0,0.0,0.0,21505.376344086024,0.0,93.0,93.0,0.0,93.0,0.0,0.0,0.0,0,40,0,21505.376344086024,0.0,0.0,0.0,0.0,0.0,0.0,0,1,0.0,0.0,0.0,2,0,0,0,278,-1,0,20,0
6,1634,2,0,0.0,0.0,0.0,0.0,0.0,0.0,0.0,0.0,0.0,0.0,1223.990208,0.0,1634.0,1634.0,0.0,1634.0,0.0,0.0,0.0,0,40,0,1223.990208,0.0,0.0,0.0,0.0,0.0,0.0,0,1,0.0,0.0,0.0,2,0,0,0,32738,-1,0,20,1
6,90,3,0,0.0,0.0,0.0,0.0,0.0,0.0,0.0,0.0,0.0,0.0,33333.3333333333,31.1126983722,67.0,90.0,31.1126983722,67.0,0.0,0.0,0.0,0,60,0,33333.3333333333,0.0,0.0,0.0,0.0,0.0,0.0,0,0,0.0,0.0,0.0,3,0,0,0,0,-1,0,20,0
6,66940,2,0,1.0,0.0,1.0,0.0,0.5,0.7071067811865476,0.0,0.0,0.0,0.0,29.877502240812667,0.0,66940.0,66940.0,0.0,66940.0,0.0,0.0,0.0,0,52,0,29.877502240812667,0.0,0.0,1.0,0.6666666666666667,0.5773502691896257,0.3333333333333333,0,1,1.0,0.5,0.0,2,1,0,0,254,-1,0,20,0
6,3748,3,1,31.0,0.0,31.0,0.0,10.3333333333,17.8978583449,0.0,0.0,0.0,0.0,1067.2358591249,2141.4316083717,3722.0,3722.0,2631.8514395763,3722.0,0.0,0.0,0.0,0,60,20,800.4268943437,266.8089647812,0.0,31.0,6.2,13.8636214605,192.2,0,1,7.75,10.3333333333,0.0,3,31,1,0,980,0,1,20,0
6,66352,3,0,0.0,0.0,0.0,0.0,0.0,0.0,0.0,0.0,0.0,0.0,45.21340728,15047.2323,43816.0,66352.0,15047.2323,43816.0,0.0,0.0,0.0,0,96,0,45.21340728,0.0,0.0,0.0,0.0,0.0,0.0,0,1,0.0,0.0,0.0,3,0,0,0,225,-1,0,32,1
6,84,2,0,0.0,0.0,0.0,0.0,0.0,0.0,0.0,0.0,0.0,0.0,23809.52380952381,0.0,84.0,84.0,0.0,84.0,0.0,0.0,0.0,0,40,0,23809.52380952381,0.0,0.0,0.0,0.0,0.0,0.0,0,1,0.0,0.0,0.0,2,0,0,0,278,-1,0,20,0
17,682,1,1,27.0,43.0,27.0,27.0,27.0,0.0,43.0,43.0,43.0,0.0,2932.5513196481,0.0,682.0,0.0,0.0,0.0,0.0,0.0,0.0,0,8,8,1466.2756598241,1466.2756598241,27.0,43.0,32.3333333333,9.237604307,85.3333333333,0,0,48.5,27.0,43.0,1,27,1,43,-1,-1,0,8,0
6,28,1,1,0.0,0.0,0.0,0.0,0.0,0.0,0.0,0.0,0.0,0.0,71428.57142857143,0.0,28.0,0.0,0.0,0.0,0.0,0.0,0.0,0,20,20,35714.28571428572,35714.28571428572,0.0,0.0,0.0,0.0,0.0,0,1,0.0,0.0,0.0,1,0,1,0,124,256,0,20,0
6,51,1,1,0.0,0.0,0.0,0.0,0.0,0.0,0.0,0.0,0.0,0.0,39215.6862745098,0.0,51.0,0.0,0.0,0.0,0.0,0.0,0.0,0,20,20,19607.8431372549,19607.8431372549,0.0,0.0,0.0,0.0,0.0,0,1,0.0,0.0,0.0,1,0,1,0,290,256,0,20,0
6,1958523,8,7,1144.0,1581.0,677.0,0.0,143.0,227.96992282817865,1173.0,0.0,225.8571428571429,430.0986044197418,7.658832701990224,245859.60360609496,953195.0,1958523.0,395481.86998057616,1166619.0,1802011.0,320600.64274384524,953195.0,0,172,152,4.084710774394786,3.574121927595438,0.0,1173.0,170.3125,319.4027173230268,102018.09583333334,0,0,181.66666666666663,143.0,225.8571428571429,8,1144,7,1581,8192,62856,5,20,0
6,1,2,0,31.0,0.0,31.0,0.0,15.5,21.92031022,0.0,0.0,0.0,0.0,2000000.0,0.0,1.0,1.0,0.0,1.0,0.0,0.0,0.0,1,40,0,2000000.0,0.0,0.0,31.0,20.66666667,17.89785834,320.3333333,1,1,31.0,15.5,0.0,2,31,0,0,946,-1,0,20,0
17,283,1,1,44.0,60.0,44.0,44.0,44.0,0.0,60.0,60.0,60.0,0.0,7067.137809187279,0.0,283.0,0.0,0.0,0.0,0.0,0.0,0.0,0,8,8,3533.56890459364,3533.56890459364,44.0,60.0,49.333333333333336,9.237604307034012,85.33333333333333,0,0,74.0,44.0,60.0,1,44,1,60,-1,-1,0,8,0
17,277,1,1,35.0,67.0,35.0,35.0,35.0,0.0,67.0,67.0,67.0,0.0,7220.2166064982,0.0,277.0,0.0,0.0,0.0,0.0,0.0,0.0,0,8,8,3610.1083032491,3610.1083032491,35.0,67.0,45.6666666667,18.4752086141,341.3333333333,0,0,68.5,35.0,67.0,1,35,1,67,-1,-1,0,8,0
6,11978555,4,4,450.0,662.0,450.0,0.0,112.5,225.0,662.0,0.0,165.5,331.0,0.6678601885,2977292.46771063,6976555.0,6977428.0,4027928.8977784,6976861.0,11978552.0,3595688.57650747,6976555.0,0,136,136,0.3339300942,0.3339300942,0.0,662.0,123.5555555556,250.8361572377,62918.7777777778,0,0,139.0,112.5,165.5,4,450,4,662,26883,219,1,32,1
17,221,1,1,36.0,164.0,36.0,36.0,36.0,0.0,164.0,164.0,164.0,0.0,9049.7737556561,0.0,221.0,0.0,0.0,0.0,0.0,0.0,0.0,0,8,8,4524.8868778281,4524.8868778281,36.0,164.0,78.6666666667,73.9008344563,5461.3333333333,0,0,118.0,36.0,164.0,1,36,1,164,-1,-1,0,8,0
6,240,1,1,0.0,0.0,0.0,0.0,0.0,0.0,0.0,0.0,0.0,0.0,8333.333333,0.0,240.0,0.0,0.0,0.0,0.0,0.0,0.0,0,24,20,4166.666667,4166.666667,0.0,0.0,0.0,0.0,0.0,0,0,0.0,0.0,0.0,1,0,1,0,1024,0,0,24,1
6,896517,3,4,20.0,964.0,20.0,0.0,6.666666667,11.54700538,964.0,0.0,241.0,482.0,7.807994717,365854.0874,896216.0,269.0,188.7975106,268.0,896511.0,517345.404,896216.0,0,72,92,3.34628345,4.461711267,0.0,964.0,123.0,339.8873763,115523.4286,0,0,140.5714286,6.666666667,241.0,3,20,4,964,8192,211,1,20,1
6,6,1,1,0.0,0.0,0.0,0.0,0.0,0.0,0.0,0.0,0.0,0.0,333333.333333333,0.0,6.0,0.0,0.0,0.0,0.0,0.0,0.0,0,32,32,166666.666666667,166666.666666667,0.0,0.0,0.0,0.0,0.0,0,1,0.0,0.0,0.0,1,0,1,0,241,230,0,32,1
6,115070737,16,14,459.0,913.0,448.0,0.0,28.6875,111.81754111050736,913.0,0.0,65.2142857142857,244.00951386604345,0.2607092018538127,4877943.890445613,10010151.0,115070737.0,4178709.789210692,10030964.0,110351999.0,3762562.09313515,10031018.0,0,332,424,0.1390449076553668,0.1216642941984459,0.0,913.0,44.25806451612905,180.1445656025433,32452.06451612904,0,0,45.73333333333333,28.6875,65.21428571428571,16,459,14,913,8192,946,12,20,0
6,5923178,9,8,354.0,6594.0,197.0,0.0,39.333333333333336,72.21668782213706,1460.0,0.0,824.25,656.5750419520116,2.8700808923858103,1434919.044562532,5750778.0,5923178.0,2024697.8072282963,5750778.0,89904.0,17893.80503467744,47289.0,0,192,172,1.5194545900866054,1.3506263022992049,0.0,1460.0,386.00000000000006,585.4338763083425,342732.82352941175,0,0,408.7058823529412,39.333333333333336,824.25,9,354,8,6594,8192,946,3,20,0
6,10632,5,2,935.0,365.0,935.0,0.0,187.0,418.1447118,365.0,0.0,182.5,258.0939751,658.3897667,4044.791713,10023.0,10632.0,5166.71043,10407.0,10023.0,0.0,10023.0,0,124,40,470.2784048,188.1113619,0.0,935.0,162.5,337.2578496,113742.8571,0,0,185.7142857,187.0,182.5,5,935,2,365,65535,32768,1,20,0
6,113,2,0,0.0,0.0,0.0,0.0,0.0,0.0,0.0,0.0,0.0,0.0,17699.11504424779,0.0,113.0,113.0,0.0,113.0,0.0,0.0,0.0,0,40,0,17699.11504424779,0.0,0.0,0.0,0.0,0.0,0.0,0,1,0.0,0.0,0.0,2,0,0,0,258,-1,0,20,0
6,1376,2,0,0.0,0.0,0.0,0.0,0.0,0.0,0.0,0.0,0.0,0.0,1453.488372,0.0,1376.0,1376.0,0.0,1376.0,0.0,0.0,0.0,0,40,0,1453.488372,0.0,0.0,0.0,0.0,0.0,0.0,0,1,0.0,0.0,0.0,2,0,0,0,32738,-1,0,20,1
6,6,1,1,0.0,0.0,0.0,0.0,0.0,0.0,0.0,0.0,0.0,0.0,333333.333333333,0.0,6.0,0.0,0.0,0.0,0.0,0.0,0.0,0,32,32,166666.666666667,166666.666666667,0.0,0.0,0.0,0.0,0.0,0,1,0.0,0.0,0.0,1,0,1,0,241,230,0,32,1
6,200126,3,1,0.0,0.0,0.0,0.0,0.0,0.0,0.0,0.0,0.0,0.0,19.98740793300221,115415.49424723412,199979.0,200126.0,141408.62831524815,200054.0,0.0,0.0,0.0,0,72,32,14.990555949751656,4.9968519832505525,0.0,0.0,0.0,0.0,0.0,0,0,0.0,0.0,0.0,3,0,1,0,8192,8192,0,20,0
6,764,3,4,161.0,488.0,161.0,0.0,53.6666666667,92.9533933395,488.0,0.0,122.0,244.0,9162.3036649215,80.8546020129,253.0,432.0,130.1076477383,308.0,511.0,165.6089772124,353.0,0,72,92,3926.7015706806,5235.6020942408,0.0,488.0,81.125,173.7875858627,30202.125,0,0,92.7142857143,53.6666666667,122.0,3,161,4,488,8192,149,1,20,0
6,476,2,0,0.0,0.0,0.0,0.0,0.0,0.0,0.0,0.0,0.0,0.0,4201.680672,0.0,476.0,476.0,0.0,476.0,0.0,0.0,0.0,0,40,0,4201.680672,0.0,0.0,0.0,0.0,0.0,0.0,0,1,0.0,0.0,0.0,2,0,0,0,2052,-1,0,20,1
6,50,3,0,31.0,0.0,31.0,0.0,10.333333333333332,17.8978583448784,0.0,0.0,0.0,0.0,60000.0,35.35533905932738,50.0,50.0,35.35533905932738,50.0,0.0,0.0,0.0,0,60,0,60000.0,0.0,0.0,31.0,7.75,15.500000000000002,240.25000000000003,0,1,10.333333333333334,10.333333333333334,0.0,3,31,0,0,290,-1,1,20,0
6,1126880,6,5,455.0,338.0,140.0,0.0,75.83333333,62.93621109,145.0,0.0,67.6,69.7588704,9.761465285,145509.7184,299671.0,1126805.0,126312.1132,299737.0,1126814.0,12343.81882,299955.0,0,132,112,5.32443561,4.437029675,0.0,145.0,66.08333333,63.40269328,4019.901515,0,0,72.09090909,75.83333333,67.6,6,455,5,338,8192,0,4,20,0
17,284,1,1,42.0,58.0,42.0,42.0,42.0,0.0,58.0,58.0,58.0,0.0,7042.2535211267605,0.0,284.0,0.0,0.0,0.0,0.0,0.0,0.0,0,8,8,3521.12676056338,3521.12676056338,42.0,58.0,47.333333333333336,9.237604307034012,85.33333333333333,0,0,71.0,42.0,58.0,1,42,1,58,-1,-1,0,8,0
17,380,1,1,83.0,211.0,83.0,83.0,83.0,0.0,211.0,211.0,211.0,0.0,5263.1578947369,0.0,380.0,0.0,0.0,0.0,0.0,0.0,0.0,0,8,8,2631.5789473684,2631.5789473684,83.0,211.0,125.6666666667,73.9008344563,5461.3333333333,0,0,188.5,83.0,211.0,1,83,1,211,-1,-1,0,8,0
6,19124785,12,7,1148.0,1581.0,677.0,0.0,95.66666666666666,195.21891363908424,1173.0,0.0,225.8571428571429,430.0986044197418,0.9934752207671876,3486430.983592979,14874056.0,19124785.0,4406097.523239466,14874056.0,18870301.0,5880740.793131676,15027555.0,0,252,152,0.6274580341687501,0.3660171865984375,0.0,1173.0,136.45,292.3279475988713,85455.62894736842,0,0,143.6315789473684,95.66666666666669,225.8571428571429,12,1148,7,1581,8192,62852,5,20,0
6,455,2,0,0.0,0.0,0.0,0.0,0.0,0.0,0.0,0.0,0.0,0.0,4395.604396,0.0,455.0,455.0,0.0,455.0,0.0,0.0,0.0,0,40,0,4395.604396,0.0,0.0,0.0,0.0,0.0,0.0,0,1,0.0,0.0,0.0,2,0,0,0,2052,-1,0,20,1
6,292,1,1,0.0,0.0,0.0,0.0,0.0,0.0,0.0,0.0,0.0,0.0,6849.3150684932,0.0,292.0,0.0,0.0,0.0,0.0,0.0,0.0,0,24,20,3424.6575342466,3424.6575342466,0.0,0.0,0.0,0.0,0.0,0,0,0.0,0.0,0.0,1,0,1,0,1024,0,0,24,0
6,89735682,2,0,0.0,0.0,0.0,0.0,0.0,0.0,0.0,0.0,0.0,0.0,0.022287678,0.0,89700000.0,89700000.0,0.0,89700000.0,0.0,0.0,0.0,0,40,0,0.022287678,0.0,0.0,0.0,0.0,0.0,0.0,0,1,0.0,0.0,0.0,2,0,0,0,2049,-1,0,20,1
17,60012944,3,0,633.0,0.0,216.0,201.0,211.0,8.6602540378,0.0,0.0,0.0,0.0,0.0499892157,42418582.0275522,60000939.0,60012944.0,42418582.0275522,60000939.0,0.0,0.0,0.0,0,24,0,0.0499892157,0.0,201.0,216.0,212.25,7.5,56.25,0,0,283.0,211.0,0.0,3,633,0,0,-1,-1,2,8,0
6,115905063,16,14,445.0,706.0,434.0,0.0,27.812500000000004,108.3175693658851,706.0,0.0,50.428571428571416,188.68643679017163,0.2588325239942279,4841933.479532097,10012600.0,115905063.0,4177557.686922403,10109014.0,111389449.0,3759023.167250942,10109335.0,0,332,424,0.1380440127969215,0.1207885111973063,0.0,706.0,37.12903225806451,146.5227495272739,21468.916129032248,0,0,38.36666666666667,27.8125,50.42857142857143,16,445,14,706,8192,172,12,20,0
17,484,1,1,43.0,59.0,43.0,43.0,43.0,0.0,59.0,59.0,59.0,0.0,4132.231404958678,0.0,484.0,0.0,0.0,0.0,0.0,0.0,0.0,0,8,8,2066.115702479339,2066.115702479339,43.0,59.0,48.333333333333336,9.237604307034012,85.33333333333333,0,0,72.5,43.0,59.0,1,43,1,59,-1,-1,0,8,0
17,939,1,1,35.0,51.0,35.0,35.0,35.0,0.0,51.0,51.0,51.0,0.0,2129.9254526091586,0.0,939.0,0.0,0.0,0.0,0.0,0.0,0.0,0,8,8,1064.9627263045793,1064.9627263045793,35.0,51.0,40.333333333333336,9.237604307034012,85.33333333333333,0,0,60.5,35.0,51.0,1,35,1,51,-1,-1,0,8,0
6,2189888,11,7,1144.0,1581.0,677.0,0.0,104.0,202.0910685805,1173.0,0.0,225.8571428571,430.0986044197,8.2195984452,222777.515901086,954569.0,2189888.0,335858.599884866,1163959.0,1963598.0,321631.10642826,954569.0,0,232,152,5.0230879387,3.1965105065,0.0,1173.0,143.4210526316,298.4730242398,89086.1461988304,0,0,151.3888888889,104.0,225.8571428571,11,1144,7,1581,8192,62856,5,20,0
6,388887,22,22,1944.0,2665.0,640.0,0.0,88.3636363636,137.8690011274,976.0,0.0,121.1363636364,258.6415602914,113.1434066965,23678.7254475297,122855.0,387685.0,34329.1647154705,122855.0,388879.0,41716.4206535942,160905.0,0,712,712,56.5717033483,56.5717033483,0.0,976.0,102.4222222222,203.7441007388,41511.6585858586,0,0,104.75,88.3636363636,121.1363636364,22,1944,22,2665,26883,230,16,32,1
6,10933,3,4,326.0,129.0,326.0,0.0,108.6666667,188.2161878,112.0,0.0,32.25,53.7672453,640.2634227,3999.551946,9974.0,619.0,375.4737008,575.0,10380.0,5644.904871,9974.0,0,72,92,274.3986097,365.864813,0.0,326.0,56.875,115.4066568,13318.69643,0,0,65.0,108.6666667,32.25,3,326,4,129,8192,219,1,20,1
17,12732,1,1,44.0,100.0,44.0,44.0,44.0,0.0,100.0,100.0,100.0,0.0,157.08451146716934,0.0,12732.0,0.0,0.0,0.0,0.0,0.0,0.0,0,8,8,78.54225573358467,78.54225573358467,44.0,100.0,62.66666666666667,32.331615074619044,1045.3333333333337,0,0,94.0,44.0,100.0,1,44,1,100,-1,-1,0,8,0
6,48,1,1,0.0,0.0,0.0,0.0,0.0,0.0,0.0,0.0,0.0,0.0,41666.6666666667,0.0,48.0,0.0,0.0,0.0,0.0,0.0,0.0,0,20,20,20833.3333333333,20833.3333333333,0.0,0.0,0.0,0.0,0.0,0,1,0.0,0.0,0.0,1,0,1,0,66,255,0,20,0
6,1507604,3,4,20.0,964.0,20.0,0.0,6.666666667,11.54700538,964.0,0.0,241.0,482.0,4.643129098,615282.7721,1507208.0,364.0,255.9726548,363.0,1507600.0,870073.8001,1507208.0,0,72,92,1.98991247,2.653216627,0.0,964.0,123.0,339.8873763,115523.4286,0,0,140.5714286,6.666666667,241.0,3,20,4,964,8192,211,1,20,1
6,85,2,0,0.0,0.0,0.0,0.0,0.0,0.0,0.0,0.0,0.0,0.0,23529.41176470588,0.0,85.0,85.0,0.0,85.0,0.0,0.0,0.0,0,40,0,23529.41176470588,0.0,0.0,0.0,0.0,0.0,0.0,0,1,0.0,0.0,0.0,2,0,0,0,278,-1,0,20,0
17,30167,1,1,51.0,79.0,51.0,51.0,51.0,0.0,79.0,79.0,79.0,0.0,66.29760997116054,0.0,30167.0,0.0,0.0,0.0,0.0,0.0,0.0,0,8,8,33.14880498558027,33.14880498558027,51.0,79.0,60.333333333333336,16.165807537309522,261.33333333333337,0,0,90.5,51.0,79.0,1,51,1,79,-1,-1,0,8,0
6,37,1,1,0.0,0.0,0.0,0.0,0.0,0.0,0.0,0.0,0.0,0.0,54054.05405405405,0.0,37.0,0.0,0.0,0.0,0.0,0.0,0.0,0,20,20,27027.027027027027,27027.027027027027,0.0,0.0,0.0,0.0,0.0,0,1,0.0,0.0,0.0,1,0,1,0,946,0,0,20,0
6,147,2,0,0.0,0.0,0.0,0.0,0.0,0.0,0.0,0.0,0.0,0.0,13605.442176870749,0.0,147.0,147.0,0.0,147.0,0.0,0.0,0.0,0,40,0,13605.442176870749,0.0,0.0,0.0,0.0,0.0,0.0,0,1,0.0,0.0,0.0,2,0,0,0,255,-1,0,20,0
6,260,1,1,0.0,0.0,0.0,0.0,0.0,0.0,0.0,0.0,0.0,0.0,7692.3076923077,0.0,260.0,0.0,0.0,0.0,0.0,0.0,0.0,0,24,20,3846.1538461539,3846.1538461539,0.0,0.0,0.0,0.0,0.0,0,0,0.0,0.0,0.0,1,0,1,0,1024,0,0,24,0
17,341,1,1,46.0,62.0,46.0,46.0,46.0,0.0,62.0,62.0,62.0,0.0,5865.102639296188,0.0,341.0,0.0,0.0,0.0,0.0,0.0,0.0,0,8,8,2932.551319648094,2932.551319648094,46.0,62.0,51.333333333333336,9.237604307034012,85.33333333333333,0,0,77.0,46.0,62.0,1,46,1,62,-1,-1,0,8,0
6,62746762,22,38,2384.0,32992.0,484.0,0.0,108.3636363636,145.0942371782,1460.0,0.0,868.2105263158,682.3369682676,0.9562246415,7651543.86069762,58813020.0,62746762.0,12796379.7609831,58813020.0,62684779.0,9662536.02392651,58851622.0,0,452,772,0.3506157019,0.6056089396,0.0,1460.0,579.9344262295,658.9799913212,434254.628961749,0,0,589.6,108.3636363636,868.2105263158,22,2384,38,32992,8192,296,11,20,0
6,2206,2,0,0.0,0.0,0.0,0.0,0.0,0.0,0.0,0.0,0.0,0.0,906.6183137,0.0,2206.0,2206.0,0.0,2206.0,0.0,0.0,0.0,0,40,0,906.6183137,0.0,0.0,0.0,0.0,0.0,0.0,0,1,0.0,0.0,0.0,2,0,0,0,32738,-1,0,20,1
17,40779,1,1,44.0,72.0,44.0,44.0,44.0,0.0,72.0,72.0,72.0,0.0,49.0448515167,0.0,40779.0,0.0,0.0,0.0,0.0,0.0,0.0,0,8,8,24.5224257584,24.5224257584,44.0,72.0,53.3333333333,16.1658075373,261.3333333333,0,0,80.0,44.0,72.0,1,44,1,72,-1,-1,0,8,0
6,1025726,3,4,20.0,964.0,20.0,0.0,6.666666667,11.54700538,964.0,0.0,241.0,482.0,6.824434596,418502.0593,1025218.0,481.0,338.7041482,480.0,1025720.0,591765.0173,1025218.0,0,72,92,2.924757684,3.899676912,0.0,964.0,123.0,339.8873763,115523.4286,0,0,140.5714286,6.666666667,241.0,3,20,4,964,8192,211,1,20,1
17,1286,1,1,37.0,157.0,37.0,37.0,37.0,0.0,157.0,157.0,157.0,0.0,1555.2099533437013,0.0,1286.0,0.0,0.0,0.0,0.0,0.0,0.0,0,8,8,777.6049766718506,777.6049766718506,37.0,157.0,77.0,69.2820323027551,4800.0,0,0,115.5,37.0,157.0,1,37,1,157,-1,-1,0,8,0
6,730871,6,5,455.0,338.0,140.0,0.0,75.8333333333,62.9362110924,145.0,0.0,67.6,69.7588704037,15.0505355938,94265.7436405188,187791.0,730786.0,81812.2115102629,187915.0,730800.0,4837.9069165636,187901.0,0,132,104,8.2093830512,6.8411525427,0.0,145.0,66.0833333333,63.40269328,4019.9015151515,0,0,72.0909090909,75.8333333333,67.6,6,455,5,338,8192,0,4,20,0
6,25665,2,0,0.0,0.0,0.0,0.0,0.0,0.0,0.0,0.0,0.0,0.0,77.92713813,0.0,25665.0,25665.0,0.0,25665.0,0.0,0.0,0.0,0,40,0,77.92713813,0.0,0.0,0.0,0.0,0.0,0.0,0,1,0.0,0.0,0.0,2,0,0,0,32738,-1,0,20,1
6,6171,2,0,0.0,0.0,0.0,0.0,0.0,0.0,0.0,0.0,0.0,0.0,324.0965808,0.0,6171.0,6171.0,0.0,6171.0,0.0,0.0,0.0,0,40,0,324.0965808,0.0,0.0,0.0,0.0,0.0,0.0,0,1,0.0,0.0,0.0,2,0,0,0,32738,-1,0,20,1
6,71,2,0,0.0,0.0,0.0,0.0,0.0,0.0,0.0,0.0,0.0,0.0,28169.014084507,0.0,71.0,71.0,0.0,71.0,0.0,0.0,0.0,0,40,0,28169.014084507,0.0,0.0,0.0,0.0,0.0,0.0,0,1,0.0,0.0,0.0,2,0,0,0,278,-1,0,20,0
6,109130,2,1,74.0,126.0,74.0,0.0,37.0,52.32590180780452,126.0,126.0,126.0,0.0,27.49014936314488,24209.921974265013,71684.0,109130.0,0.0,109130.0,0.0,0.0,0.0,1,40,20,18.326766242096586,9.163383121048293,0.0,126.0,68.5,51.829849829353485,2686.333333333333,1,1,91.33333333333331,37.0,126.0,2,74,1,126,254,7896,0,20,0
17,1057,1,1,51.0,128.0,51.0,51.0,51.0,0.0,128.0,128.0,128.0,0.0,1892.1475875118,0.0,1057.0,0.0,0.0,0.0,0.0,0.0,0.0,0,8,8,946.0737937559,946.0737937559,51.0,128.0,76.6666666667,44.4559707276,1976.3333333333,0,0,115.0,51.0,128.0,1,51,1,128,-1,-1,0,8,0
6,3404175,10,7,1138.0,1581.0,677.0,0.0,113.8,209.617535314,1173.0,0.0,225.8571428571,430.0986044197,4.9938678241,361657.053255607,1204164.0,3404175.0,465506.774674655,1204164.0,3298875.0,591450.708872599,1563297.0,0,212,152,2.9375693083,2.0562985158,0.0,1173.0,151.0555555556,304.9810933816,93013.4673202615,0,0,159.9411764706,113.8,225.8571428571,10,1138,7,1581,8192,62862,5,20,0
6,20830048,13,13,1995.0,5389.0,855.0,0.0,153.46153846153842,306.2802679966546,1460.0,0.0,414.5384615384616,579.6509891570696,1.2481968356481945,2750923.2092559384,10031093.0,20830048.0,3847539.8373944056,10031093.0,20818139.0,3891110.991722695,10096461.0,0,272,264,0.6240984178240971,0.6240984178240971,0.0,1460.0,273.4814814814815,467.3308307966696,218398.10541310537,0,0,284.0,153.46153846153845,414.5384615384616,13,1995,13,5389,8192,33345,6,20,0
6,3969666,8,12,1128.0,1619.0,661.0,0.0,141.00000000000003,222.62332055996032,1173.0,0.0,134.91666666666669,337.0029561060888,5.038207244639725,242354.803651492,954587.0,3969666.0,607892.1893796708,1638683.0,3807390.0,255090.082295362,954587.0,0,172,252,2.01528289785589,3.022924346783835,0.0,1173.0,130.8095238095238,284.10853895080646,80717.6619047619,0,0,137.35,141.0,134.91666666666666,8,1128,12,1619,8192,62872,5,20,0
6,1834206,10,8,1456.0,1731.0,741.0,0.0,145.6,219.55115830054527,1179.0,0.0,216.375,405.4647906151303,9.81351058714234,225343.9391072893,951664.0,1834206.0,361928.3994310892,1158702.0,1797524.0,307291.39928002574,951664.0,0,212,172,5.451950326190188,4.36156026095215,0.0,1179.0,167.73684210526318,301.53290627600074,90922.09356725146,0,0,177.05555555555554,145.6,216.375,10,1456,8,1731,8192,62544,7,20,0
6,18,1,1,0.0,0.0,0.0,0.0,0.0,0.0,0.0,0.0,0.0,0.0,111111.1111,0.0,18.0,0.0,0.0,0.0,0.0,0.0,0.0,0,20,20,55555.55556,55555.55556,0.0,0.0,0.0,0.0,0.0,0,1,0.0,0.0,0.0,1,0,1,0,180,255,0,20,0
6,54152632,2,0,0.0,0.0,0.0,0.0,0.0,0.0,0.0,0.0,0.0,0.0,0.0369326462285341,0.0,54152632.0,54152632.0,0.0,54152632.0,0.0,0.0,0.0,0,40,0,0.0369326462285341,0.0,0.0,0.0,0.0,0.0,0.0,0,1,0.0,0.0,0.0,2,0,0,0,2239,-1,0,20,0
17,1544,1,1,37.0,53.0,37.0,37.0,37.0,0.0,53.0,53.0,53.0,0.0,1295.3367875647668,0.0,1544.0,0.0,0.0,0.0,0.0,0.0,0.0,0,8,8,647.6683937823834,647.6683937823834,37.0,53.0,42.333333333333336,9.237604307034012,85.33333333333333,0,0,63.5,37.0,53.0,1,37,1,53,-1,-1,0,8,0
6,9976938,10,15,1923.0,1970.0,661.0,0.0,192.3,256.2681104711,1173.0,0.0,131.3333333333,304.6029421738,2.5057788271,855268.942597755,4148637.0,9976938.0,1519806.7340519,4849915.0,9773962.0,1051490.42029177,4148637.0,0,212,336,1.0023115309,1.5034672963,0.0,1173.0,149.7307692308,278.2544961279,77425.5646153846,0,0,155.72,192.3,131.3333333333,10,1923,15,1970,8192,62872,7,20,0
17,1613,1,1,41.0,127.0,41.0,41.0,41.0,0.0,127.0,127.0,127.0,0.0,1239.925604463732,0.0,1613.0,0.0,0.0,0.0,0.0,0.0,0.0,0,8,8,619.962802231866,619.962802231866,41.0,127.0,69.66666666666667,49.652123150307816,2465.333333333333,0,0,104.5,41.0,127.0,1,41,1,127,-1,-1,0,8,0
6,3027738,3,0,0.0,0.0,0.0,0.0,0.0,0.0,0.0,0.0,0.0,0.0,0.9908387053,710192.595179646,2016051.0,3027738.0,710192.595179646,2016051.0,0.0,0.0,0.0,0,120,0,0.9908387053,0.0,0.0,0.0,0.0,0.0,0.0,0,0,0.0,0.0,0.0,3,0,0,0,26883,-1,0,40,1
6,87884821,2,0,0.0,0.0,0.0,0.0,0.0,0.0,0.0,0.0,0.0,0.0,0.0227570584,0.0,87884821.0,87884821.0,0.0,87884821.0,0.0,0.0,0.0,0,40,0,0.0227570584,0.0,0.0,0.0,0.0,0.0,0.0,0,1,0.0,0.0,0.0,2,0,0,0,63330,-1,0,20,0
6,118539317,20,19,1164.0,3918.0,310.0,0.0,58.2,87.1402982491,1430.0,0.0,206.2105263158,391.0956943067,0.3290047639,13260559.0478507,58921755.0,118539317.0,18490825.9243549,58921755.0,118395488.0,18981764.2279687,59065786.0,0,412,392,0.1687203917,0.1602843721,0.0,1430.0,127.05,283.1820063457,80192.0487179487,0,0,130.3076923077,58.2,206.2105263158,20,1164,19,3918,8192,184,10,20,0
17,2100,1,1,29.0,99.0,29.0,29.0,29.0,0.0,99.0,99.0,99.0,0.0,952.3809523809524,0.0,2100.0,0.0,0.0,0.0,0.0,0.0,0.0,0,8,8,476.1904761904762,476.1904761904762,29.0,99.0,52.33333333333333,40.41451884327381,1633.3333333333333,0,0,78.5,29.0,99.0,1,29,1,99,-1,-1,0,8,0
6,5803621,3,1,0.0,0.0,0.0,0.0,0.0,0.0,0.0,0.0,0.0,0.0,0.6892248822,3322853.26219716,5771396.0,5803621.0,4058206.73248918,5771396.0,0.0,0.0,0.0,0,72,32,0.5169186616,0.1723062205,0.0,0.0,0.0,0.0,0.0,0,0,0.0,0.0,0.0,3,0,1,0,8192,29200,0,20,0
6,601148,5,4,286.0,170.0,103.0,0.0,57.2,52.48523601928451,131.0,0.0,42.5,61.7980582219215,14.971354807801074,102799.77120041242,206100.0,601075.0,98343.8189766732,206403.0,601109.0,5965.702752679967,206229.0,0,108,88,8.317419337667262,6.653935470133811,0.0,131.0,45.6,52.98469380658699,2807.3777777777777,0,0,50.66666666666666,57.2,42.5,5,286,4,170,8192,0,3,20,0
6,2531160,10,7,1144.0,1581.0,677.0,0.0,114.4,209.89690591123804,1173.0,0.0,225.8571428571429,430.0986044197418,6.716288184073706,258907.8044620002,953295.0,2531160.0,354356.30646850355,1109622.0,2426387.0,368196.9386203077,953295.0,0,212,152,3.9507577553374738,2.765530428736232,0.0,1173.0,151.38888888888889,305.0398506056485,93049.31045751636,0,0,160.2941176470588,114.4,225.8571428571429,10,1144,7,1581,8192,62856,5,20,0
6,15,1,1,0.0,0.0,0.0,0.0,0.0,0.0,0.0,0.0,0.0,0.0,133333.33333333334,0.0,15.0,0.0,0.0,0.0,0.0,0.0,0.0,0,20,20,66666.66666666667,66666.66666666667,0.0,0.0,0.0,0.0,0.0,0,1,0.0,0.0,0.0,1,0,1,0,123,255,0,20,0
6,10,1,1,0.0,0.0,0.0,0.0,0.0,0.0,0.0,0.0,0.0,0.0,200000.0,0.0,10.0,0.0,0.0,0.0,0.0,0.0,0.0,0,20,20,100000.0,100000.0,0.0,0.0,0.0,0.0,0.0,0,1,0.0,0.0,0.0,1,0,1,0,63717,4858,0,20,0
6,364938,2,0,1.0,0.0,1.0,0.0,0.5,0.7071067812,0.0,0.0,0.0,0.0,5.4803829692,0.0,364938.0,364938.0,0.0,364938.0,0.0,0.0,0.0,0,52,0,5.4803829692,0.0,0.0,1.0,0.6666666667,0.5773502692,0.3333333333,0,1,1.0,0.5,0.0,2,1,0,0,251,-1,0,20,0
6,189655,3,4,148.0,243.0,148.0,0.0,49.333333333333336,85.44783984006462,243.0,0.0,60.75,121.5,36.90912446284042,76995.85408946814,188776.0,189030.0,133305.18460285032,188776.0,189422.0,109014.88577865562,189020.0,0,72,92,15.818196198360182,21.09092826448024,0.0,243.0,48.875,93.99306585366512,8834.69642857143,0,0,55.85714285714285,49.333333333333336,60.75,3,148,4,243,8192,149,1,20,0
6,88,3,1,31.0,0.0,31.0,0.0,10.333333333333332,17.8978583448784,0.0,0.0,0.0,0.0,45454.545454545456,24.00694344004112,50.0,88.0,57.982756057296896,85.0,0.0,0.0,0.0,0,60,20,34090.90909090909,11363.636363636364,0.0,31.0,6.2,13.863621460498695,192.2,0,1,7.75,10.333333333333334,0.0,3,31,1,0,946,0,1,20,0
6,1204,2,1,38.0,0.0,38.0,0.0,19.0,26.8700576851,0.0,0.0,0.0,0.0,2491.6943521595,777.8174593052,1152.0,1204.0,0.0,1204.0,0.0,0.0,0.0,1,40,20,1661.1295681063,830.5647840532,0.0,38.0,19.0,21.9393102292,481.3333333333,1,1,25.3333333333,19.0,0.0,2,38,1,0,176,0,0,20,0
6,286987,3,1,0.0,0.0,0.0,0.0,0.0,0.0,0.0,0.0,0.0,0.0,13.937913564,165008.211920902,286197.0,286987.0,201891.006844039,286252.0,0.0,0.0,0.0,0,72,32,10.453435173,3.484478391,0.0,0.0,0.0,0.0,0.0,0,0,0.0,0.0,0.0,3,0,1,0,8192,8192,0,20,0
6,2,1,1,0.0,0.0,0.0,0.0,0.0,0.0,0.0,0.0,0.0,0.0,1000000.0,0.0,2.0,0.0,0.0,0.0,0.0,0.0,0.0,0,40,20,500000.0,500000.0,0.0,0.0,0.0,0.0,0.0,0,0,0.0,0.0,0.0,1,0,1,0,26883,0,0,40,1
0,112638326,3,0,0.0,0.0,0.0,0.0,0.0,0.0,0.0,0.0,0.0,0.0,0.026633919,46.66904756,56300000.0,113000000.0,46.66904756,56300000.0,0.0,0.0,0.0,0,0,0,0.026633919,0.0,0.0,0.0,0.0,0.0,0.0,0,0,0.0,0.0,0.0,3,0,0,0,-1,-1,0,0,0
6,16331119,2,0,0.0,0.0,0.0,0.0,0.0,0.0,0.0,0.0,0.0,0.0,0.122465582,0.0,16300000.0,16300000.0,0.0,16300000.0,0.0,0.0,0.0,0,40,0,0.122465582,0.0,0.0,0.0,0.0,0.0,0.0,0,1,0.0,0.0,0.0,2,0,0,0,252,-1,0,20,1
6,112818524,16,24,1789.0,3516.0,270.0,0.0,111.8125,116.18675699063124,1053.0,0.0,146.5,237.2947167736687,0.354551704647368,6187770.421751366,17016893.0,112818524.0,8162905.252640302,17016893.0,112797664.0,7485770.748731933,17037725.0,1,320,480,0.1418206818589472,0.2127310227884208,0.0,1053.0,135.97560975609755,195.4197389985052,38188.874390243895,1,1,139.375,111.8125,146.5,16,1789,24,3516,256,2088,7,20,0
6,61124180,17,14,5894.0,3264.0,1460.0,0.0,346.7058823529,601.7174133995,1460.0,0.0,233.1428571429,522.5606857865,0.5071642679,4036101.46002933,10133513.0,61124180.0,4968932.46446783,10203012.0,61054676.0,5142717.16866652,10203017.0,0,352,284,0.2781223405,0.2290419274,0.0,1460.0,286.1875,554.3518410808,307305.963709677,0,0,295.4193548387,346.7058823529,233.1428571429,17,5894,14,3264,8192,54020,11,20,0
17,24824,1,1,43.0,99.0,43.0,43.0,43.0,0.0,99.0,99.0,99.0,0.0,80.56719303899453,0.0,24824.0,0.0,0.0,0.0,0.0,0.0,0.0,0,8,8,40.28359651949727,40.28359651949727,43.0,99.0,61.66666666666667,32.331615074619044,1045.3333333333337,0,0,92.5,43.0,99.0,1,43,1,99,-1,-1,0,8,0
17,482,1,1,65.0,193.0,65.0,65.0,65.0,0.0,193.0,193.0,193.0,0.0,4149.377593360996,0.0,482.0,0.0,0.0,0.0,0.0,0.0,0.0,0,8,8,2074.688796680498,2074.688796680498,65.0,193.0,107.66666666666666,73.9008344562721,5461.333333333333,0,0,161.5,65.0,193.0,1,65,1,193,-1,-1,0,8,0
6,65656849,12,11,793.0,912.0,434.0,0.0,66.0833333333,153.9087441153,518.0,0.0,82.9090909091,186.5333506617,0.3503061805,4498060.99427339,10011354.0,61053566.0,5177435.08074365,10077867.0,65590387.0,4713123.61467993,10077927.0,0,252,304,0.182768442,0.1675377385,0.0,518.0,71.0416666667,163.5748676259,26756.7373188406,0,0,74.1304347826,66.0833333333,82.9090909091,12,793,11,912,8192,10,8,20,0
6,61118997,18,17,1296.0,8034.0,506.0,0.0,72.0,159.42543896202793,1460.0,0.0,472.5882352941176,609.5474816229997,0.572653376494382,3853607.578446046,10003834.0,61118997.0,4882126.832084672,10015401.0,61107274.0,4959907.969376192,10022628.0,0,372,344,0.2945074507685393,0.2781459257258427,0.0,1460.0,259.1666666666667,473.5552766045376,224254.60000000003,0,0,266.57142857142856,72.0,472.5882352941176,18,1296,17,8034,8192,32160,10,20,0
6,481,2,0,0.0,0.0,0.0,0.0,0.0,0.0,0.0,0.0,0.0,0.0,4158.004158004158,0.0,481.0,481.0,0.0,481.0,0.0,0.0,0.0,0,40,0,4158.004158004158,0.0,0.0,0.0,0.0,0.0,0.0,0,1,0.0,0.0,0.0,2,0,0,0,510,-1,0,20,0
6,311401,2,0,0.0,0.0,0.0,0.0,0.0,0.0,0.0,0.0,0.0,0.0,6.422586953799121,0.0,311401.0,311401.0,0.0,311401.0,0.0,0.0,0.0,0,40,0,6.422586953799121,0.0,0.0,0.0,0.0,0.0,0.0,0,1,0.0,0.0,0.0,2,0,0,0,180,-1,0,20,0
6,4212736,10,9,1148.0,1581.0,677.0,0.0,114.8,210.0924664152536,1173.0,0.0,175.66666666666666,385.561279176216,4.510133082158483,326770.1147707376,1107200.0,4212736.0,493099.3221313983,1386166.0,4098293.0,462922.7351358933,1366894.0,0,212,192,2.373754253767623,2.1363788283908605,0.0,1173.0,136.45,292.3279475988713,85455.62894736843,0,0,143.6315789473684,114.8,175.66666666666666,10,1148,9,1581,8192,62852,5,20,0
6,4248793,14,9,1438.0,1731.0,725.0,0.0,102.7142857143,191.221751487,1179.0,0.0,192.3333333333,386.0744746807,5.4133020837,235516.135165478,953221.0,4248793.0,336540.853153114,1320767.0,4145266.0,340622.178856679,953221.0,0,292,192,3.2950534422,2.1182486414,0.0,1179.0,132.0416666667,274.2559070216,75216.3025362319,0,0,137.7826086957,102.7142857143,192.3333333333,14,1438,9,1731,8192,62562,7,20,0
6,51,1,1,0.0,0.0,0.0,0.0,0.0,0.0,0.0,0.0,0.0,0.0,39215.68627450981,0.0,51.0,0.0,0.0,0.0,0.0,0.0,0.0,0,20,20,19607.843137254906,19607.843137254906,0.0,0.0,0.0,0.0,0.0,0,1,0.0,0.0,0.0,1,0,1,0,176,258,0,20,0
6,330,3,0,77.0,0.0,46.0,0.0,25.6666666667,23.4591844132,0.0,0.0,0.0,0.0,9090.9090909091,205.0609665441,310.0,330.0,205.0609665441,310.0,0.0,0.0,0.0,1,60,0,9090.9090909091,0.0,0.0,46.0,30.75,21.6852484422,470.25,1,1,41.0,25.6666666667,0.0,3,77,0,0,251,-1,1,20,0
6,26604113,2,0,0.0,0.0,0.0,0.0,0.0,0.0,0.0,0.0,0.0,0.0,0.075176346,0.0,26600000.0,26600000.0,0.0,26600000.0,0.0,0.0,0.0,0,40,0,0.075176346,0.0,0.0,0.0,0.0,0.0,0.0,0,1,0.0,0.0,0.0,2,0,0,0,2049,-1,0,20,1
17,162664,2,2,108.0,140.0,54.0,54.0,54.0,0.0,70.0,70.0,70.0,0.0,24.5905670585,26825.6869685258,85102.0,121784.0,0.0,121784.0,125982.0,0.0,125982.0,0,16,16,12.2952835292,12.2952835292,54.0,70.0,60.4,8.7635609201,76.8,0,0,75.5,54.0,70.0,2,108,2,140,-1,-1,1,8,0
17,1024,1,1,38.0,86.0,38.0,38.0,38.0,0.0,86.0,86.0,86.0,0.0,1953.125,0.0,1024.0,0.0,0.0,0.0,0.0,0.0,0.0,0,8,8,976.5625,976.5625,38.0,86.0,54.0,27.7128129211,768.0,0,0,81.0,38.0,86.0,1,38,1,86,-1,-1,0,8,0
6,258,3,0,77.0,0.0,46.0,0.0,25.666666666666664,23.45918441321721,0.0,0.0,0.0,0.0,11627.906976744189,158.39191898578665,241.0,258.0,158.39191898578665,241.0,0.0,0.0,0.0,1,60,0,11627.906976744189,0.0,0.0,46.0,30.75,21.68524844220144,470.25,1,1,41.0,25.666666666666668,0.0,3,77,0,0,257,-1,1,20,0
6,240,3,0,77.0,0.0,46.0,0.0,25.6666666667,23.4591844132,0.0,0.0,0.0,0.0,12500.0,137.1787155502,217.0,240.0,137.1787155502,217.0,0.0,0.0,0.0,1,60,0,12500.0,0.0,0.0,46.0,30.75,21.6852484422,470.25,1,1,41.0,25.6666666667,0.0,3,77,0,0,252,-1,1,20,0
17,958,1,1,51.0,112.0,51.0,51.0,51.0,0.0,112.0,112.0,112.0,0.0,2087.6826722338205,0.0,958.0,0.0,0.0,0.0,0.0,0.0,0.0,0,8,8,1043.8413361169105,1043.8413361169105,51.0,112.0,71.33333333333333,35.21836642056717,1240.3333333333333,0,0,107.0,51.0,112.0,1,51,1,112,-1,-1,0,8,0
6,2,1,1,0.0,0.0,0.0,0.0,0.0,0.0,0.0,0.0,0.0,0.0,1000000.0,0.0,2.0,0.0,0.0,0.0,0.0,0.0,0.0,0,40,20,500000.0,500000.0,0.0,0.0,0.0,0.0,0.0,0,0,0.0,0.0,0.0,1,0,1,0,26883,0,0,40,1
6,43579,2,0,0.0,0.0,0.0,0.0,0.0,0.0,0.0,0.0,0.0,0.0,45.89366438,0.0,43579.0,43579.0,0.0,43579.0,0.0,0.0,0.0,0,64,0,45.89366438,0.0,0.0,0.0,0.0,0.0,0.0,0,1,0.0,0.0,0.0,2,0,0,0,225,-1,0,32,1
6,55295975,7,6,6.0,0.0,1.0,0.0,0.8571428571,0.377964473,0.0,0.0,0.0,0.0,0.2350984859,4960398.37156829,10011145.0,55295975.0,2072880.1234423,10062283.0,50311245.0,66.3739406695,10062360.0,0,140,192,0.1265914924,0.1085069935,0.0,1.0,0.5,0.5188745217,0.2692307692,0,1,0.5384615385,0.8571428571,0.0,7,6,6,0,253,980,5,20,0
6,2522,2,0,0.0,0.0,0.0,0.0,0.0,0.0,0.0,0.0,0.0,0.0,793.0214116,0.0,2522.0,2522.0,0.0,2522.0,0.0,0.0,0.0,0,64,0,793.0214116,0.0,0.0,0.0,0.0,0.0,0.0,0,1,0.0,0.0,0.0,2,0,0,0,225,-1,0,32,1
6,2178341,8,7,1144.0,1581.0,677.0,0.0,143.0,227.9699228,1173.0,0.0,225.8571429,430.0986044,6.885974235,248423.7817,956039.0,2178341.0,400395.1305,1204132.0,1980658.0,307264.8887,956039.0,0,172,152,3.672519592,3.213454643,0.0,1173.0,170.3125,319.4027173,102018.0958,0,0,181.6666667,143.0,225.8571429,8,1144,7,1581,8192,62856,5,20,0
6,5589878,4,4,97.0,232.0,97.0,0.0,24.25,48.5,232.0,0.0,58.0,116.0,1.4311582471,2085733.53698022,5528275.0,61603.0,35240.9808225216,61227.0,5589644.0,3226721.74297836,5589112.0,0,92,92,0.7155791236,0.7155791236,0.0,232.0,36.5555555556,80.0048609634,6400.7777777778,0,0,41.125,24.25,58.0,4,97,4,232,8192,141,1,20,0
6,336,1,1,0.0,0.0,0.0,0.0,0.0,0.0,0.0,0.0,0.0,0.0,5952.380952,0.0,336.0,0.0,0.0,0.0,0.0,0.0,0.0,0,24,20,2976.190476,2976.190476,0.0,0.0,0.0,0.0,0.0,0,0,0.0,0.0,0.0,1,0,1,0,1024,0,0,24,0
6,110024645,16,15,596.0,768.0,293.0,0.0,37.25,99.8355314171,384.0,0.0,51.2,135.1164577054,0.2817550559,4869861.90308155,10001681.0,110003769.0,4538088.58560426,10022575.0,110003382.0,4239971.94299828,10035245.0,0,332,432,0.1454219643,0.1363330916,0.0,384.0,42.625,114.7900608263,13176.7580645161,0,0,44.0,37.25,51.2,16,596,15,768,8192,980,12,20,0
6,58549,3,0,0.0,0.0,0.0,0.0,0.0,0.0,0.0,0.0,0.0,0.0,51.23913303,18920.05614,42653.0,58549.0,18920.05614,42653.0,0.0,0.0,0.0,0,96,0,51.23913303,0.0,0.0,0.0,0.0,0.0,0.0,0,1,0.0,0.0,0.0,3,0,0,0,225,-1,0,32,1
6,1434173,11,5,364.0,582.0,103.0,0.0,33.090909090909086,46.27840650984981,409.0,0.0,116.4,167.03532560509467,11.156255207705067,139492.76134771123,286310.0,1434173.0,151104.3925540294,288962.0,1147974.0,1314.4351131442993,288961.0,0,232,112,7.669925455297235,3.486329752407834,0.0,409.0,55.647058823529406,100.05244948055406,10010.492647058823,0,0,59.125,33.09090909090909,116.4,11,364,5,582,8192,255,4,20,0
6,1860865,8,7,1128.0,1581.0,661.0,0.0,141.00000000000003,222.62332055996032,1173.0,0.0,225.8571428571429,430.0986044197418,8.060767438798623,245391.4652203587,951989.0,1860865.0,390939.3027979444,1144082.0,1719244.0,326585.4294965816,951989.0,0,172,152,4.299075967359266,3.7616914714393577,0.0,1173.0,169.3125,317.73127403515065,100953.1625,0,0,180.6,141.0,225.8571428571429,8,1128,7,1581,8192,62872,5,20,0
0,112639104,3,0,0.0,0.0,0.0,0.0,0.0,0.0,0.0,0.0,0.0,0.0,0.0266337345865251,145.6639969244288,56319655.0,112639104.0,145.6639969244288,56319655.0,0.0,0.0,0.0,0,0,0,0.0266337345865251,0.0,0.0,0.0,0.0,0.0,0.0,0,0,0.0,0.0,0.0,3,0,0,0,-1,-1,0,0,0
6,16649,2,0,0.0,0.0,0.0,0.0,0.0,0.0,0.0,0.0,0.0,0.0,120.127335,0.0,16649.0,16649.0,0.0,16649.0,0.0,0.0,0.0,0,40,0,120.127335,0.0,0.0,0.0,0.0,0.0,0.0,0,1,0.0,0.0,0.0,2,0,0,0,32738,-1,0,20,1
6,46498632,6,7,474.0,4806.0,240.0,0.0,79.0,122.4009803882,1460.0,0.0,686.5714285714,676.0221537649,0.2795781175,13265902.9090921,45997889.0,500743.0,191730.722437224,442796.0,46481799.0,18739966.0163715,45997925.0,0,132,152,0.1290360542,0.1505420633,0.0,1460.0,377.1428571429,565.8716703041,320210.747252747,0,0,406.1538461538,79.0,686.5714285714,6,474,7,4806,8192,31,2,20,0
6,70918,3,0,0.0,0.0,0.0,0.0,0.0,0.0,0.0,0.0,0.0,0.0,42.30237739,2513.0575,37236.0,70918.0,2513.0575,37236.0,0.0,0.0,0.0,0,96,0,42.30237739,0.0,0.0,0.0,0.0,0.0,0.0,0,1,0.0,0.0,0.0,3,0,0,0,225,-1,0,32,1
6,2006619,8,7,1128.0,1581.0,661.0,0.0,141.00000000000003,222.62332055996032,1173.0,0.0,225.8571428571429,430.0986044197418,7.475260624961689,241716.6099793673,935999.0,2006619.0,391628.8666728695,1163207.0,1844908.0,309432.27688763605,935999.0,0,172,152,3.986805666646234,3.488454958315455,0.0,1173.0,169.3125,317.73127403515065,100953.1625,0,0,180.6,141.0,225.8571428571429,8,1128,7,1581,8192,62872,5,20,0
6,832085,3,4,20.0,964.0,20.0,0.0,6.666666667,11.54700538,964.0,0.0,241.0,482.0,8.412602078,339530.7348,831745.0,314.0,219.2031022,312.0,832081.0,480111.2267,831745.0,0,72,92,3.605400891,4.807201187,0.0,964.0,123.0,339.8873763,115523.4286,0,0,140.5714286,6.666666667,241.0,3,20,4,964,8192,211,1,20,1
17,389,1,1,51.0,67.0,51.0,51.0,51.0,0.0,67.0,67.0,67.0,0.0,5141.388174807198,0.0,389.0,0.0,0.0,0.0,0.0,0.0,0.0,0,8,8,2570.694087403599,2570.694087403599,51.0,67.0,56.333333333333336,9.237604307034012,85.33333333333333,0,0,84.5,51.0,67.0,1,51,1,67,-1,-1,0,8,0
6,1220913,8,7,1128.0,1581.0,661.0,0.0,141.0,222.62332056,1173.0,0.0,225.8571428571,430.0986044197,12.2858876922,245674.861984905,937765.0,1220913.0,380501.195936109,1036746.0,1185404.0,363462.593858937,937765.0,0,172,152,6.5524734359,5.7334142564,0.0,1173.0,169.3125,317.7312740352,100953.1625,0,0,180.6,141.0,225.8571428571,8,1128,7,1581,8192,62872,5,20,0
6,1120,5,2,935.0,250.0,935.0,0.0,187.0,418.1447118,250.0,0.0,125.0,176.7766953,6250.0,213.233831,534.0,1120.0,387.7860235,837.0,534.0,0.0,534.0,0,124,40,4464.285714,1785.714286,0.0,935.0,148.125,329.7611419,108742.4107,0,0,169.2857143,187.0,125.0,5,935,2,250,65535,32768,1,20,0
6,2194351,9,8,1128.0,2754.0,661.0,0.0,125.33333333333331,213.483020402092,1173.0,0.0,344.25,520.2819977116806,7.747165334989707,238483.6957296295,953194.0,2194351.0,375559.4238018941,1157282.0,2045898.0,307494.9026365741,953194.0,0,204,172,4.101440471465139,3.645724863524568,0.0,1173.0,215.66666666666663,384.3769595837185,147745.64705882352,0,0,228.35294117647052,125.33333333333331,344.25,9,1128,8,2754,8192,62872,5,20,0
17,1806,1,1,30.0,122.0,30.0,30.0,30.0,0.0,122.0,122.0,122.0,0.0,1107.4197120708748,0.0,1806.0,0.0,0.0,0.0,0.0,0.0,0.0,0,8,8,553.7098560354374,553.7098560354374,30.0,122.0,60.66666666666667,53.11622476544557,2821.333333333333,0,0,91.0,30.0,122.0,1,30,1,122,-1,-1,0,8,0
6,3,1,1,0.0,0.0,0.0,0.0,0.0,0.0,0.0,0.0,0.0,0.0,666666.666666667,0.0,3.0,0.0,0.0,0.0,0.0,0.0,0.0,0,40,20,333333.333333333,333333.333333333,0.0,0.0,0.0,0.0,0.0,0,0,0.0,0.0,0.0,1,0,1,0,26883,0,0,40,1
6,190509,3,1,0.0,0.0,0.0,0.0,0.0,0.0,0.0,0.0,0.0,0.0,20.996383373,109904.696619389,190410.0,190509.0,134708.791563506,190508.0,0.0,0.0,0.0,0,72,32,15.7472875297,5.2490958432,0.0,0.0,0.0,0.0,0.0,0,0,0.0,0.0,0.0,3,0,1,0,8192,8192,0,20,0
17,291,1,1,36.0,68.0,36.0,36.0,36.0,0.0,68.0,68.0,68.0,0.0,6872.852233676976,0.0,291.0,0.0,0.0,0.0,0.0,0.0,0.0,0,8,8,3436.426116838488,3436.426116838488,36.0,68.0,46.66666666666666,18.475208614068023,341.3333333333333,0,0,70.0,36.0,68.0,1,36,1,68,-1,-1,0,8,0
17,409020,2,0,44.0,0.0,22.0,22.0,22.0,0.0,0.0,0.0,0.0,0.0,4.889736443205711,0.0,409020.0,409020.0,0.0,409020.0,0.0,0.0,0.0,0,16,0,4.889736443205711,0.0,22.0,22.0,22.0,0.0,0.0,0,0,33.0,22.0,0.0,2,44,0,0,-1,-1,1,8,0
6,53847726,2,0,0.0,0.0,0.0,0.0,0.0,0.0,0.0,0.0,0.0,0.0,0.0371417727,0.0,53847726.0,53847726.0,0.0,53847726.0,0.0,0.0,0.0,0,40,0,0.0371417727,0.0,0.0,0.0,0.0,0.0,0.0,0,1,0.0,0.0,0.0,2,0,0,0,279,-1,0,20,0
17,20328,1,1,55.0,113.0,55.0,55.0,55.0,0.0,113.0,113.0,113.0,0.0,98.38646202282568,0.0,20328.0,0.0,0.0,0.0,0.0,0.0,0.0,0,8,8,49.193231011412834,49.193231011412834,55.0,113.0,74.33333333333333,33.48631561299829,1121.3333333333333,0,0,111.5,55.0,113.0,1,55,1,113,-1,-1,0,8,0
6,294,3,0,77.0,0.0,46.0,0.0,25.66666667,23.45918441,0.0,0.0,0.0,0.0,10204.08163,175.3624817,271.0,294.0,175.3624817,271.0,0.0,0.0,0.0,1,60,0,10204.08163,0.0,0.0,46.0,30.75,21.68524844,470.25,1,1,41.0,25.66666667,0.0,3,77,0,0,258,-1,1,20,0
17,1067,1,1,34.0,79.0,34.0,34.0,34.0,0.0,79.0,79.0,79.0,0.0,1874.414245548266,0.0,1067.0,0.0,0.0,0.0,0.0,0.0,0.0,0,8,8,937.207122774133,937.207122774133,34.0,79.0,49.0,25.98076211353316,675.0,0,0,73.5,34.0,79.0,1,34,1,79,-1,-1,0,8,0
6,814,2,0,0.0,0.0,0.0,0.0,0.0,0.0,0.0,0.0,0.0,0.0,2457.002457,0.0,814.0,814.0,0.0,814.0,0.0,0.0,0.0,0,64,0,2457.002457,0.0,0.0,0.0,0.0,0.0,0.0,0,1,0.0,0.0,0.0,2,0,0,0,225,-1,0,32,1
17,292,1,1,42.0,58.0,42.0,42.0,42.0,0.0,58.0,58.0,58.0,0.0,6849.315068493151,0.0,292.0,0.0,0.0,0.0,0.0,0.0,0.0,0,8,8,3424.657534246576,3424.657534246576,42.0,58.0,47.333333333333336,9.237604307034012,85.33333333333333,0,0,71.0,42.0,58.0,1,42,1,58,-1,-1,0,8,0
6,89,2,0,0.0,0.0,0.0,0.0,0.0,0.0,0.0,0.0,0.0,0.0,22471.91011235955,0.0,89.0,89.0,0.0,89.0,0.0,0.0,0.0,0,40,0,22471.91011235955,0.0,0.0,0.0,0.0,0.0,0.0,0,1,0.0,0.0,0.0,2,0,0,0,279,-1,0,20,0
6,112314280,52,80,3854.0,87572.0,590.0,0.0,74.1153846153846,175.1409128859269,1460.0,0.0,1094.65,597.7743763856821,1.175273527106259,2700079.619605455,10168343.0,112293421.0,4001555.39550225,10189277.0,112293425.0,3383567.4265631926,10189286.0,0,1052,1732,0.4629865409812537,0.7122869861250056,0.0,1460.0,687.4135338345868,691.3571099307591,477974.6534518117,0,0,692.6212121212121,74.11538461538461,1094.65,52,3854,80,87572,8192,1187,19,20,0
6,484,3,0,77.0,0.0,46.0,0.0,25.6666666667,23.4591844132,0.0,0.0,0.0,0.0,6198.347107438,316.7838379716,466.0,484.0,316.7838379716,466.0,0.0,0.0,0.0,1,60,0,6198.347107438,0.0,0.0,46.0,30.75,21.6852484422,470.25,1,1,41.0,25.6666666667,0.0,3,77,0,0,255,-1,1,20,0
17,22860,1,1,34.0,66.0,34.0,34.0,34.0,0.0,66.0,66.0,66.0,0.0,87.48906386701663,0.0,22860.0,0.0,0.0,0.0,0.0,0.0,0.0,0,8,8,43.74453193350831,43.74453193350831,34.0,66.0,44.66666666666666,18.475208614068023,341.3333333333333,0,0,67.0,34.0,66.0,1,34,1,66,-1,-1,0,8,0
6,223490,3,1,0.0,0.0,0.0,0.0,0.0,0.0,0.0,0.0,0.0,0.0,17.8978925231554,128949.7403034738,223395.0,223490.0,157987.45390694795,223459.0,0.0,0.0,0.0,0,72,32,13.423419392366547,4.47447313078885,0.0,0.0,0.0,0.0,0.0,0,0,0.0,0.0,0.0,3,0,1,0,8192,8192,0,20,0
6,2213056,8,7,1128.0,1581.0,661.0,0.0,141.00000000000003,222.62332055996032,1173.0,0.0,225.8571428571429,430.0986044197418,6.777957720003471,248288.9649748126,954538.0,2213056.0,405912.6420292214,1221209.0,2009131.0,304742.7573416088,954538.0,0,172,152,3.614910784001851,3.16304693600162,0.0,1173.0,169.3125,317.73127403515065,100953.1625,0,0,180.6,141.0,225.8571428571429,8,1128,7,1581,8192,62872,5,20,0
6,271000,10,9,1973.0,5508.0,1413.0,0.0,197.3,441.4307671903061,1460.0,0.0,612.0,700.8254062175544,70.11070110701107,25254.29286564545,81045.0,271000.0,33026.05752827774,81045.0,253709.0,55303.78410958228,147532.0,0,212,184,36.90036900369003,33.21033210332103,0.0,1460.0,374.05,591.3811198773329,349731.6289473684,0,0,393.7368421052632,197.3,612.0,10,1973,9,5508,8192,65535,4,20,0
6,728,3,4,161.0,488.0,161.0,0.0,53.6666666667,92.9533933395,488.0,0.0,122.0,244.0,9615.3846153846,83.9992063455,200.0,371.0,71.4177848998,236.0,528.0,181.7498280604,363.0,0,72,92,4120.8791208791,5494.5054945055,0.0,488.0,81.125,173.7875858627,30202.125,0,0,92.7142857143,53.6666666667,122.0,3,161,4,488,8192,149,1,20,0
6,73,2,0,0.0,0.0,0.0,0.0,0.0,0.0,0.0,0.0,0.0,0.0,27397.260273972603,0.0,73.0,73.0,0.0,73.0,0.0,0.0,0.0,0,40,0,27397.260273972603,0.0,0.0,0.0,0.0,0.0,0.0,0,1,0.0,0.0,0.0,2,0,0,0,2239,-1,0,20,0
6,105,2,0,0.0,0.0,0.0,0.0,0.0,0.0,0.0,0.0,0.0,0.0,19047.61905,0.0,105.0,105.0,0.0,105.0,0.0,0.0,0.0,0,40,0,19047.61905,0.0,0.0,0.0,0.0,0.0,0.0,0,1,0.0,0.0,0.0,2,0,0,0,258,-1,0,20,0
17,27494,1,1,40.0,139.0,40.0,40.0,40.0,0.0,139.0,139.0,139.0,0.0,72.7431439586819,0.0,27494.0,0.0,0.0,0.0,0.0,0.0,0.0,0,8,8,36.37157197934095,36.37157197934095,40.0,139.0,73.0,57.15767664977295,3267.0,0,0,109.5,40.0,139.0,1,40,1,139,-1,-1,0,8,0
6,698,3,4,161.0,488.0,161.0,0.0,53.66666666666666,92.95339333952974,488.0,0.0,122.0,244.0,10028.65329512894,93.08848836814715,256.0,378.0,124.45079348883236,277.0,442.0,129.40762471096258,267.0,0,72,92,4297.994269340974,5730.659025787965,0.0,488.0,81.125,173.78758586274222,30202.125,0,0,92.71428571428572,53.66666666666666,122.0,3,161,4,488,8192,149,1,20,0
6,1,1,1,0.0,0.0,0.0,0.0,0.0,0.0,0.0,0.0,0.0,0.0,2000000.0,0.0,1.0,0.0,0.0,0.0,0.0,0.0,0.0,0,40,20,1000000.0,1000000.0,0.0,0.0,0.0,0.0,0.0,0,0,0.0,0.0,0.0,1,0,1,0,26883,0,0,40,1
6,28498361,8,4,600.0,152.0,517.0,0.0,75.0,179.62341559098422,152.0,0.0,38.0,76.0,0.4210768471913174,4922068.974720477,14228323.0,28498361.0,5777327.796959043,14228323.0,24277600.0,7319037.414810867,14249282.0,0,172,104,0.2807178981275449,0.1403589490637724,0.0,517.0,57.846153846153854,144.46905444526067,20871.30769230769,0,0,62.66666666666666,75.0,38.0,8,600,4,152,8192,946,4,20,0
17,1520,1,1,29.0,83.0,29.0,29.0,29.0,0.0,83.0,83.0,83.0,0.0,1315.789474,0.0,1520.0,0.0,0.0,0.0,0.0,0.0,0.0,0,8,8,657.8947368,657.8947368,29.0,83.0,47.0,31.17691454,972.0,0,0,70.5,29.0,83.0,1,29,1,83,-1,-1,0,8,0
6,525296,10,8,511.0,4784.0,194.0,0.0,51.1,80.54184557662488,1460.0,0.0,598.0,718.2540338507381,34.266394566111295,109317.6027834318,454141.0,525296.0,148666.31184113113,454141.0,490072.0,177231.09878885464,471672.0,0,212,172,19.03688587006184,15.229508696049466,0.0,1460.0,278.6842105263158,531.2938141547145,282273.1169590643,0,0,294.1666666666667,51.1,598.0,10,511,8,4784,8192,30,4,20,0
6,168,2,0,0.0,0.0,0.0,0.0,0.0,0.0,0.0,0.0,0.0,0.0,11904.7619047619,0.0,168.0,168.0,0.0,168.0,0.0,0.0,0.0,0,40,0,11904.7619047619,0.0,0.0,0.0,0.0,0.0,0.0,0,1,0.0,0.0,0.0,2,0,0,0,254,-1,0,20,0
17,58173,1,1,36.0,207.0,36.0,36.0,36.0,0.0,207.0,207.0,207.0,0.0,34.3802107506919,0.0,58173.0,0.0,0.0,0.0,0.0,0.0,0.0,0,8,8,17.19010537534595,17.19010537534595,36.0,207.0,93.0,98.726896031426,9747.0,0,0,139.5,36.0,207.0,1,36,1,207,-1,-1,0,8,0
6,116421553,20,23,1811.0,7683.0,927.0,0.0,90.55,208.54041006859785,1430.0,0.0,334.04347826086945,529.3349582482866,0.3693474179991397,12509041.12157162,58061404.0,116421553.0,18304347.623840205,58078503.0,116359395.0,17087092.661262814,58123458.0,0,424,472,0.1717894967437859,0.1975579212553538,0.0,1430.0,215.77272727272728,422.4097461677528,178429.99365750534,0,0,220.7906976744186,90.55,334.0434782608696,20,1811,23,7683,8192,190,10,20,0
6,86,2,0,0.0,0.0,0.0,0.0,0.0,0.0,0.0,0.0,0.0,0.0,23255.81395,0.0,86.0,86.0,0.0,86.0,0.0,0.0,0.0,0,40,0,23255.81395,0.0,0.0,0.0,0.0,0.0,0.0,0,1,0.0,0.0,0.0,2,0,0,0,278,-1,0,20,0
6,95,2,0,0.0,0.0,0.0,0.0,0.0,0.0,0.0,0.0,0.0,0.0,21052.63158,0.0,95.0,95.0,0.0,95.0,0.0,0.0,0.0,0,40,0,21052.63158,0.0,0.0,0.0,0.0,0.0,0.0,0,1,0.0,0.0,0.0,2,0,0,0,278,-1,0,20,0
6,23,2,0,0.0,0.0,0.0,0.0,0.0,0.0,0.0,0.0,0.0,0.0,86956.52173913043,0.0,23.0,23.0,0.0,23.0,0.0,0.0,0.0,0,40,0,86956.52173913043,0.0,0.0,0.0,0.0,0.0,0.0,0,1,0.0,0.0,0.0,2,0,0,0,131,-1,0,20,0
6,88361950,2,0,0.0,0.0,0.0,0.0,0.0,0.0,0.0,0.0,0.0,0.0,0.0226341768147941,0.0,88361950.0,88361950.0,0.0,88361950.0,0.0,0.0,0.0,0,40,0,0.0226341768147941,0.0,0.0,0.0,0.0,0.0,0.0,0,1,0.0,0.0,0.0,2,0,0,0,64000,-1,0,20,0
17,34031,1,1,42.0,58.0,42.0,42.0,42.0,0.0,58.0,58.0,58.0,0.0,58.7699450501,0.0,34031.0,0.0,0.0,0.0,0.0,0.0,0.0,0,8,8,29.3849725251,29.3849725251,42.0,58.0,47.3333333333,9.237604307,85.3333333333,0,0,71.0,42.0,58.0,1,42,1,58,-1,-1,0,8,0
6,91,2,0,0.0,0.0,0.0,0.0,0.0,0.0,0.0,0.0,0.0,0.0,21978.021978021978,0.0,91.0,91.0,0.0,91.0,0.0,0.0,0.0,0,40,0,21978.021978021978,0.0,0.0,0.0,0.0,0.0,0.0,0,1,0.0,0.0,0.0,2,0,0,0,123,-1,0,20,0
6,2,1,1,0.0,0.0,0.0,0.0,0.0,0.0,0.0,0.0,0.0,0.0,1000000.0,0.0,2.0,0.0,0.0,0.0,0.0,0.0,0.0,0,24,20,500000.0,500000.0,0.0,0.0,0.0,0.0,0.0,0,0,0.0,0.0,0.0,1,0,1,0,1024,0,0,24,1
6,5047599,4,3,380.0,467.0,380.0,0.0,95.0,190.0,467.0,0.0,155.6666666667,269.6225757116,1.3867979608,1994392.56601821,4911774.0,135825.0,59034.8338779741,112094.0,5024079.0,3517998.36486609,4999640.0,0,92,68,0.7924559776,0.5943419832,0.0,467.0,105.875,197.4164832458,38973.2678571429,0,0,121.0,95.0,155.6666666667,4,380,3,467,8192,15544,1,20,0
6,1101,3,4,161.0,488.0,161.0,0.0,53.6666666667,92.9533933395,488.0,0.0,122.0,244.0,6357.8564940963,137.000364963,377.0,702.0,36.7695526217,377.0,836.0,312.4489291602,617.0,0,72,92,2724.795640327,3633.0608537693,0.0,488.0,81.125,173.7875858627,30202.125,0,0,92.7142857143,53.6666666667,122.0,3,161,4,488,8192,149,1,20,0
6,4526586,2,0,0.0,0.0,0.0,0.0,0.0,0.0,0.0,0.0,0.0,0.0,0.4418340886487079,0.0,4526586.0,4526586.0,0.0,4526586.0,0.0,0.0,0.0,0,40,0,0.4418340886487079,0.0,0.0,0.0,0.0,0.0,0.0,0,1,0.0,0.0,0.0,2,0,0,0,237,-1,0,20,0
6,2,1,1,0.0,0.0,0.0,0.0,0.0,0.0,0.0,0.0,0.0,0.0,1000000.0,0.0,2.0,0.0,0.0,0.0,0.0,0.0,0.0,0,40,20,500000.0,500000.0,0.0,0.0,0.0,0.0,0.0,0,0,0.0,0.0,0.0,1,0,1,0,26883,0,0,40,1
17,1032,1,1,45.0,73.0,45.0,45.0,45.0,0.0,73.0,73.0,73.0,0.0,1937.984496124,0.0,1032.0,0.0,0.0,0.0,0.0,0.0,0.0,0,8,8,968.992248062,968.992248062,45.0,73.0,54.3333333333,16.1658075373,261.3333333333,0,0,81.5,45.0,73.0,1,45,1,73,-1,-1,0,8,0
6,4292409,5,3,935.0,375.0,935.0,0.0,187.0,418.1447118,375.0,0.0,125.0,216.5063509,1.863755295,1562017.107,4153600.0,4292409.0,2054705.547,4153608.0,138477.0,97541.84493,138211.0,0,168,104,1.164847059,0.698908235,0.0,935.0,145.5555556,320.969668,103021.5278,0,1,163.75,187.0,125.0,5,935,3,375,237,211,1,32,0
6,623310,5,4,286.0,170.0,103.0,0.0,57.2,52.48523601928451,131.0,0.0,42.5,61.7980582219215,14.439043172739083,76875.07316930317,162945.0,623246.0,110931.30113573297,257817.0,623260.0,47351.56316673541,257340.0,0,112,92,8.021690651521714,6.417352521217372,0.0,131.0,45.6,52.98469380658699,2807.3777777777777,0,0,50.66666666666666,57.2,42.5,5,286,4,170,8192,0,3,20,0
6,2361,2,0,0.0,0.0,0.0,0.0,0.0,0.0,0.0,0.0,0.0,0.0,847.098687,0.0,2361.0,2361.0,0.0,2361.0,0.0,0.0,0.0,0,40,0,847.098687,0.0,0.0,0.0,0.0,0.0,0.0,0,1,0.0,0.0,0.0,2,0,0,0,32738,-1,0,20,1
6,2,1,1,0.0,0.0,0.0,0.0,0.0,0.0,0.0,0.0,0.0,0.0,1000000.0,0.0,2.0,0.0,0.0,0.0,0.0,0.0,0.0,0,40,20,500000.0,500000.0,0.0,0.0,0.0,0.0,0.0,0,0,0.0,0.0,0.0,1,0,1,0,26883,0,0,40,1
17,2509,1,1,47.0,107.0,47.0,47.0,47.0,0.0,107.0,107.0,107.0,0.0,797.1303308,0.0,2509.0,0.0,0.0,0.0,0.0,0.0,0.0,0,8,8,398.5651654,398.5651654,47.0,107.0,67.0,34.64101615,1200.0,0,0,100.5,47.0,107.0,1,47,1,107,-1,-1,0,8,0
17,2330,1,1,34.0,79.0,34.0,34.0,34.0,0.0,79.0,79.0,79.0,0.0,858.3690987124463,0.0,2330.0,0.0,0.0,0.0,0.0,0.0,0.0,0,8,8,429.1845493562232,429.1845493562232,34.0,79.0,49.0,25.98076211353316,675.0,0,0,73.5,34.0,79.0,1,34,1,79,-1,-1,0,8,0
6,1330,5,2,935.0,312.0,935.0,0.0,187.0,418.1447118,312.0,0.0,156.0,220.6173157,5263.157895,304.1405377,792.0,1330.0,517.355777,1097.0,792.0,0.0,792.0,0,124,40,3759.398496,1503.759398,0.0,935.0,155.875,333.2079735,111027.5536,0,0,178.1428571,187.0,156.0,5,935,2,312,65535,32768,1,20,0
17,230,1,1,35.0,51.0,35.0,35.0,35.0,0.0,51.0,51.0,51.0,0.0,8695.6521739131,0.0,230.0,0.0,0.0,0.0,0.0,0.0,0.0,0,8,8,4347.8260869565,4347.8260869565,35.0,51.0,40.3333333333,9.237604307,85.3333333333,0,0,60.5,35.0,51.0,1,35,1,51,-1,-1,0,8,0
